[INFO] Scanning for projects...
Downloading from central: https://repo.maven.apache.org/maven2/org/springframework/boot/maven-metadata.xml
Downloading from central: https://repo.maven.apache.org/maven2/io/github/git-commit-id/maven-metadata.xml
Downloading from central: https://repo.maven.apache.org/maven2/org/flywaydb/maven-metadata.xml
Downloading from central: https://repo.maven.apache.org/maven2/org/cyclonedx/maven-metadata.xml
Progress (1): 243 BProgress (2): 243 B | 249 BProgress (3): 243 B | 249 B | 255 BProgress (4): 243 B | 249 B | 255 B | 234 B                                           Downloaded from central: https://repo.maven.apache.org/maven2/io/github/git-commit-id/maven-metadata.xml (255 B at 304 B/s)
Downloaded from central: https://repo.maven.apache.org/maven2/org/springframework/boot/maven-metadata.xml (249 B at 297 B/s)
Downloading from central: https://repo.maven.apache.org/maven2/org/jooq/maven-metadata.xml
Downloading from central: https://repo.maven.apache.org/maven2/org/jetbrains/kotlin/maven-metadata.xml
Downloaded from central: https://repo.maven.apache.org/maven2/org/cyclonedx/maven-metadata.xml (243 B at 273 B/s)
Downloading from central: https://repo.maven.apache.org/maven2/org/liquibase/maven-metadata.xml
Downloaded from central: https://repo.maven.apache.org/maven2/org/flywaydb/maven-metadata.xml (234 B at 263 B/s)
Downloading from central: https://repo.maven.apache.org/maven2/org/graalvm/buildtools/maven-metadata.xml
Progress (1): 375 BProgress (2): 375 B | 398 BProgress (3): 375 B | 398 B | 394 BProgress (4): 375 B | 398 B | 394 B | 242 B                                           Downloaded from central: https://repo.maven.apache.org/maven2/org/jetbrains/kotlin/maven-metadata.xml (375 B at 4.8 kB/s)
Downloading from central: https://repo.maven.apache.org/maven2/org/apache/maven/plugins/maven-metadata.xml
Downloaded from central: https://repo.maven.apache.org/maven2/org/jooq/maven-metadata.xml (398 B at 4.3 kB/s)
Downloading from central: https://repo.maven.apache.org/maven2/org/codehaus/mojo/maven-metadata.xml
Downloaded from central: https://repo.maven.apache.org/maven2/org/liquibase/maven-metadata.xml (394 B at 4.2 kB/s)
Downloaded from central: https://repo.maven.apache.org/maven2/org/graalvm/buildtools/maven-metadata.xml (242 B at 2.8 kB/s)
Progress (1): 4.1 kBProgress (1): 8.2 kBProgress (1): 12 kB Progress (1): 16 kBProgress (1): 20 kBProgress (2): 20 kB | 4.1 kBProgress (2): 20 kB | 8.2 kBProgress (2): 20 kB | 10 kB                            Downloaded from central: https://repo.maven.apache.org/maven2/org/codehaus/mojo/maven-metadata.xml (20 kB at 236 kB/s)
Downloaded from central: https://repo.maven.apache.org/maven2/org/apache/maven/plugins/maven-metadata.xml (10 kB at 101 kB/s)
[INFO] 
[INFO] ------------------------< com.example:projeto >-------------------------
[INFO] Building projeto 0.0.1-SNAPSHOT
[INFO]   from pom.xml
[INFO] --------------------------------[ jar ]---------------------------------
[INFO] 
[INFO] >>> spring-boot:4.0.3:run (default-cli) > test-compile @ projeto >>>
[INFO] 
[INFO] --- resources:3.3.1:resources (default-resources) @ projeto ---
[INFO] Copying 1 resource from src\main\resources to target\classes
[INFO] Copying 20 resources from src\main\resources to target\classes
[INFO] 
[INFO] --- compiler:3.14.1:compile (default-compile) @ projeto ---
[INFO] Nothing to compile - all classes are up to date.
[INFO] 
[INFO] --- resources:3.3.1:testResources (default-testResources) @ projeto ---
[INFO] skip non existing resourceDirectory C:\Users\sabrina.00858\IdeaProjects\projetoMichele\projeto\src\test\resources
[INFO] 
[INFO] --- compiler:3.14.1:testCompile (default-testCompile) @ projeto ---
[INFO] Nothing to compile - all classes are up to date.
[INFO] 
[INFO] <<< spring-boot:4.0.3:run (default-cli) < test-compile @ projeto <<<
[INFO] 
[INFO] 
[INFO] --- spring-boot:4.0.3:run (default-cli) @ projeto ---
[INFO] Attaching agents: []

  .   ____          _            __ _ _
 /\\ / ___'_ __ _ _(_)_ __  __ _ \ \ \ \
( ( )\___ | '_ | '_| | '_ \/ _` | \ \ \ \
 \\/  ___)| |_)| | | | | || (_| |  ) ) ) )
  '  |____| .__|_| |_|_| |_\__, | / / / /
 =========|_|==============|___/=/_/_/_/

 :: Spring Boot ::                (v4.0.3)

2026-10-01T09:18:11.429-03:00  INFO 12700 --- [projeto] [  restartedMain] com.example.projeto.ProjetoApplication   : Starting ProjetoApplication using Java 25.0.2 with PID 12700 (C:\Users\sabrina.00858\IdeaProjects\projetoMichele\projeto\target\classes started by Sabrina.00858 in C:\Users\sabrina.00858\IdeaProjects\projetoMichele\projeto)
2026-10-01T09:18:11.436-03:00  INFO 12700 --- [projeto] [  restartedMain] com.example.projeto.ProjetoApplication   : No active profile set, falling back to 1 default profile: "default"
2026-10-01T09:18:11.563-03:00  INFO 12700 --- [projeto] [  restartedMain] .e.DevToolsPropertyDefaultsPostProcessor : Devtools property defaults active! Set 'spring.devtools.add-properties' to 'false' to disable
2026-10-01T09:18:11.563-03:00  INFO 12700 --- [projeto] [  restartedMain] .e.DevToolsPropertyDefaultsPostProcessor : For additional web related logging consider setting the 'logging.level.web' property to 'DEBUG'
2026-10-01T09:18:13.131-03:00  INFO 12700 --- [projeto] [  restartedMain] .s.d.r.c.RepositoryConfigurationDelegate : Bootstrapping Spring Data JPA repositories in DEFAULT mode.
2026-10-01T09:18:13.303-03:00  INFO 12700 --- [projeto] [  restartedMain] .s.d.r.c.RepositoryConfigurationDelegate : Finished Spring Data repository scanning in 151 ms. Found 9 JPA repository interfaces.
2026-10-01T09:18:14.581-03:00  INFO 12700 --- [projeto] [  restartedMain] o.s.boot.tomcat.TomcatWebServer          : Tomcat initialized with port 8080 (http)
2026-10-01T09:18:14.613-03:00  INFO 12700 --- [projeto] [  restartedMain] o.apache.catalina.core.StandardService   : Starting service [Tomcat]
2026-10-01T09:18:14.614-03:00  INFO 12700 --- [projeto] [  restartedMain] o.apache.catalina.core.StandardEngine    : Starting Servlet engine: [Apache Tomcat/11.0.18]
2026-10-01T09:18:14.713-03:00  INFO 12700 --- [projeto] [  restartedMain] b.w.c.s.WebApplicationContextInitializer : Root WebApplicationContext: initialization completed in 3148 ms
2026-10-01T09:18:15.085-03:00  INFO 12700 --- [projeto] [  restartedMain] org.hibernate.orm.jpa                    : HHH008540: Processing PersistenceUnitInfo [name: default]
2026-10-01T09:18:15.221-03:00  INFO 12700 --- [projeto] [  restartedMain] org.hibernate.orm.core                   : HHH000001: Hibernate ORM core version 7.2.4.Final
2026-10-01T09:18:16.512-03:00  INFO 12700 --- [projeto] [  restartedMain] o.s.o.j.p.SpringPersistenceUnitInfo      : No LoadTimeWeaver setup: ignoring JPA class transformer
2026-10-01T09:18:16.600-03:00  INFO 12700 --- [projeto] [  restartedMain] com.zaxxer.hikari.HikariDataSource       : HikariPool-1 - Starting...
2026-10-01T09:18:21.226-03:00  INFO 12700 --- [projeto] [  restartedMain] com.zaxxer.hikari.pool.HikariPool        : HikariPool-1 - Added connection conn1: url=jdbc:h2:file:C:/Users/sabrina.00858/IdeaProjects/projetoMichele/data/fichatecnica user=SA
2026-10-01T09:18:21.229-03:00  INFO 12700 --- [projeto] [  restartedMain] com.zaxxer.hikari.HikariDataSource       : HikariPool-1 - Start completed.
2026-10-01T09:18:21.281-03:00  WARN 12700 --- [projeto] [  restartedMain] org.hibernate.orm.deprecation            : HHH90000025: H2Dialect does not need to be specified explicitly using 'hibernate.dialect' (remove the property setting and it will be selected by default)
2026-10-01T09:18:21.325-03:00  INFO 12700 --- [projeto] [  restartedMain] org.hibernate.orm.connections.pooling    : HHH10001005: Database info:
	Database JDBC URL [jdbc:h2:file:C:/Users/sabrina.00858/IdeaProjects/projetoMichele/data/fichatecnica]
	Database driver: H2 JDBC Driver
	Database dialect: H2Dialect
	Database version: 2.4.240
	Default catalog/schema: FICHATECNICA/PUBLIC
	Autocommit mode: undefined/unknown
	Isolation level: READ_COMMITTED [default READ_COMMITTED]
	JDBC fetch size: 100
	Pool: DataSourceConnectionProvider
	Minimum pool size: undefined/unknown
	Maximum pool size: undefined/unknown
2026-10-01T09:18:23.413-03:00  INFO 12700 --- [projeto] [  restartedMain] org.hibernate.orm.core                   : HHH000489: No JTA platform available (set 'hibernate.transaction.jta.platform' to enable JTA platform integration)
Hibernate: alter table if exists bandeira_novidade drop constraint if exists UKetc6d16nj79sbjrmo7u9xqqe8
Hibernate: alter table if exists bandeira_novidade add constraint UKetc6d16nj79sbjrmo7u9xqqe8 unique (colecao, fornecedor, insumo)
Hibernate: alter table if exists quadro_planejamento drop constraint if exists UKh1daplshg0w4l5q3sn1570ag
Hibernate: alter table if exists quadro_planejamento add constraint UKh1daplshg0w4l5q3sn1570ag unique (colecao, tipo_solicitacao)
2026-10-01T09:18:23.533-03:00  INFO 12700 --- [projeto] [  restartedMain] j.LocalContainerEntityManagerFactoryBean : Initialized JPA EntityManagerFactory for persistence unit 'default'
2026-10-01T09:18:23.711-03:00  INFO 12700 --- [projeto] [  restartedMain] o.s.d.j.r.query.QueryEnhancerFactories   : Hibernate is in classpath; If applicable, HQL parser will be used.
Hibernate: select ft1_0.id,ft1_0.categoria_produto,ft1_0.codigo,ft1_0.codigo_siscomex,ft1_0.colecao,ft1_0.composicao,ft1_0.contrato_cambio_adiant,ft1_0.contrato_cambio_pgto_final,ft1_0.cor,ft1_0.data_amostra_cor,ft1_0.data_amostra_producao,ft1_0.data_aprovacao_amostra_cor,ft1_0.data_aprovacao_amostra_producao,ft1_0.data_chegada_destino,ft1_0.data_colocacao_pedido,ft1_0.data_saida_origem,ft1_0.descricao,ft1_0.descricao_produto,ft1_0.duimp_di,ft1_0.estagio,ft1_0.fornecedor,ft1_0.foto_path,ft1_0.gramatura,ft1_0.largura,ft1_0.marca,ft1_0.marca_que_comprou,ft1_0.marca_que_utiliza,ft1_0.minimo,ft1_0.minimo_compra,ft1_0.ncm,ft1_0.nome_navio,ft1_0.numero_pedido,ft1_0.observacao_amostra_cor,ft1_0.observacao_amostra_producao,ft1_0.preco_reais,ft1_0.preco_usd,ft1_0.qti_pct,ft1_0.quantidade_comprada,ft1_0.ref_fornecedor,ft1_0.ref_texcotton,ft1_0.referencia,ft1_0.rendimento,ft1_0.status_amostra_cor,ft1_0.status_amostra_producao,ft1_0.status_colecao,ft1_0.status_pedido,ft1_0.tipo,ft1_0.tipo_solicitacao,ft1_0.unidade_medida from ficha_tecnica ft1_0
Hibernate: select m1_0.id,m1_0.nome from marca m1_0
Hibernate: select c1_0.id,c1_0.nome from colecao c1_0
Hibernate: select i1_0.id,i1_0.nome from insumo i1_0
Hibernate: select f1_0.id,f1_0.nome from fornecedor f1_0
Hibernate: select c1_0.id,c1_0.nome from categoria c1_0
Hibernate: select bn1_0.id,bn1_0.colecao,bn1_0.fornecedor,bn1_0.insumo,bn1_0.quantidade from bandeira_novidade bn1_0
Hibernate: select qp1_0.id,qp1_0.anime_aprovado,qp1_0.anime_cancelado,qp1_0.anime_cotado,qp1_0.authoria_aprovado,qp1_0.authoria_cancelado,qp1_0.authoria_cotado,qp1_0.bimbi_aprovado,qp1_0.bimbi_cancelado,qp1_0.bimbi_cotado,qp1_0.colecao,qp1_0.momi_aprovado,qp1_0.momi_cancelado,qp1_0.momi_cotado,qp1_0.tipo_solicitacao,qp1_0.youcciecancelado,qp1_0.youcciecotado,qp1_0.youcciee_aprovado from quadro_planejamento qp1_0
Hibernate: select cp1_0.id,cp1_0.colecao,cp1_0.insumo,cp1_0.marca from cadastro_previo cp1_0
2026-10-01T09:18:28.121-03:00  INFO 12700 --- [projeto] [  restartedMain] c.e.projeto.service.CsvBackupService     : Backup CSV concluído em C:\Users\sabrina.00858\IdeaProjects\projetoMichele\backups (131 registros no total).
2026-10-01T09:18:28.340-03:00  WARN 12700 --- [projeto] [  restartedMain] JpaBaseConfiguration$JpaWebConfiguration : spring.jpa.open-in-view is enabled by default. Therefore, database queries may be performed during view rendering. Explicitly configure spring.jpa.open-in-view to disable this warning
2026-10-01T09:18:29.463-03:00  INFO 12700 --- [projeto] [  restartedMain] o.s.boot.tomcat.TomcatWebServer          : Tomcat started on port 8080 (http) with context path '/'
2026-10-01T09:18:29.480-03:00  INFO 12700 --- [projeto] [  restartedMain] com.example.projeto.ProjetoApplication   : Started ProjetoApplication in 18.955 seconds (process running for 20.103)
Hibernate: select ft1_0.id,ft1_0.categoria_produto,ft1_0.codigo,ft1_0.codigo_siscomex,ft1_0.colecao,ft1_0.composicao,ft1_0.contrato_cambio_adiant,ft1_0.contrato_cambio_pgto_final,ft1_0.cor,ft1_0.data_amostra_cor,ft1_0.data_amostra_producao,ft1_0.data_aprovacao_amostra_cor,ft1_0.data_aprovacao_amostra_producao,ft1_0.data_chegada_destino,ft1_0.data_colocacao_pedido,ft1_0.data_saida_origem,ft1_0.descricao,ft1_0.descricao_produto,ft1_0.duimp_di,ft1_0.estagio,ft1_0.fornecedor,ft1_0.foto_path,ft1_0.gramatura,ft1_0.largura,ft1_0.marca,ft1_0.marca_que_comprou,ft1_0.marca_que_utiliza,ft1_0.minimo,ft1_0.minimo_compra,ft1_0.ncm,ft1_0.nome_navio,ft1_0.numero_pedido,ft1_0.observacao_amostra_cor,ft1_0.observacao_amostra_producao,ft1_0.preco_reais,ft1_0.preco_usd,ft1_0.qti_pct,ft1_0.quantidade_comprada,ft1_0.ref_fornecedor,ft1_0.ref_texcotton,ft1_0.referencia,ft1_0.rendimento,ft1_0.status_amostra_cor,ft1_0.status_amostra_producao,ft1_0.status_colecao,ft1_0.status_pedido,ft1_0.tipo,ft1_0.tipo_solicitacao,ft1_0.unidade_medida from ficha_tecnica ft1_0
Hibernate: select m1_0.id,m1_0.nome from marca m1_0
Hibernate: select c1_0.id,c1_0.nome from colecao c1_0
Hibernate: select i1_0.id,i1_0.nome from insumo i1_0
Hibernate: select f1_0.id,f1_0.nome from fornecedor f1_0
Hibernate: select c1_0.id,c1_0.nome from categoria c1_0
Hibernate: select bn1_0.id,bn1_0.colecao,bn1_0.fornecedor,bn1_0.insumo,bn1_0.quantidade from bandeira_novidade bn1_0
Hibernate: select qp1_0.id,qp1_0.anime_aprovado,qp1_0.anime_cancelado,qp1_0.anime_cotado,qp1_0.authoria_aprovado,qp1_0.authoria_cancelado,qp1_0.authoria_cotado,qp1_0.bimbi_aprovado,qp1_0.bimbi_cancelado,qp1_0.bimbi_cotado,qp1_0.colecao,qp1_0.momi_aprovado,qp1_0.momi_cancelado,qp1_0.momi_cotado,qp1_0.tipo_solicitacao,qp1_0.youcciecancelado,qp1_0.youcciecotado,qp1_0.youcciee_aprovado from quadro_planejamento qp1_0
Hibernate: select cp1_0.id,cp1_0.colecao,cp1_0.insumo,cp1_0.marca from cadastro_previo cp1_0
2026-10-01T09:18:29.736-03:00  INFO 12700 --- [projeto] [   scheduling-1] c.e.projeto.service.CsvBackupService     : Backup CSV concluído em C:\Users\sabrina.00858\IdeaProjects\projetoMichele\backups (131 registros no total).
2026-10-01T09:20:11.975-03:00  INFO 12700 --- [projeto] [nio-8080-exec-1] o.a.c.c.C.[Tomcat].[localhost].[/]       : Initializing Spring DispatcherServlet 'dispatcherServlet'
2026-10-01T09:20:11.976-03:00  INFO 12700 --- [projeto] [nio-8080-exec-1] o.s.web.servlet.DispatcherServlet        : Initializing Servlet 'dispatcherServlet'
2026-10-01T09:20:11.979-03:00  INFO 12700 --- [projeto] [nio-8080-exec-1] o.s.web.servlet.DispatcherServlet        : Completed initialization in 3 ms
Hibernate: select i1_0.id,i1_0.nome from insumo i1_0
Hibernate: select count(*) from ficha_tecnica ft1_0
Hibernate: select ft1_0.tipo,count(ft1_0.id) from ficha_tecnica ft1_0 where ft1_0.tipo is not null group by ft1_0.tipo order by count(ft1_0.id) desc
Hibernate: select count(ft1_0.id) from ficha_tecnica ft1_0 where ft1_0.status_pedido=?
Hibernate: select count(ft1_0.id) from ficha_tecnica ft1_0 where ft1_0.status_pedido=?
Hibernate: select count(ft1_0.id) from ficha_tecnica ft1_0 where ft1_0.status_pedido=?
Hibernate: select count(ft1_0.id) from ficha_tecnica ft1_0 where ft1_0.status_pedido=?
Hibernate: select count(ft1_0.id) from ficha_tecnica ft1_0 where ft1_0.status_amostra_cor=?
Hibernate: select count(ft1_0.id) from ficha_tecnica ft1_0 where ft1_0.status_amostra_cor=?
Hibernate: select count(ft1_0.id) from ficha_tecnica ft1_0 where ft1_0.status_amostra_cor=?
Hibernate: select count(ft1_0.id) from ficha_tecnica ft1_0 where ft1_0.status_amostra_cor=?
Hibernate: select count(ft1_0.id) from ficha_tecnica ft1_0 where ft1_0.status_amostra_producao=?
Hibernate: select count(ft1_0.id) from ficha_tecnica ft1_0 where ft1_0.status_amostra_producao=?
Hibernate: select count(ft1_0.id) from ficha_tecnica ft1_0 where ft1_0.status_amostra_producao=?
Hibernate: select count(ft1_0.id) from ficha_tecnica ft1_0 where ft1_0.status_amostra_producao=?
Hibernate: select ft1_0.marca,count(ft1_0.id) from ficha_tecnica ft1_0 where ft1_0.marca is not null group by ft1_0.marca order by count(ft1_0.id) desc
Hibernate: select c1_0.id,c1_0.nome from colecao c1_0
Hibernate: select ft1_0.colecao,count(ft1_0.id) from ficha_tecnica ft1_0 where ft1_0.colecao is not null and ft1_0.colecao<>'' group by ft1_0.colecao order by ft1_0.colecao
Hibernate: select ft1_0.colecao,ft1_0.tipo,count(ft1_0.id) from ficha_tecnica ft1_0 where ft1_0.colecao is not null and ft1_0.colecao<>'' group by ft1_0.colecao,ft1_0.tipo order by ft1_0.colecao
Hibernate: select ft1_0.colecao,ft1_0.status_pedido,count(ft1_0.id) from ficha_tecnica ft1_0 where ft1_0.colecao is not null and ft1_0.colecao<>'' group by ft1_0.colecao,ft1_0.status_pedido order by ft1_0.colecao
Hibernate: select ft1_0.colecao,ft1_0.status_amostra_cor,count(ft1_0.id) from ficha_tecnica ft1_0 where ft1_0.colecao is not null and ft1_0.colecao<>'' group by ft1_0.colecao,ft1_0.status_amostra_cor order by ft1_0.colecao
Hibernate: select ft1_0.colecao,ft1_0.status_amostra_producao,count(ft1_0.id) from ficha_tecnica ft1_0 where ft1_0.colecao is not null and ft1_0.colecao<>'' group by ft1_0.colecao,ft1_0.status_amostra_producao order by ft1_0.colecao
Hibernate: select ft1_0.fornecedor,ft1_0.colecao,count(ft1_0.id) from ficha_tecnica ft1_0 where ft1_0.fornecedor is not null and ft1_0.colecao is not null and ft1_0.colecao<>'' group by ft1_0.fornecedor,ft1_0.colecao order by ft1_0.fornecedor,ft1_0.colecao
Hibernate: select qp1_0.colecao,sum(((((coalesce(qp1_0.anime_cotado,0)+coalesce(qp1_0.momi_cotado,0))+coalesce(qp1_0.authoria_cotado,0))+coalesce(qp1_0.bimbi_cotado,0))+coalesce(qp1_0.youcciecotado,0))),sum(((((coalesce(qp1_0.anime_aprovado,0)+coalesce(qp1_0.momi_aprovado,0))+coalesce(qp1_0.authoria_aprovado,0))+coalesce(qp1_0.bimbi_aprovado,0))+coalesce(qp1_0.youcciee_aprovado,0))) from quadro_planejamento qp1_0 where qp1_0.colecao is not null group by qp1_0.colecao order by qp1_0.colecao desc
Hibernate: select i1_0.id,i1_0.nome from insumo i1_0
Hibernate: select i1_0.id,i1_0.nome from insumo i1_0
Hibernate: select c1_0.id,c1_0.nome from colecao c1_0
Hibernate: select i1_0.id,i1_0.nome from insumo i1_0
Hibernate: select qp1_0.id,qp1_0.anime_aprovado,qp1_0.anime_cancelado,qp1_0.anime_cotado,qp1_0.authoria_aprovado,qp1_0.authoria_cancelado,qp1_0.authoria_cotado,qp1_0.bimbi_aprovado,qp1_0.bimbi_cancelado,qp1_0.bimbi_cotado,qp1_0.colecao,qp1_0.momi_aprovado,qp1_0.momi_cancelado,qp1_0.momi_cotado,qp1_0.tipo_solicitacao,qp1_0.youcciecancelado,qp1_0.youcciecotado,qp1_0.youcciee_aprovado from quadro_planejamento qp1_0 where qp1_0.colecao=? order by qp1_0.tipo_solicitacao
Hibernate: select qp1_0.id,qp1_0.anime_aprovado,qp1_0.anime_cancelado,qp1_0.anime_cotado,qp1_0.authoria_aprovado,qp1_0.authoria_cancelado,qp1_0.authoria_cotado,qp1_0.bimbi_aprovado,qp1_0.bimbi_cancelado,qp1_0.bimbi_cotado,qp1_0.colecao,qp1_0.momi_aprovado,qp1_0.momi_cancelado,qp1_0.momi_cotado,qp1_0.tipo_solicitacao,qp1_0.youcciecancelado,qp1_0.youcciecotado,qp1_0.youcciee_aprovado from quadro_planejamento qp1_0 where qp1_0.colecao=? order by qp1_0.tipo_solicitacao
Hibernate: select ft1_0.id,ft1_0.categoria_produto,ft1_0.codigo,ft1_0.codigo_siscomex,ft1_0.colecao,ft1_0.composicao,ft1_0.contrato_cambio_adiant,ft1_0.contrato_cambio_pgto_final,ft1_0.cor,ft1_0.data_amostra_cor,ft1_0.data_amostra_producao,ft1_0.data_aprovacao_amostra_cor,ft1_0.data_aprovacao_amostra_producao,ft1_0.data_chegada_destino,ft1_0.data_colocacao_pedido,ft1_0.data_saida_origem,ft1_0.descricao,ft1_0.descricao_produto,ft1_0.duimp_di,ft1_0.estagio,ft1_0.fornecedor,ft1_0.foto_path,ft1_0.gramatura,ft1_0.largura,ft1_0.marca,ft1_0.marca_que_comprou,ft1_0.marca_que_utiliza,ft1_0.minimo,ft1_0.minimo_compra,ft1_0.ncm,ft1_0.nome_navio,ft1_0.numero_pedido,ft1_0.observacao_amostra_cor,ft1_0.observacao_amostra_producao,ft1_0.preco_reais,ft1_0.preco_usd,ft1_0.qti_pct,ft1_0.quantidade_comprada,ft1_0.ref_fornecedor,ft1_0.ref_texcotton,ft1_0.referencia,ft1_0.rendimento,ft1_0.status_amostra_cor,ft1_0.status_amostra_producao,ft1_0.status_colecao,ft1_0.status_pedido,ft1_0.tipo,ft1_0.tipo_solicitacao,ft1_0.unidade_medida from ficha_tecnica ft1_0
Hibernate: select c1_0.id,c1_0.nome from colecao c1_0
Hibernate: select ft1_0.id,ft1_0.categoria_produto,ft1_0.codigo,ft1_0.codigo_siscomex,ft1_0.colecao,ft1_0.composicao,ft1_0.contrato_cambio_adiant,ft1_0.contrato_cambio_pgto_final,ft1_0.cor,ft1_0.data_amostra_cor,ft1_0.data_amostra_producao,ft1_0.data_aprovacao_amostra_cor,ft1_0.data_aprovacao_amostra_producao,ft1_0.data_chegada_destino,ft1_0.data_colocacao_pedido,ft1_0.data_saida_origem,ft1_0.descricao,ft1_0.descricao_produto,ft1_0.duimp_di,ft1_0.estagio,ft1_0.fornecedor,ft1_0.foto_path,ft1_0.gramatura,ft1_0.largura,ft1_0.marca,ft1_0.marca_que_comprou,ft1_0.marca_que_utiliza,ft1_0.minimo,ft1_0.minimo_compra,ft1_0.ncm,ft1_0.nome_navio,ft1_0.numero_pedido,ft1_0.observacao_amostra_cor,ft1_0.observacao_amostra_producao,ft1_0.preco_reais,ft1_0.preco_usd,ft1_0.qti_pct,ft1_0.quantidade_comprada,ft1_0.ref_fornecedor,ft1_0.ref_texcotton,ft1_0.referencia,ft1_0.rendimento,ft1_0.status_amostra_cor,ft1_0.status_amostra_producao,ft1_0.status_colecao,ft1_0.status_pedido,ft1_0.tipo,ft1_0.tipo_solicitacao,ft1_0.unidade_medida from ficha_tecnica ft1_0 where ft1_0.marca is not null and ft1_0.data_colocacao_pedido is not null and ft1_0.data_aprovacao_amostra_producao is not null
Hibernate: select m1_0.id,m1_0.nome from marca m1_0
Hibernate: select i1_0.id,i1_0.nome from insumo i1_0
Hibernate: select c1_0.id,c1_0.nome from colecao c1_0
Hibernate: select i1_0.id,i1_0.nome from insumo i1_0
Hibernate: select qp1_0.id,qp1_0.anime_aprovado,qp1_0.anime_cancelado,qp1_0.anime_cotado,qp1_0.authoria_aprovado,qp1_0.authoria_cancelado,qp1_0.authoria_cotado,qp1_0.bimbi_aprovado,qp1_0.bimbi_cancelado,qp1_0.bimbi_cotado,qp1_0.colecao,qp1_0.momi_aprovado,qp1_0.momi_cancelado,qp1_0.momi_cotado,qp1_0.tipo_solicitacao,qp1_0.youcciecancelado,qp1_0.youcciecotado,qp1_0.youcciee_aprovado from quadro_planejamento qp1_0 where qp1_0.colecao=? order by qp1_0.tipo_solicitacao
Hibernate: select qp1_0.id,qp1_0.anime_aprovado,qp1_0.anime_cancelado,qp1_0.anime_cotado,qp1_0.authoria_aprovado,qp1_0.authoria_cancelado,qp1_0.authoria_cotado,qp1_0.bimbi_aprovado,qp1_0.bimbi_cancelado,qp1_0.bimbi_cotado,qp1_0.colecao,qp1_0.momi_aprovado,qp1_0.momi_cancelado,qp1_0.momi_cotado,qp1_0.tipo_solicitacao,qp1_0.youcciecancelado,qp1_0.youcciecotado,qp1_0.youcciee_aprovado from quadro_planejamento qp1_0 where qp1_0.colecao=? order by qp1_0.tipo_solicitacao
Hibernate: select ft1_0.id,ft1_0.categoria_produto,ft1_0.codigo,ft1_0.codigo_siscomex,ft1_0.colecao,ft1_0.composicao,ft1_0.contrato_cambio_adiant,ft1_0.contrato_cambio_pgto_final,ft1_0.cor,ft1_0.data_amostra_cor,ft1_0.data_amostra_producao,ft1_0.data_aprovacao_amostra_cor,ft1_0.data_aprovacao_amostra_producao,ft1_0.data_chegada_destino,ft1_0.data_colocacao_pedido,ft1_0.data_saida_origem,ft1_0.descricao,ft1_0.descricao_produto,ft1_0.duimp_di,ft1_0.estagio,ft1_0.fornecedor,ft1_0.foto_path,ft1_0.gramatura,ft1_0.largura,ft1_0.marca,ft1_0.marca_que_comprou,ft1_0.marca_que_utiliza,ft1_0.minimo,ft1_0.minimo_compra,ft1_0.ncm,ft1_0.nome_navio,ft1_0.numero_pedido,ft1_0.observacao_amostra_cor,ft1_0.observacao_amostra_producao,ft1_0.preco_reais,ft1_0.preco_usd,ft1_0.qti_pct,ft1_0.quantidade_comprada,ft1_0.ref_fornecedor,ft1_0.ref_texcotton,ft1_0.referencia,ft1_0.rendimento,ft1_0.status_amostra_cor,ft1_0.status_amostra_producao,ft1_0.status_colecao,ft1_0.status_pedido,ft1_0.tipo,ft1_0.tipo_solicitacao,ft1_0.unidade_medida from ficha_tecnica ft1_0
Hibernate: select c1_0.id,c1_0.nome from colecao c1_0
Hibernate: select ft1_0.id,ft1_0.categoria_produto,ft1_0.codigo,ft1_0.codigo_siscomex,ft1_0.colecao,ft1_0.composicao,ft1_0.contrato_cambio_adiant,ft1_0.contrato_cambio_pgto_final,ft1_0.cor,ft1_0.data_amostra_cor,ft1_0.data_amostra_producao,ft1_0.data_aprovacao_amostra_cor,ft1_0.data_aprovacao_amostra_producao,ft1_0.data_chegada_destino,ft1_0.data_colocacao_pedido,ft1_0.data_saida_origem,ft1_0.descricao,ft1_0.descricao_produto,ft1_0.duimp_di,ft1_0.estagio,ft1_0.fornecedor,ft1_0.foto_path,ft1_0.gramatura,ft1_0.largura,ft1_0.marca,ft1_0.marca_que_comprou,ft1_0.marca_que_utiliza,ft1_0.minimo,ft1_0.minimo_compra,ft1_0.ncm,ft1_0.nome_navio,ft1_0.numero_pedido,ft1_0.observacao_amostra_cor,ft1_0.observacao_amostra_producao,ft1_0.preco_reais,ft1_0.preco_usd,ft1_0.qti_pct,ft1_0.quantidade_comprada,ft1_0.ref_fornecedor,ft1_0.ref_texcotton,ft1_0.referencia,ft1_0.rendimento,ft1_0.status_amostra_cor,ft1_0.status_amostra_producao,ft1_0.status_colecao,ft1_0.status_pedido,ft1_0.tipo,ft1_0.tipo_solicitacao,ft1_0.unidade_medida from ficha_tecnica ft1_0 where ft1_0.marca is not null and ft1_0.data_colocacao_pedido is not null and ft1_0.data_aprovacao_amostra_producao is not null
Hibernate: select m1_0.id,m1_0.nome from marca m1_0
Hibernate: select i1_0.id,i1_0.nome from insumo i1_0
Hibernate: select c1_0.id,c1_0.nome from colecao c1_0
Hibernate: select i1_0.id,i1_0.nome from insumo i1_0
Hibernate: select qp1_0.id,qp1_0.anime_aprovado,qp1_0.anime_cancelado,qp1_0.anime_cotado,qp1_0.authoria_aprovado,qp1_0.authoria_cancelado,qp1_0.authoria_cotado,qp1_0.bimbi_aprovado,qp1_0.bimbi_cancelado,qp1_0.bimbi_cotado,qp1_0.colecao,qp1_0.momi_aprovado,qp1_0.momi_cancelado,qp1_0.momi_cotado,qp1_0.tipo_solicitacao,qp1_0.youcciecancelado,qp1_0.youcciecotado,qp1_0.youcciee_aprovado from quadro_planejamento qp1_0 where qp1_0.colecao=? order by qp1_0.tipo_solicitacao
Hibernate: select qp1_0.id,qp1_0.anime_aprovado,qp1_0.anime_cancelado,qp1_0.anime_cotado,qp1_0.authoria_aprovado,qp1_0.authoria_cancelado,qp1_0.authoria_cotado,qp1_0.bimbi_aprovado,qp1_0.bimbi_cancelado,qp1_0.bimbi_cotado,qp1_0.colecao,qp1_0.momi_aprovado,qp1_0.momi_cancelado,qp1_0.momi_cotado,qp1_0.tipo_solicitacao,qp1_0.youcciecancelado,qp1_0.youcciecotado,qp1_0.youcciee_aprovado from quadro_planejamento qp1_0 where qp1_0.colecao=? order by qp1_0.tipo_solicitacao
Hibernate: select ft1_0.id,ft1_0.categoria_produto,ft1_0.codigo,ft1_0.codigo_siscomex,ft1_0.colecao,ft1_0.composicao,ft1_0.contrato_cambio_adiant,ft1_0.contrato_cambio_pgto_final,ft1_0.cor,ft1_0.data_amostra_cor,ft1_0.data_amostra_producao,ft1_0.data_aprovacao_amostra_cor,ft1_0.data_aprovacao_amostra_producao,ft1_0.data_chegada_destino,ft1_0.data_colocacao_pedido,ft1_0.data_saida_origem,ft1_0.descricao,ft1_0.descricao_produto,ft1_0.duimp_di,ft1_0.estagio,ft1_0.fornecedor,ft1_0.foto_path,ft1_0.gramatura,ft1_0.largura,ft1_0.marca,ft1_0.marca_que_comprou,ft1_0.marca_que_utiliza,ft1_0.minimo,ft1_0.minimo_compra,ft1_0.ncm,ft1_0.nome_navio,ft1_0.numero_pedido,ft1_0.observacao_amostra_cor,ft1_0.observacao_amostra_producao,ft1_0.preco_reais,ft1_0.preco_usd,ft1_0.qti_pct,ft1_0.quantidade_comprada,ft1_0.ref_fornecedor,ft1_0.ref_texcotton,ft1_0.referencia,ft1_0.rendimento,ft1_0.status_amostra_cor,ft1_0.status_amostra_producao,ft1_0.status_colecao,ft1_0.status_pedido,ft1_0.tipo,ft1_0.tipo_solicitacao,ft1_0.unidade_medida from ficha_tecnica ft1_0
Hibernate: select c1_0.id,c1_0.nome from colecao c1_0
Hibernate: select ft1_0.id,ft1_0.categoria_produto,ft1_0.codigo,ft1_0.codigo_siscomex,ft1_0.colecao,ft1_0.composicao,ft1_0.contrato_cambio_adiant,ft1_0.contrato_cambio_pgto_final,ft1_0.cor,ft1_0.data_amostra_cor,ft1_0.data_amostra_producao,ft1_0.data_aprovacao_amostra_cor,ft1_0.data_aprovacao_amostra_producao,ft1_0.data_chegada_destino,ft1_0.data_colocacao_pedido,ft1_0.data_saida_origem,ft1_0.descricao,ft1_0.descricao_produto,ft1_0.duimp_di,ft1_0.estagio,ft1_0.fornecedor,ft1_0.foto_path,ft1_0.gramatura,ft1_0.largura,ft1_0.marca,ft1_0.marca_que_comprou,ft1_0.marca_que_utiliza,ft1_0.minimo,ft1_0.minimo_compra,ft1_0.ncm,ft1_0.nome_navio,ft1_0.numero_pedido,ft1_0.observacao_amostra_cor,ft1_0.observacao_amostra_producao,ft1_0.preco_reais,ft1_0.preco_usd,ft1_0.qti_pct,ft1_0.quantidade_comprada,ft1_0.ref_fornecedor,ft1_0.ref_texcotton,ft1_0.referencia,ft1_0.rendimento,ft1_0.status_amostra_cor,ft1_0.status_amostra_producao,ft1_0.status_colecao,ft1_0.status_pedido,ft1_0.tipo,ft1_0.tipo_solicitacao,ft1_0.unidade_medida from ficha_tecnica ft1_0 where ft1_0.marca is not null and ft1_0.data_colocacao_pedido is not null and ft1_0.data_aprovacao_amostra_producao is not null
Hibernate: select m1_0.id,m1_0.nome from marca m1_0
Hibernate: select i1_0.id,i1_0.nome from insumo i1_0
Hibernate: select c1_0.id,c1_0.nome from colecao c1_0
Hibernate: select i1_0.id,i1_0.nome from insumo i1_0
Hibernate: select qp1_0.id,qp1_0.anime_aprovado,qp1_0.anime_cancelado,qp1_0.anime_cotado,qp1_0.authoria_aprovado,qp1_0.authoria_cancelado,qp1_0.authoria_cotado,qp1_0.bimbi_aprovado,qp1_0.bimbi_cancelado,qp1_0.bimbi_cotado,qp1_0.colecao,qp1_0.momi_aprovado,qp1_0.momi_cancelado,qp1_0.momi_cotado,qp1_0.tipo_solicitacao,qp1_0.youcciecancelado,qp1_0.youcciecotado,qp1_0.youcciee_aprovado from quadro_planejamento qp1_0 where qp1_0.colecao=? order by qp1_0.tipo_solicitacao
Hibernate: select qp1_0.id,qp1_0.anime_aprovado,qp1_0.anime_cancelado,qp1_0.anime_cotado,qp1_0.authoria_aprovado,qp1_0.authoria_cancelado,qp1_0.authoria_cotado,qp1_0.bimbi_aprovado,qp1_0.bimbi_cancelado,qp1_0.bimbi_cotado,qp1_0.colecao,qp1_0.momi_aprovado,qp1_0.momi_cancelado,qp1_0.momi_cotado,qp1_0.tipo_solicitacao,qp1_0.youcciecancelado,qp1_0.youcciecotado,qp1_0.youcciee_aprovado from quadro_planejamento qp1_0 where qp1_0.colecao=? order by qp1_0.tipo_solicitacao
Hibernate: select ft1_0.id,ft1_0.categoria_produto,ft1_0.codigo,ft1_0.codigo_siscomex,ft1_0.colecao,ft1_0.composicao,ft1_0.contrato_cambio_adiant,ft1_0.contrato_cambio_pgto_final,ft1_0.cor,ft1_0.data_amostra_cor,ft1_0.data_amostra_producao,ft1_0.data_aprovacao_amostra_cor,ft1_0.data_aprovacao_amostra_producao,ft1_0.data_chegada_destino,ft1_0.data_colocacao_pedido,ft1_0.data_saida_origem,ft1_0.descricao,ft1_0.descricao_produto,ft1_0.duimp_di,ft1_0.estagio,ft1_0.fornecedor,ft1_0.foto_path,ft1_0.gramatura,ft1_0.largura,ft1_0.marca,ft1_0.marca_que_comprou,ft1_0.marca_que_utiliza,ft1_0.minimo,ft1_0.minimo_compra,ft1_0.ncm,ft1_0.nome_navio,ft1_0.numero_pedido,ft1_0.observacao_amostra_cor,ft1_0.observacao_amostra_producao,ft1_0.preco_reais,ft1_0.preco_usd,ft1_0.qti_pct,ft1_0.quantidade_comprada,ft1_0.ref_fornecedor,ft1_0.ref_texcotton,ft1_0.referencia,ft1_0.rendimento,ft1_0.status_amostra_cor,ft1_0.status_amostra_producao,ft1_0.status_colecao,ft1_0.status_pedido,ft1_0.tipo,ft1_0.tipo_solicitacao,ft1_0.unidade_medida from ficha_tecnica ft1_0
Hibernate: select c1_0.id,c1_0.nome from colecao c1_0
Hibernate: select ft1_0.id,ft1_0.categoria_produto,ft1_0.codigo,ft1_0.codigo_siscomex,ft1_0.colecao,ft1_0.composicao,ft1_0.contrato_cambio_adiant,ft1_0.contrato_cambio_pgto_final,ft1_0.cor,ft1_0.data_amostra_cor,ft1_0.data_amostra_producao,ft1_0.data_aprovacao_amostra_cor,ft1_0.data_aprovacao_amostra_producao,ft1_0.data_chegada_destino,ft1_0.data_colocacao_pedido,ft1_0.data_saida_origem,ft1_0.descricao,ft1_0.descricao_produto,ft1_0.duimp_di,ft1_0.estagio,ft1_0.fornecedor,ft1_0.foto_path,ft1_0.gramatura,ft1_0.largura,ft1_0.marca,ft1_0.marca_que_comprou,ft1_0.marca_que_utiliza,ft1_0.minimo,ft1_0.minimo_compra,ft1_0.ncm,ft1_0.nome_navio,ft1_0.numero_pedido,ft1_0.observacao_amostra_cor,ft1_0.observacao_amostra_producao,ft1_0.preco_reais,ft1_0.preco_usd,ft1_0.qti_pct,ft1_0.quantidade_comprada,ft1_0.ref_fornecedor,ft1_0.ref_texcotton,ft1_0.referencia,ft1_0.rendimento,ft1_0.status_amostra_cor,ft1_0.status_amostra_producao,ft1_0.status_colecao,ft1_0.status_pedido,ft1_0.tipo,ft1_0.tipo_solicitacao,ft1_0.unidade_medida from ficha_tecnica ft1_0 where ft1_0.marca is not null and ft1_0.data_colocacao_pedido is not null and ft1_0.data_aprovacao_amostra_producao is not null
Hibernate: select m1_0.id,m1_0.nome from marca m1_0
Hibernate: select i1_0.id,i1_0.nome from insumo i1_0
Hibernate: select count(*) from ficha_tecnica ft1_0
Hibernate: select ft1_0.tipo,count(ft1_0.id) from ficha_tecnica ft1_0 where ft1_0.tipo is not null group by ft1_0.tipo order by count(ft1_0.id) desc
Hibernate: select count(ft1_0.id) from ficha_tecnica ft1_0 where ft1_0.status_pedido=?
Hibernate: select count(ft1_0.id) from ficha_tecnica ft1_0 where ft1_0.status_pedido=?
Hibernate: select count(ft1_0.id) from ficha_tecnica ft1_0 where ft1_0.status_pedido=?
Hibernate: select count(ft1_0.id) from ficha_tecnica ft1_0 where ft1_0.status_pedido=?
Hibernate: select count(ft1_0.id) from ficha_tecnica ft1_0 where ft1_0.status_amostra_cor=?
Hibernate: select count(ft1_0.id) from ficha_tecnica ft1_0 where ft1_0.status_amostra_cor=?
Hibernate: select count(ft1_0.id) from ficha_tecnica ft1_0 where ft1_0.status_amostra_cor=?
Hibernate: select count(ft1_0.id) from ficha_tecnica ft1_0 where ft1_0.status_amostra_cor=?
Hibernate: select count(ft1_0.id) from ficha_tecnica ft1_0 where ft1_0.status_amostra_producao=?
Hibernate: select count(ft1_0.id) from ficha_tecnica ft1_0 where ft1_0.status_amostra_producao=?
Hibernate: select count(ft1_0.id) from ficha_tecnica ft1_0 where ft1_0.status_amostra_producao=?
Hibernate: select count(ft1_0.id) from ficha_tecnica ft1_0 where ft1_0.status_amostra_producao=?
Hibernate: select ft1_0.marca,count(ft1_0.id) from ficha_tecnica ft1_0 where ft1_0.marca is not null group by ft1_0.marca order by count(ft1_0.id) desc
Hibernate: select c1_0.id,c1_0.nome from colecao c1_0
Hibernate: select ft1_0.colecao,count(ft1_0.id) from ficha_tecnica ft1_0 where ft1_0.colecao is not null and ft1_0.colecao<>'' group by ft1_0.colecao order by ft1_0.colecao
Hibernate: select ft1_0.colecao,ft1_0.tipo,count(ft1_0.id) from ficha_tecnica ft1_0 where ft1_0.colecao is not null and ft1_0.colecao<>'' group by ft1_0.colecao,ft1_0.tipo order by ft1_0.colecao
Hibernate: select ft1_0.colecao,ft1_0.status_pedido,count(ft1_0.id) from ficha_tecnica ft1_0 where ft1_0.colecao is not null and ft1_0.colecao<>'' group by ft1_0.colecao,ft1_0.status_pedido order by ft1_0.colecao
Hibernate: select ft1_0.colecao,ft1_0.status_amostra_cor,count(ft1_0.id) from ficha_tecnica ft1_0 where ft1_0.colecao is not null and ft1_0.colecao<>'' group by ft1_0.colecao,ft1_0.status_amostra_cor order by ft1_0.colecao
Hibernate: select ft1_0.colecao,ft1_0.status_amostra_producao,count(ft1_0.id) from ficha_tecnica ft1_0 where ft1_0.colecao is not null and ft1_0.colecao<>'' group by ft1_0.colecao,ft1_0.status_amostra_producao order by ft1_0.colecao
Hibernate: select ft1_0.fornecedor,ft1_0.colecao,count(ft1_0.id) from ficha_tecnica ft1_0 where ft1_0.fornecedor is not null and ft1_0.colecao is not null and ft1_0.colecao<>'' group by ft1_0.fornecedor,ft1_0.colecao order by ft1_0.fornecedor,ft1_0.colecao
Hibernate: select qp1_0.colecao,sum(((((coalesce(qp1_0.anime_cotado,0)+coalesce(qp1_0.momi_cotado,0))+coalesce(qp1_0.authoria_cotado,0))+coalesce(qp1_0.bimbi_cotado,0))+coalesce(qp1_0.youcciecotado,0))),sum(((((coalesce(qp1_0.anime_aprovado,0)+coalesce(qp1_0.momi_aprovado,0))+coalesce(qp1_0.authoria_aprovado,0))+coalesce(qp1_0.bimbi_aprovado,0))+coalesce(qp1_0.youcciee_aprovado,0))) from quadro_planejamento qp1_0 where qp1_0.colecao is not null group by qp1_0.colecao order by qp1_0.colecao desc
Hibernate: select i1_0.id,i1_0.nome from insumo i1_0
Hibernate: select c1_0.id,c1_0.nome from colecao c1_0
Hibernate: select i1_0.id,i1_0.nome from insumo i1_0
Hibernate: select qp1_0.id,qp1_0.anime_aprovado,qp1_0.anime_cancelado,qp1_0.anime_cotado,qp1_0.authoria_aprovado,qp1_0.authoria_cancelado,qp1_0.authoria_cotado,qp1_0.bimbi_aprovado,qp1_0.bimbi_cancelado,qp1_0.bimbi_cotado,qp1_0.colecao,qp1_0.momi_aprovado,qp1_0.momi_cancelado,qp1_0.momi_cotado,qp1_0.tipo_solicitacao,qp1_0.youcciecancelado,qp1_0.youcciecotado,qp1_0.youcciee_aprovado from quadro_planejamento qp1_0
Hibernate: select qp1_0.id,qp1_0.anime_aprovado,qp1_0.anime_cancelado,qp1_0.anime_cotado,qp1_0.authoria_aprovado,qp1_0.authoria_cancelado,qp1_0.authoria_cotado,qp1_0.bimbi_aprovado,qp1_0.bimbi_cancelado,qp1_0.bimbi_cotado,qp1_0.colecao,qp1_0.momi_aprovado,qp1_0.momi_cancelado,qp1_0.momi_cotado,qp1_0.tipo_solicitacao,qp1_0.youcciecancelado,qp1_0.youcciecotado,qp1_0.youcciee_aprovado from quadro_planejamento qp1_0 where qp1_0.colecao=? and qp1_0.tipo_solicitacao=?
Hibernate: select qp1_0.id,qp1_0.anime_aprovado,qp1_0.anime_cancelado,qp1_0.anime_cotado,qp1_0.authoria_aprovado,qp1_0.authoria_cancelado,qp1_0.authoria_cotado,qp1_0.bimbi_aprovado,qp1_0.bimbi_cancelado,qp1_0.bimbi_cotado,qp1_0.colecao,qp1_0.momi_aprovado,qp1_0.momi_cancelado,qp1_0.momi_cotado,qp1_0.tipo_solicitacao,qp1_0.youcciecancelado,qp1_0.youcciecotado,qp1_0.youcciee_aprovado from quadro_planejamento qp1_0 where qp1_0.colecao=? and qp1_0.tipo_solicitacao=?
Hibernate: select qp1_0.id,qp1_0.anime_aprovado,qp1_0.anime_cancelado,qp1_0.anime_cotado,qp1_0.authoria_aprovado,qp1_0.authoria_cancelado,qp1_0.authoria_cotado,qp1_0.bimbi_aprovado,qp1_0.bimbi_cancelado,qp1_0.bimbi_cotado,qp1_0.colecao,qp1_0.momi_aprovado,qp1_0.momi_cancelado,qp1_0.momi_cotado,qp1_0.tipo_solicitacao,qp1_0.youcciecancelado,qp1_0.youcciecotado,qp1_0.youcciee_aprovado from quadro_planejamento qp1_0 where qp1_0.colecao=? and qp1_0.tipo_solicitacao=?
Hibernate: select qp1_0.id,qp1_0.anime_aprovado,qp1_0.anime_cancelado,qp1_0.anime_cotado,qp1_0.authoria_aprovado,qp1_0.authoria_cancelado,qp1_0.authoria_cotado,qp1_0.bimbi_aprovado,qp1_0.bimbi_cancelado,qp1_0.bimbi_cotado,qp1_0.colecao,qp1_0.momi_aprovado,qp1_0.momi_cancelado,qp1_0.momi_cotado,qp1_0.tipo_solicitacao,qp1_0.youcciecancelado,qp1_0.youcciecotado,qp1_0.youcciee_aprovado from quadro_planejamento qp1_0 where qp1_0.colecao=? and qp1_0.tipo_solicitacao=?
Hibernate: select qp1_0.id,qp1_0.anime_aprovado,qp1_0.anime_cancelado,qp1_0.anime_cotado,qp1_0.authoria_aprovado,qp1_0.authoria_cancelado,qp1_0.authoria_cotado,qp1_0.bimbi_aprovado,qp1_0.bimbi_cancelado,qp1_0.bimbi_cotado,qp1_0.colecao,qp1_0.momi_aprovado,qp1_0.momi_cancelado,qp1_0.momi_cotado,qp1_0.tipo_solicitacao,qp1_0.youcciecancelado,qp1_0.youcciecotado,qp1_0.youcciee_aprovado from quadro_planejamento qp1_0 where qp1_0.colecao=? order by qp1_0.tipo_solicitacao
Hibernate: select qp1_0.id,qp1_0.anime_aprovado,qp1_0.anime_cancelado,qp1_0.anime_cotado,qp1_0.authoria_aprovado,qp1_0.authoria_cancelado,qp1_0.authoria_cotado,qp1_0.bimbi_aprovado,qp1_0.bimbi_cancelado,qp1_0.bimbi_cotado,qp1_0.colecao,qp1_0.momi_aprovado,qp1_0.momi_cancelado,qp1_0.momi_cotado,qp1_0.tipo_solicitacao,qp1_0.youcciecancelado,qp1_0.youcciecotado,qp1_0.youcciee_aprovado from quadro_planejamento qp1_0 where qp1_0.colecao=? order by qp1_0.tipo_solicitacao
Hibernate: select f1_0.id,f1_0.nome from fornecedor f1_0
Hibernate: select bn1_0.id,bn1_0.colecao,bn1_0.fornecedor,bn1_0.insumo,bn1_0.quantidade from bandeira_novidade bn1_0 where bn1_0.colecao=? and bn1_0.fornecedor=? and bn1_0.insumo=?
Hibernate: select bn1_0.id,bn1_0.colecao,bn1_0.fornecedor,bn1_0.insumo,bn1_0.quantidade from bandeira_novidade bn1_0 where bn1_0.colecao=? and bn1_0.fornecedor=? and bn1_0.insumo=?
Hibernate: select bn1_0.id,bn1_0.colecao,bn1_0.fornecedor,bn1_0.insumo,bn1_0.quantidade from bandeira_novidade bn1_0 where bn1_0.colecao=? and bn1_0.fornecedor=? and bn1_0.insumo=?
Hibernate: select bn1_0.id,bn1_0.colecao,bn1_0.fornecedor,bn1_0.insumo,bn1_0.quantidade from bandeira_novidade bn1_0 where bn1_0.colecao=? and bn1_0.fornecedor=? and bn1_0.insumo=?
Hibernate: select bn1_0.id,bn1_0.colecao,bn1_0.fornecedor,bn1_0.insumo,bn1_0.quantidade from bandeira_novidade bn1_0 where bn1_0.colecao=? and bn1_0.fornecedor=? and bn1_0.insumo=?
Hibernate: select bn1_0.id,bn1_0.colecao,bn1_0.fornecedor,bn1_0.insumo,bn1_0.quantidade from bandeira_novidade bn1_0 where bn1_0.colecao=? and bn1_0.fornecedor=? and bn1_0.insumo=?
Hibernate: select bn1_0.id,bn1_0.colecao,bn1_0.fornecedor,bn1_0.insumo,bn1_0.quantidade from bandeira_novidade bn1_0 where bn1_0.colecao=? and bn1_0.fornecedor=? and bn1_0.insumo=?
Hibernate: select bn1_0.id,bn1_0.colecao,bn1_0.fornecedor,bn1_0.insumo,bn1_0.quantidade from bandeira_novidade bn1_0 where bn1_0.colecao=? and bn1_0.fornecedor=? and bn1_0.insumo=?
Hibernate: select bn1_0.id,bn1_0.colecao,bn1_0.fornecedor,bn1_0.insumo,bn1_0.quantidade from bandeira_novidade bn1_0 where bn1_0.colecao=? and bn1_0.fornecedor=? and bn1_0.insumo=?
Hibernate: select bn1_0.id,bn1_0.colecao,bn1_0.fornecedor,bn1_0.insumo,bn1_0.quantidade from bandeira_novidade bn1_0 where bn1_0.colecao=? and bn1_0.fornecedor=? and bn1_0.insumo=?
Hibernate: select bn1_0.id,bn1_0.colecao,bn1_0.fornecedor,bn1_0.insumo,bn1_0.quantidade from bandeira_novidade bn1_0 where bn1_0.colecao=? and bn1_0.fornecedor=? and bn1_0.insumo=?
Hibernate: select bn1_0.id,bn1_0.colecao,bn1_0.fornecedor,bn1_0.insumo,bn1_0.quantidade from bandeira_novidade bn1_0 where bn1_0.colecao=? and bn1_0.fornecedor=? and bn1_0.insumo=?
Hibernate: select bn1_0.id,bn1_0.colecao,bn1_0.fornecedor,bn1_0.insumo,bn1_0.quantidade from bandeira_novidade bn1_0 where bn1_0.colecao=? and bn1_0.fornecedor=? and bn1_0.insumo=?
Hibernate: select bn1_0.id,bn1_0.colecao,bn1_0.fornecedor,bn1_0.insumo,bn1_0.quantidade from bandeira_novidade bn1_0 where bn1_0.colecao=? and bn1_0.fornecedor=? and bn1_0.insumo=?
Hibernate: select bn1_0.id,bn1_0.colecao,bn1_0.fornecedor,bn1_0.insumo,bn1_0.quantidade from bandeira_novidade bn1_0 where bn1_0.colecao=? and bn1_0.fornecedor=? and bn1_0.insumo=?
Hibernate: select bn1_0.id,bn1_0.colecao,bn1_0.fornecedor,bn1_0.insumo,bn1_0.quantidade from bandeira_novidade bn1_0 where bn1_0.colecao=? and bn1_0.fornecedor=? and bn1_0.insumo=?
[GET] bandeirasFlat com qtd > 0:
[GET] VER�O 28|AVIAMENTO UNIDADE|CHATLEE = 188
[GET] VER�O 28|TECIDO METRO|CHATLEE = 913
[GET] VER�O 28|TECIDO METRO|JINBI = 181
[GET] INVERNO 28|AVIAMENTO METRO|CHATLEE = 200
[GET] INVERNO 28|TECIDO METRO|CHATLEE = 1383
[GET] INVERNO 28|TECIDO METRO|JINBI = 181
Hibernate: select i1_0.id,i1_0.nome from insumo i1_0
Hibernate: select ft1_0.id,ft1_0.categoria_produto,ft1_0.codigo,ft1_0.codigo_siscomex,ft1_0.colecao,ft1_0.composicao,ft1_0.contrato_cambio_adiant,ft1_0.contrato_cambio_pgto_final,ft1_0.cor,ft1_0.data_amostra_cor,ft1_0.data_amostra_producao,ft1_0.data_aprovacao_amostra_cor,ft1_0.data_aprovacao_amostra_producao,ft1_0.data_chegada_destino,ft1_0.data_colocacao_pedido,ft1_0.data_saida_origem,ft1_0.descricao,ft1_0.descricao_produto,ft1_0.duimp_di,ft1_0.estagio,ft1_0.fornecedor,ft1_0.foto_path,ft1_0.gramatura,ft1_0.largura,ft1_0.marca,ft1_0.marca_que_comprou,ft1_0.marca_que_utiliza,ft1_0.minimo,ft1_0.minimo_compra,ft1_0.ncm,ft1_0.nome_navio,ft1_0.numero_pedido,ft1_0.observacao_amostra_cor,ft1_0.observacao_amostra_producao,ft1_0.preco_reais,ft1_0.preco_usd,ft1_0.qti_pct,ft1_0.quantidade_comprada,ft1_0.ref_fornecedor,ft1_0.ref_texcotton,ft1_0.referencia,ft1_0.rendimento,ft1_0.status_amostra_cor,ft1_0.status_amostra_producao,ft1_0.status_colecao,ft1_0.status_pedido,ft1_0.tipo,ft1_0.tipo_solicitacao,ft1_0.unidade_medida from ficha_tecnica ft1_0
Hibernate: select c1_0.id,c1_0.nome from colecao c1_0
Hibernate: select i1_0.id,i1_0.nome from insumo i1_0
Hibernate: select i1_0.id,i1_0.nome from insumo i1_0
Hibernate: select ft1_0.id,ft1_0.categoria_produto,ft1_0.codigo,ft1_0.codigo_siscomex,ft1_0.colecao,ft1_0.composicao,ft1_0.contrato_cambio_adiant,ft1_0.contrato_cambio_pgto_final,ft1_0.cor,ft1_0.data_amostra_cor,ft1_0.data_amostra_producao,ft1_0.data_aprovacao_amostra_cor,ft1_0.data_aprovacao_amostra_producao,ft1_0.data_chegada_destino,ft1_0.data_colocacao_pedido,ft1_0.data_saida_origem,ft1_0.descricao,ft1_0.descricao_produto,ft1_0.duimp_di,ft1_0.estagio,ft1_0.fornecedor,ft1_0.foto_path,ft1_0.gramatura,ft1_0.largura,ft1_0.marca,ft1_0.marca_que_comprou,ft1_0.marca_que_utiliza,ft1_0.minimo,ft1_0.minimo_compra,ft1_0.ncm,ft1_0.nome_navio,ft1_0.numero_pedido,ft1_0.observacao_amostra_cor,ft1_0.observacao_amostra_producao,ft1_0.preco_reais,ft1_0.preco_usd,ft1_0.qti_pct,ft1_0.quantidade_comprada,ft1_0.ref_fornecedor,ft1_0.ref_texcotton,ft1_0.referencia,ft1_0.rendimento,ft1_0.status_amostra_cor,ft1_0.status_amostra_producao,ft1_0.status_colecao,ft1_0.status_pedido,ft1_0.tipo,ft1_0.tipo_solicitacao,ft1_0.unidade_medida from ficha_tecnica ft1_0
Hibernate: select c1_0.id,c1_0.nome from colecao c1_0
Hibernate: select i1_0.id,i1_0.nome from insumo i1_0
Hibernate: select i1_0.id,i1_0.nome from insumo i1_0
Hibernate: select ft1_0.id,ft1_0.categoria_produto,ft1_0.codigo,ft1_0.codigo_siscomex,ft1_0.colecao,ft1_0.composicao,ft1_0.contrato_cambio_adiant,ft1_0.contrato_cambio_pgto_final,ft1_0.cor,ft1_0.data_amostra_cor,ft1_0.data_amostra_producao,ft1_0.data_aprovacao_amostra_cor,ft1_0.data_aprovacao_amostra_producao,ft1_0.data_chegada_destino,ft1_0.data_colocacao_pedido,ft1_0.data_saida_origem,ft1_0.descricao,ft1_0.descricao_produto,ft1_0.duimp_di,ft1_0.estagio,ft1_0.fornecedor,ft1_0.foto_path,ft1_0.gramatura,ft1_0.largura,ft1_0.marca,ft1_0.marca_que_comprou,ft1_0.marca_que_utiliza,ft1_0.minimo,ft1_0.minimo_compra,ft1_0.ncm,ft1_0.nome_navio,ft1_0.numero_pedido,ft1_0.observacao_amostra_cor,ft1_0.observacao_amostra_producao,ft1_0.preco_reais,ft1_0.preco_usd,ft1_0.qti_pct,ft1_0.quantidade_comprada,ft1_0.ref_fornecedor,ft1_0.ref_texcotton,ft1_0.referencia,ft1_0.rendimento,ft1_0.status_amostra_cor,ft1_0.status_amostra_producao,ft1_0.status_colecao,ft1_0.status_pedido,ft1_0.tipo,ft1_0.tipo_solicitacao,ft1_0.unidade_medida from ficha_tecnica ft1_0
Hibernate: select i1_0.id,i1_0.nome from insumo i1_0
Hibernate: select ft1_0.id,ft1_0.categoria_produto,ft1_0.codigo,ft1_0.codigo_siscomex,ft1_0.colecao,ft1_0.composicao,ft1_0.contrato_cambio_adiant,ft1_0.contrato_cambio_pgto_final,ft1_0.cor,ft1_0.data_amostra_cor,ft1_0.data_amostra_producao,ft1_0.data_aprovacao_amostra_cor,ft1_0.data_aprovacao_amostra_producao,ft1_0.data_chegada_destino,ft1_0.data_colocacao_pedido,ft1_0.data_saida_origem,ft1_0.descricao,ft1_0.descricao_produto,ft1_0.duimp_di,ft1_0.estagio,ft1_0.fornecedor,ft1_0.foto_path,ft1_0.gramatura,ft1_0.largura,ft1_0.marca,ft1_0.marca_que_comprou,ft1_0.marca_que_utiliza,ft1_0.minimo,ft1_0.minimo_compra,ft1_0.ncm,ft1_0.nome_navio,ft1_0.numero_pedido,ft1_0.observacao_amostra_cor,ft1_0.observacao_amostra_producao,ft1_0.preco_reais,ft1_0.preco_usd,ft1_0.qti_pct,ft1_0.quantidade_comprada,ft1_0.ref_fornecedor,ft1_0.ref_texcotton,ft1_0.referencia,ft1_0.rendimento,ft1_0.status_amostra_cor,ft1_0.status_amostra_producao,ft1_0.status_colecao,ft1_0.status_pedido,ft1_0.tipo,ft1_0.tipo_solicitacao,ft1_0.unidade_medida from ficha_tecnica ft1_0 order by ft1_0.id desc
Hibernate: select c1_0.id,c1_0.nome from colecao c1_0
Hibernate: select f1_0.id,f1_0.nome from fornecedor f1_0
Hibernate: select ft1_0.colecao,count(ft1_0.id) from ficha_tecnica ft1_0 where ft1_0.colecao is not null and ft1_0.colecao<>'' group by ft1_0.colecao order by ft1_0.colecao
Hibernate: select ft1_0.colecao,ft1_0.tipo,count(ft1_0.id) from ficha_tecnica ft1_0 where ft1_0.colecao is not null and ft1_0.colecao<>'' group by ft1_0.colecao,ft1_0.tipo order by ft1_0.colecao
Hibernate: select ft1_0.colecao,ft1_0.tipo,count(ft1_0.id) from ficha_tecnica ft1_0 where ft1_0.colecao is not null and ft1_0.colecao<>'' group by ft1_0.colecao,ft1_0.tipo order by ft1_0.colecao
Hibernate: select ft1_0.colecao,ft1_0.tipo,count(ft1_0.id) from ficha_tecnica ft1_0 where ft1_0.colecao is not null and ft1_0.colecao<>'' group by ft1_0.colecao,ft1_0.tipo order by ft1_0.colecao
Hibernate: select i1_0.id,i1_0.nome from insumo i1_0
Hibernate: select i1_0.id,i1_0.nome from insumo i1_0
Hibernate: select ft1_0.id,ft1_0.categoria_produto,ft1_0.codigo,ft1_0.codigo_siscomex,ft1_0.colecao,ft1_0.composicao,ft1_0.contrato_cambio_adiant,ft1_0.contrato_cambio_pgto_final,ft1_0.cor,ft1_0.data_amostra_cor,ft1_0.data_amostra_producao,ft1_0.data_aprovacao_amostra_cor,ft1_0.data_aprovacao_amostra_producao,ft1_0.data_chegada_destino,ft1_0.data_colocacao_pedido,ft1_0.data_saida_origem,ft1_0.descricao,ft1_0.descricao_produto,ft1_0.duimp_di,ft1_0.estagio,ft1_0.fornecedor,ft1_0.foto_path,ft1_0.gramatura,ft1_0.largura,ft1_0.marca,ft1_0.marca_que_comprou,ft1_0.marca_que_utiliza,ft1_0.minimo,ft1_0.minimo_compra,ft1_0.ncm,ft1_0.nome_navio,ft1_0.numero_pedido,ft1_0.observacao_amostra_cor,ft1_0.observacao_amostra_producao,ft1_0.preco_reais,ft1_0.preco_usd,ft1_0.qti_pct,ft1_0.quantidade_comprada,ft1_0.ref_fornecedor,ft1_0.ref_texcotton,ft1_0.referencia,ft1_0.rendimento,ft1_0.status_amostra_cor,ft1_0.status_amostra_producao,ft1_0.status_colecao,ft1_0.status_pedido,ft1_0.tipo,ft1_0.tipo_solicitacao,ft1_0.unidade_medida from ficha_tecnica ft1_0 order by ft1_0.id desc
Hibernate: select c1_0.id,c1_0.nome from colecao c1_0
Hibernate: select f1_0.id,f1_0.nome from fornecedor f1_0
Hibernate: select ft1_0.colecao,count(ft1_0.id) from ficha_tecnica ft1_0 where ft1_0.colecao is not null and ft1_0.colecao<>'' group by ft1_0.colecao order by ft1_0.colecao
Hibernate: select i1_0.id,i1_0.nome from insumo i1_0
Hibernate: select i1_0.id,i1_0.nome from insumo i1_0
Hibernate: select ft1_0.id,ft1_0.categoria_produto,ft1_0.codigo,ft1_0.codigo_siscomex,ft1_0.colecao,ft1_0.composicao,ft1_0.contrato_cambio_adiant,ft1_0.contrato_cambio_pgto_final,ft1_0.cor,ft1_0.data_amostra_cor,ft1_0.data_amostra_producao,ft1_0.data_aprovacao_amostra_cor,ft1_0.data_aprovacao_amostra_producao,ft1_0.data_chegada_destino,ft1_0.data_colocacao_pedido,ft1_0.data_saida_origem,ft1_0.descricao,ft1_0.descricao_produto,ft1_0.duimp_di,ft1_0.estagio,ft1_0.fornecedor,ft1_0.foto_path,ft1_0.gramatura,ft1_0.largura,ft1_0.marca,ft1_0.marca_que_comprou,ft1_0.marca_que_utiliza,ft1_0.minimo,ft1_0.minimo_compra,ft1_0.ncm,ft1_0.nome_navio,ft1_0.numero_pedido,ft1_0.observacao_amostra_cor,ft1_0.observacao_amostra_producao,ft1_0.preco_reais,ft1_0.preco_usd,ft1_0.qti_pct,ft1_0.quantidade_comprada,ft1_0.ref_fornecedor,ft1_0.ref_texcotton,ft1_0.referencia,ft1_0.rendimento,ft1_0.status_amostra_cor,ft1_0.status_amostra_producao,ft1_0.status_colecao,ft1_0.status_pedido,ft1_0.tipo,ft1_0.tipo_solicitacao,ft1_0.unidade_medida from ficha_tecnica ft1_0 order by ft1_0.id desc
Hibernate: select c1_0.id,c1_0.nome from colecao c1_0
Hibernate: select f1_0.id,f1_0.nome from fornecedor f1_0
Hibernate: select ft1_0.colecao,count(ft1_0.id) from ficha_tecnica ft1_0 where ft1_0.colecao is not null and ft1_0.colecao<>'' group by ft1_0.colecao order by ft1_0.colecao
Hibernate: select i1_0.id,i1_0.nome from insumo i1_0
Hibernate: select i1_0.id,i1_0.nome from insumo i1_0
Hibernate: select ft1_0.id,ft1_0.categoria_produto,ft1_0.codigo,ft1_0.codigo_siscomex,ft1_0.colecao,ft1_0.composicao,ft1_0.contrato_cambio_adiant,ft1_0.contrato_cambio_pgto_final,ft1_0.cor,ft1_0.data_amostra_cor,ft1_0.data_amostra_producao,ft1_0.data_aprovacao_amostra_cor,ft1_0.data_aprovacao_amostra_producao,ft1_0.data_chegada_destino,ft1_0.data_colocacao_pedido,ft1_0.data_saida_origem,ft1_0.descricao,ft1_0.descricao_produto,ft1_0.duimp_di,ft1_0.estagio,ft1_0.fornecedor,ft1_0.foto_path,ft1_0.gramatura,ft1_0.largura,ft1_0.marca,ft1_0.marca_que_comprou,ft1_0.marca_que_utiliza,ft1_0.minimo,ft1_0.minimo_compra,ft1_0.ncm,ft1_0.nome_navio,ft1_0.numero_pedido,ft1_0.observacao_amostra_cor,ft1_0.observacao_amostra_producao,ft1_0.preco_reais,ft1_0.preco_usd,ft1_0.qti_pct,ft1_0.quantidade_comprada,ft1_0.ref_fornecedor,ft1_0.ref_texcotton,ft1_0.referencia,ft1_0.rendimento,ft1_0.status_amostra_cor,ft1_0.status_amostra_producao,ft1_0.status_colecao,ft1_0.status_pedido,ft1_0.tipo,ft1_0.tipo_solicitacao,ft1_0.unidade_medida from ficha_tecnica ft1_0 where ft1_0.id=?
Hibernate: select m1_0.id,m1_0.nome from marca m1_0
Hibernate: select c1_0.id,c1_0.nome from colecao c1_0
Hibernate: select f1_0.id,f1_0.nome from fornecedor f1_0
Hibernate: select c1_0.id,c1_0.nome from categoria c1_0
Hibernate: select ft1_0.id,ft1_0.categoria_produto,ft1_0.codigo,ft1_0.codigo_siscomex,ft1_0.colecao,ft1_0.composicao,ft1_0.contrato_cambio_adiant,ft1_0.contrato_cambio_pgto_final,ft1_0.cor,ft1_0.data_amostra_cor,ft1_0.data_amostra_producao,ft1_0.data_aprovacao_amostra_cor,ft1_0.data_aprovacao_amostra_producao,ft1_0.data_chegada_destino,ft1_0.data_colocacao_pedido,ft1_0.data_saida_origem,ft1_0.descricao,ft1_0.descricao_produto,ft1_0.duimp_di,ft1_0.estagio,ft1_0.fornecedor,ft1_0.foto_path,ft1_0.gramatura,ft1_0.largura,ft1_0.marca,ft1_0.marca_que_comprou,ft1_0.marca_que_utiliza,ft1_0.minimo,ft1_0.minimo_compra,ft1_0.ncm,ft1_0.nome_navio,ft1_0.numero_pedido,ft1_0.observacao_amostra_cor,ft1_0.observacao_amostra_producao,ft1_0.preco_reais,ft1_0.preco_usd,ft1_0.qti_pct,ft1_0.quantidade_comprada,ft1_0.ref_fornecedor,ft1_0.ref_texcotton,ft1_0.referencia,ft1_0.rendimento,ft1_0.status_amostra_cor,ft1_0.status_amostra_producao,ft1_0.status_colecao,ft1_0.status_pedido,ft1_0.tipo,ft1_0.tipo_solicitacao,ft1_0.unidade_medida from ficha_tecnica ft1_0
Hibernate: select m1_0.id,m1_0.nome from marca m1_0
Hibernate: select c1_0.id,c1_0.nome from colecao c1_0
Hibernate: select i1_0.id,i1_0.nome from insumo i1_0
Hibernate: select f1_0.id,f1_0.nome from fornecedor f1_0
Hibernate: select c1_0.id,c1_0.nome from categoria c1_0
Hibernate: select bn1_0.id,bn1_0.colecao,bn1_0.fornecedor,bn1_0.insumo,bn1_0.quantidade from bandeira_novidade bn1_0
Hibernate: select qp1_0.id,qp1_0.anime_aprovado,qp1_0.anime_cancelado,qp1_0.anime_cotado,qp1_0.authoria_aprovado,qp1_0.authoria_cancelado,qp1_0.authoria_cotado,qp1_0.bimbi_aprovado,qp1_0.bimbi_cancelado,qp1_0.bimbi_cotado,qp1_0.colecao,qp1_0.momi_aprovado,qp1_0.momi_cancelado,qp1_0.momi_cotado,qp1_0.tipo_solicitacao,qp1_0.youcciecancelado,qp1_0.youcciecotado,qp1_0.youcciee_aprovado from quadro_planejamento qp1_0
Hibernate: select cp1_0.id,cp1_0.colecao,cp1_0.insumo,cp1_0.marca from cadastro_previo cp1_0
2026-10-01T09:23:29.819-03:00  INFO 12700 --- [projeto] [   scheduling-1] c.e.projeto.service.CsvBackupService     : Backup CSV concluído em C:\Users\sabrina.00858\IdeaProjects\projetoMichele\backups (131 registros no total).
Hibernate: select i1_0.id,i1_0.nome from insumo i1_0
Hibernate: select ft1_0.id,ft1_0.categoria_produto,ft1_0.codigo,ft1_0.codigo_siscomex,ft1_0.colecao,ft1_0.composicao,ft1_0.contrato_cambio_adiant,ft1_0.contrato_cambio_pgto_final,ft1_0.cor,ft1_0.data_amostra_cor,ft1_0.data_amostra_producao,ft1_0.data_aprovacao_amostra_cor,ft1_0.data_aprovacao_amostra_producao,ft1_0.data_chegada_destino,ft1_0.data_colocacao_pedido,ft1_0.data_saida_origem,ft1_0.descricao,ft1_0.descricao_produto,ft1_0.duimp_di,ft1_0.estagio,ft1_0.fornecedor,ft1_0.foto_path,ft1_0.gramatura,ft1_0.largura,ft1_0.marca,ft1_0.marca_que_comprou,ft1_0.marca_que_utiliza,ft1_0.minimo,ft1_0.minimo_compra,ft1_0.ncm,ft1_0.nome_navio,ft1_0.numero_pedido,ft1_0.observacao_amostra_cor,ft1_0.observacao_amostra_producao,ft1_0.preco_reais,ft1_0.preco_usd,ft1_0.qti_pct,ft1_0.quantidade_comprada,ft1_0.ref_fornecedor,ft1_0.ref_texcotton,ft1_0.referencia,ft1_0.rendimento,ft1_0.status_amostra_cor,ft1_0.status_amostra_producao,ft1_0.status_colecao,ft1_0.status_pedido,ft1_0.tipo,ft1_0.tipo_solicitacao,ft1_0.unidade_medida from ficha_tecnica ft1_0 where ft1_0.id=?
Hibernate: update ficha_tecnica set categoria_produto=?,codigo=?,codigo_siscomex=?,colecao=?,composicao=?,contrato_cambio_adiant=?,contrato_cambio_pgto_final=?,cor=?,data_amostra_cor=?,data_amostra_producao=?,data_aprovacao_amostra_cor=?,data_aprovacao_amostra_producao=?,data_chegada_destino=?,data_colocacao_pedido=?,data_saida_origem=?,descricao=?,descricao_produto=?,duimp_di=?,estagio=?,fornecedor=?,foto_path=?,gramatura=?,largura=?,marca=?,marca_que_comprou=?,marca_que_utiliza=?,minimo=?,minimo_compra=?,ncm=?,nome_navio=?,numero_pedido=?,observacao_amostra_cor=?,observacao_amostra_producao=?,preco_reais=?,preco_usd=?,qti_pct=?,quantidade_comprada=?,ref_fornecedor=?,ref_texcotton=?,referencia=?,rendimento=?,status_amostra_cor=?,status_amostra_producao=?,status_colecao=?,status_pedido=?,tipo=?,tipo_solicitacao=?,unidade_medida=? where id=?
2026-10-01T09:27:09.953-03:00  WARN 12700 --- [projeto] [nio-8080-exec-3] o.a.c.util.SessionIdGeneratorBase        : Creation of SecureRandom instance for session ID generation using [SHA1PRNG] took [125] milliseconds.
Hibernate: select i1_0.id,i1_0.nome from insumo i1_0
Hibernate: select ft1_0.id,ft1_0.categoria_produto,ft1_0.codigo,ft1_0.codigo_siscomex,ft1_0.colecao,ft1_0.composicao,ft1_0.contrato_cambio_adiant,ft1_0.contrato_cambio_pgto_final,ft1_0.cor,ft1_0.data_amostra_cor,ft1_0.data_amostra_producao,ft1_0.data_aprovacao_amostra_cor,ft1_0.data_aprovacao_amostra_producao,ft1_0.data_chegada_destino,ft1_0.data_colocacao_pedido,ft1_0.data_saida_origem,ft1_0.descricao,ft1_0.descricao_produto,ft1_0.duimp_di,ft1_0.estagio,ft1_0.fornecedor,ft1_0.foto_path,ft1_0.gramatura,ft1_0.largura,ft1_0.marca,ft1_0.marca_que_comprou,ft1_0.marca_que_utiliza,ft1_0.minimo,ft1_0.minimo_compra,ft1_0.ncm,ft1_0.nome_navio,ft1_0.numero_pedido,ft1_0.observacao_amostra_cor,ft1_0.observacao_amostra_producao,ft1_0.preco_reais,ft1_0.preco_usd,ft1_0.qti_pct,ft1_0.quantidade_comprada,ft1_0.ref_fornecedor,ft1_0.ref_texcotton,ft1_0.referencia,ft1_0.rendimento,ft1_0.status_amostra_cor,ft1_0.status_amostra_producao,ft1_0.status_colecao,ft1_0.status_pedido,ft1_0.tipo,ft1_0.tipo_solicitacao,ft1_0.unidade_medida from ficha_tecnica ft1_0 order by ft1_0.id desc
Hibernate: select c1_0.id,c1_0.nome from colecao c1_0
Hibernate: select f1_0.id,f1_0.nome from fornecedor f1_0
Hibernate: select ft1_0.colecao,count(ft1_0.id) from ficha_tecnica ft1_0 where ft1_0.colecao is not null and ft1_0.colecao<>'' group by ft1_0.colecao order by ft1_0.colecao
Hibernate: select i1_0.id,i1_0.nome from insumo i1_0
Hibernate: select ft1_0.id,ft1_0.categoria_produto,ft1_0.codigo,ft1_0.codigo_siscomex,ft1_0.colecao,ft1_0.composicao,ft1_0.contrato_cambio_adiant,ft1_0.contrato_cambio_pgto_final,ft1_0.cor,ft1_0.data_amostra_cor,ft1_0.data_amostra_producao,ft1_0.data_aprovacao_amostra_cor,ft1_0.data_aprovacao_amostra_producao,ft1_0.data_chegada_destino,ft1_0.data_colocacao_pedido,ft1_0.data_saida_origem,ft1_0.descricao,ft1_0.descricao_produto,ft1_0.duimp_di,ft1_0.estagio,ft1_0.fornecedor,ft1_0.foto_path,ft1_0.gramatura,ft1_0.largura,ft1_0.marca,ft1_0.marca_que_comprou,ft1_0.marca_que_utiliza,ft1_0.minimo,ft1_0.minimo_compra,ft1_0.ncm,ft1_0.nome_navio,ft1_0.numero_pedido,ft1_0.observacao_amostra_cor,ft1_0.observacao_amostra_producao,ft1_0.preco_reais,ft1_0.preco_usd,ft1_0.qti_pct,ft1_0.quantidade_comprada,ft1_0.ref_fornecedor,ft1_0.ref_texcotton,ft1_0.referencia,ft1_0.rendimento,ft1_0.status_amostra_cor,ft1_0.status_amostra_producao,ft1_0.status_colecao,ft1_0.status_pedido,ft1_0.tipo,ft1_0.tipo_solicitacao,ft1_0.unidade_medida from ficha_tecnica ft1_0
Hibernate: select m1_0.id,m1_0.nome from marca m1_0
Hibernate: select c1_0.id,c1_0.nome from colecao c1_0
Hibernate: select i1_0.id,i1_0.nome from insumo i1_0
Hibernate: select f1_0.id,f1_0.nome from fornecedor f1_0
Hibernate: select c1_0.id,c1_0.nome from categoria c1_0
Hibernate: select bn1_0.id,bn1_0.colecao,bn1_0.fornecedor,bn1_0.insumo,bn1_0.quantidade from bandeira_novidade bn1_0
Hibernate: select qp1_0.id,qp1_0.anime_aprovado,qp1_0.anime_cancelado,qp1_0.anime_cotado,qp1_0.authoria_aprovado,qp1_0.authoria_cancelado,qp1_0.authoria_cotado,qp1_0.bimbi_aprovado,qp1_0.bimbi_cancelado,qp1_0.bimbi_cotado,qp1_0.colecao,qp1_0.momi_aprovado,qp1_0.momi_cancelado,qp1_0.momi_cotado,qp1_0.tipo_solicitacao,qp1_0.youcciecancelado,qp1_0.youcciecotado,qp1_0.youcciee_aprovado from quadro_planejamento qp1_0
Hibernate: select cp1_0.id,cp1_0.colecao,cp1_0.insumo,cp1_0.marca from cadastro_previo cp1_0
2026-10-01T09:28:30.112-03:00  INFO 12700 --- [projeto] [   scheduling-1] c.e.projeto.service.CsvBackupService     : Backup CSV concluído em C:\Users\sabrina.00858\IdeaProjects\projetoMichele\backups (131 registros no total).
Hibernate: select i1_0.id,i1_0.nome from insumo i1_0
Hibernate: select ft1_0.id,ft1_0.categoria_produto,ft1_0.codigo,ft1_0.codigo_siscomex,ft1_0.colecao,ft1_0.composicao,ft1_0.contrato_cambio_adiant,ft1_0.contrato_cambio_pgto_final,ft1_0.cor,ft1_0.data_amostra_cor,ft1_0.data_amostra_producao,ft1_0.data_aprovacao_amostra_cor,ft1_0.data_aprovacao_amostra_producao,ft1_0.data_chegada_destino,ft1_0.data_colocacao_pedido,ft1_0.data_saida_origem,ft1_0.descricao,ft1_0.descricao_produto,ft1_0.duimp_di,ft1_0.estagio,ft1_0.fornecedor,ft1_0.foto_path,ft1_0.gramatura,ft1_0.largura,ft1_0.marca,ft1_0.marca_que_comprou,ft1_0.marca_que_utiliza,ft1_0.minimo,ft1_0.minimo_compra,ft1_0.ncm,ft1_0.nome_navio,ft1_0.numero_pedido,ft1_0.observacao_amostra_cor,ft1_0.observacao_amostra_producao,ft1_0.preco_reais,ft1_0.preco_usd,ft1_0.qti_pct,ft1_0.quantidade_comprada,ft1_0.ref_fornecedor,ft1_0.ref_texcotton,ft1_0.referencia,ft1_0.rendimento,ft1_0.status_amostra_cor,ft1_0.status_amostra_producao,ft1_0.status_colecao,ft1_0.status_pedido,ft1_0.tipo,ft1_0.tipo_solicitacao,ft1_0.unidade_medida from ficha_tecnica ft1_0 order by ft1_0.id desc
Hibernate: select c1_0.id,c1_0.nome from colecao c1_0
Hibernate: select f1_0.id,f1_0.nome from fornecedor f1_0
Hibernate: select ft1_0.colecao,count(ft1_0.id) from ficha_tecnica ft1_0 where ft1_0.colecao is not null and ft1_0.colecao<>'' group by ft1_0.colecao order by ft1_0.colecao
Hibernate: select i1_0.id,i1_0.nome from insumo i1_0
Hibernate: select ft1_0.id,ft1_0.categoria_produto,ft1_0.codigo,ft1_0.codigo_siscomex,ft1_0.colecao,ft1_0.composicao,ft1_0.contrato_cambio_adiant,ft1_0.contrato_cambio_pgto_final,ft1_0.cor,ft1_0.data_amostra_cor,ft1_0.data_amostra_producao,ft1_0.data_aprovacao_amostra_cor,ft1_0.data_aprovacao_amostra_producao,ft1_0.data_chegada_destino,ft1_0.data_colocacao_pedido,ft1_0.data_saida_origem,ft1_0.descricao,ft1_0.descricao_produto,ft1_0.duimp_di,ft1_0.estagio,ft1_0.fornecedor,ft1_0.foto_path,ft1_0.gramatura,ft1_0.largura,ft1_0.marca,ft1_0.marca_que_comprou,ft1_0.marca_que_utiliza,ft1_0.minimo,ft1_0.minimo_compra,ft1_0.ncm,ft1_0.nome_navio,ft1_0.numero_pedido,ft1_0.observacao_amostra_cor,ft1_0.observacao_amostra_producao,ft1_0.preco_reais,ft1_0.preco_usd,ft1_0.qti_pct,ft1_0.quantidade_comprada,ft1_0.ref_fornecedor,ft1_0.ref_texcotton,ft1_0.referencia,ft1_0.rendimento,ft1_0.status_amostra_cor,ft1_0.status_amostra_producao,ft1_0.status_colecao,ft1_0.status_pedido,ft1_0.tipo,ft1_0.tipo_solicitacao,ft1_0.unidade_medida from ficha_tecnica ft1_0 order by ft1_0.id desc
Hibernate: select c1_0.id,c1_0.nome from colecao c1_0
Hibernate: select f1_0.id,f1_0.nome from fornecedor f1_0
Hibernate: select ft1_0.colecao,count(ft1_0.id) from ficha_tecnica ft1_0 where ft1_0.colecao is not null and ft1_0.colecao<>'' group by ft1_0.colecao order by ft1_0.colecao
Hibernate: select i1_0.id,i1_0.nome from insumo i1_0
Hibernate: select i1_0.id,i1_0.nome from insumo i1_0
Hibernate: select ft1_0.id,ft1_0.categoria_produto,ft1_0.codigo,ft1_0.codigo_siscomex,ft1_0.colecao,ft1_0.composicao,ft1_0.contrato_cambio_adiant,ft1_0.contrato_cambio_pgto_final,ft1_0.cor,ft1_0.data_amostra_cor,ft1_0.data_amostra_producao,ft1_0.data_aprovacao_amostra_cor,ft1_0.data_aprovacao_amostra_producao,ft1_0.data_chegada_destino,ft1_0.data_colocacao_pedido,ft1_0.data_saida_origem,ft1_0.descricao,ft1_0.descricao_produto,ft1_0.duimp_di,ft1_0.estagio,ft1_0.fornecedor,ft1_0.foto_path,ft1_0.gramatura,ft1_0.largura,ft1_0.marca,ft1_0.marca_que_comprou,ft1_0.marca_que_utiliza,ft1_0.minimo,ft1_0.minimo_compra,ft1_0.ncm,ft1_0.nome_navio,ft1_0.numero_pedido,ft1_0.observacao_amostra_cor,ft1_0.observacao_amostra_producao,ft1_0.preco_reais,ft1_0.preco_usd,ft1_0.qti_pct,ft1_0.quantidade_comprada,ft1_0.ref_fornecedor,ft1_0.ref_texcotton,ft1_0.referencia,ft1_0.rendimento,ft1_0.status_amostra_cor,ft1_0.status_amostra_producao,ft1_0.status_colecao,ft1_0.status_pedido,ft1_0.tipo,ft1_0.tipo_solicitacao,ft1_0.unidade_medida from ficha_tecnica ft1_0 order by ft1_0.id desc
Hibernate: select c1_0.id,c1_0.nome from colecao c1_0
Hibernate: select f1_0.id,f1_0.nome from fornecedor f1_0
Hibernate: select ft1_0.colecao,count(ft1_0.id) from ficha_tecnica ft1_0 where ft1_0.colecao is not null and ft1_0.colecao<>'' group by ft1_0.colecao order by ft1_0.colecao
Hibernate: select i1_0.id,i1_0.nome from insumo i1_0
Hibernate: select i1_0.id,i1_0.nome from insumo i1_0
Hibernate: select ft1_0.id,ft1_0.categoria_produto,ft1_0.codigo,ft1_0.codigo_siscomex,ft1_0.colecao,ft1_0.composicao,ft1_0.contrato_cambio_adiant,ft1_0.contrato_cambio_pgto_final,ft1_0.cor,ft1_0.data_amostra_cor,ft1_0.data_amostra_producao,ft1_0.data_aprovacao_amostra_cor,ft1_0.data_aprovacao_amostra_producao,ft1_0.data_chegada_destino,ft1_0.data_colocacao_pedido,ft1_0.data_saida_origem,ft1_0.descricao,ft1_0.descricao_produto,ft1_0.duimp_di,ft1_0.estagio,ft1_0.fornecedor,ft1_0.foto_path,ft1_0.gramatura,ft1_0.largura,ft1_0.marca,ft1_0.marca_que_comprou,ft1_0.marca_que_utiliza,ft1_0.minimo,ft1_0.minimo_compra,ft1_0.ncm,ft1_0.nome_navio,ft1_0.numero_pedido,ft1_0.observacao_amostra_cor,ft1_0.observacao_amostra_producao,ft1_0.preco_reais,ft1_0.preco_usd,ft1_0.qti_pct,ft1_0.quantidade_comprada,ft1_0.ref_fornecedor,ft1_0.ref_texcotton,ft1_0.referencia,ft1_0.rendimento,ft1_0.status_amostra_cor,ft1_0.status_amostra_producao,ft1_0.status_colecao,ft1_0.status_pedido,ft1_0.tipo,ft1_0.tipo_solicitacao,ft1_0.unidade_medida from ficha_tecnica ft1_0 where (? is null or lower(ft1_0.colecao) like lower(('%'||?||'%')) escape '') and (? is null or ft1_0.tipo=?) and (? is null or ft1_0.status_pedido=?) and (? is null or ft1_0.data_colocacao_pedido>=?) and (? is null or ft1_0.data_colocacao_pedido<=?) and (? is null or lower(ft1_0.duimp_di) like lower(('%'||?||'%')) escape '') and (? is null or lower(ft1_0.contrato_cambio_adiant) like lower(('%'||?||'%')) escape '' or lower(ft1_0.contrato_cambio_pgto_final) like lower(('%'||?||'%')) escape '') and (? is null or lower(ft1_0.ref_texcotton) like lower(('%'||?||'%')) escape '' or lower(ft1_0.codigo) like lower(('%'||?||'%')) escape '' or lower(ft1_0.ref_fornecedor) like lower(('%'||?||'%')) escape '') and (? is null or lower(ft1_0.numero_pedido) like lower(('%'||?||'%')) escape '') and (? is null or lower(ft1_0.fornecedor) like lower(('%'||?||'%')) escape '') order by ft1_0.id desc
Hibernate: select c1_0.id,c1_0.nome from colecao c1_0
Hibernate: select f1_0.id,f1_0.nome from fornecedor f1_0
Hibernate: select ft1_0.colecao,count(ft1_0.id) from ficha_tecnica ft1_0 where ft1_0.colecao is not null and ft1_0.colecao<>'' group by ft1_0.colecao order by ft1_0.colecao
Hibernate: select i1_0.id,i1_0.nome from insumo i1_0
Hibernate: select i1_0.id,i1_0.nome from insumo i1_0
Hibernate: select ft1_0.id,ft1_0.categoria_produto,ft1_0.codigo,ft1_0.codigo_siscomex,ft1_0.colecao,ft1_0.composicao,ft1_0.contrato_cambio_adiant,ft1_0.contrato_cambio_pgto_final,ft1_0.cor,ft1_0.data_amostra_cor,ft1_0.data_amostra_producao,ft1_0.data_aprovacao_amostra_cor,ft1_0.data_aprovacao_amostra_producao,ft1_0.data_chegada_destino,ft1_0.data_colocacao_pedido,ft1_0.data_saida_origem,ft1_0.descricao,ft1_0.descricao_produto,ft1_0.duimp_di,ft1_0.estagio,ft1_0.fornecedor,ft1_0.foto_path,ft1_0.gramatura,ft1_0.largura,ft1_0.marca,ft1_0.marca_que_comprou,ft1_0.marca_que_utiliza,ft1_0.minimo,ft1_0.minimo_compra,ft1_0.ncm,ft1_0.nome_navio,ft1_0.numero_pedido,ft1_0.observacao_amostra_cor,ft1_0.observacao_amostra_producao,ft1_0.preco_reais,ft1_0.preco_usd,ft1_0.qti_pct,ft1_0.quantidade_comprada,ft1_0.ref_fornecedor,ft1_0.ref_texcotton,ft1_0.referencia,ft1_0.rendimento,ft1_0.status_amostra_cor,ft1_0.status_amostra_producao,ft1_0.status_colecao,ft1_0.status_pedido,ft1_0.tipo,ft1_0.tipo_solicitacao,ft1_0.unidade_medida from ficha_tecnica ft1_0 where ft1_0.id=?
Hibernate: select m1_0.id,m1_0.nome from marca m1_0
Hibernate: select c1_0.id,c1_0.nome from colecao c1_0
Hibernate: select f1_0.id,f1_0.nome from fornecedor f1_0
Hibernate: select c1_0.id,c1_0.nome from categoria c1_0
Hibernate: select i1_0.id,i1_0.nome from insumo i1_0
Hibernate: select ft1_0.id,ft1_0.categoria_produto,ft1_0.codigo,ft1_0.codigo_siscomex,ft1_0.colecao,ft1_0.composicao,ft1_0.contrato_cambio_adiant,ft1_0.contrato_cambio_pgto_final,ft1_0.cor,ft1_0.data_amostra_cor,ft1_0.data_amostra_producao,ft1_0.data_aprovacao_amostra_cor,ft1_0.data_aprovacao_amostra_producao,ft1_0.data_chegada_destino,ft1_0.data_colocacao_pedido,ft1_0.data_saida_origem,ft1_0.descricao,ft1_0.descricao_produto,ft1_0.duimp_di,ft1_0.estagio,ft1_0.fornecedor,ft1_0.foto_path,ft1_0.gramatura,ft1_0.largura,ft1_0.marca,ft1_0.marca_que_comprou,ft1_0.marca_que_utiliza,ft1_0.minimo,ft1_0.minimo_compra,ft1_0.ncm,ft1_0.nome_navio,ft1_0.numero_pedido,ft1_0.observacao_amostra_cor,ft1_0.observacao_amostra_producao,ft1_0.preco_reais,ft1_0.preco_usd,ft1_0.qti_pct,ft1_0.quantidade_comprada,ft1_0.ref_fornecedor,ft1_0.ref_texcotton,ft1_0.referencia,ft1_0.rendimento,ft1_0.status_amostra_cor,ft1_0.status_amostra_producao,ft1_0.status_colecao,ft1_0.status_pedido,ft1_0.tipo,ft1_0.tipo_solicitacao,ft1_0.unidade_medida from ficha_tecnica ft1_0 where ft1_0.id=?
Hibernate: update ficha_tecnica set categoria_produto=?,codigo=?,codigo_siscomex=?,colecao=?,composicao=?,contrato_cambio_adiant=?,contrato_cambio_pgto_final=?,cor=?,data_amostra_cor=?,data_amostra_producao=?,data_aprovacao_amostra_cor=?,data_aprovacao_amostra_producao=?,data_chegada_destino=?,data_colocacao_pedido=?,data_saida_origem=?,descricao=?,descricao_produto=?,duimp_di=?,estagio=?,fornecedor=?,foto_path=?,gramatura=?,largura=?,marca=?,marca_que_comprou=?,marca_que_utiliza=?,minimo=?,minimo_compra=?,ncm=?,nome_navio=?,numero_pedido=?,observacao_amostra_cor=?,observacao_amostra_producao=?,preco_reais=?,preco_usd=?,qti_pct=?,quantidade_comprada=?,ref_fornecedor=?,ref_texcotton=?,referencia=?,rendimento=?,status_amostra_cor=?,status_amostra_producao=?,status_colecao=?,status_pedido=?,tipo=?,tipo_solicitacao=?,unidade_medida=? where id=?
Hibernate: select i1_0.id,i1_0.nome from insumo i1_0
Hibernate: select ft1_0.id,ft1_0.categoria_produto,ft1_0.codigo,ft1_0.codigo_siscomex,ft1_0.colecao,ft1_0.composicao,ft1_0.contrato_cambio_adiant,ft1_0.contrato_cambio_pgto_final,ft1_0.cor,ft1_0.data_amostra_cor,ft1_0.data_amostra_producao,ft1_0.data_aprovacao_amostra_cor,ft1_0.data_aprovacao_amostra_producao,ft1_0.data_chegada_destino,ft1_0.data_colocacao_pedido,ft1_0.data_saida_origem,ft1_0.descricao,ft1_0.descricao_produto,ft1_0.duimp_di,ft1_0.estagio,ft1_0.fornecedor,ft1_0.foto_path,ft1_0.gramatura,ft1_0.largura,ft1_0.marca,ft1_0.marca_que_comprou,ft1_0.marca_que_utiliza,ft1_0.minimo,ft1_0.minimo_compra,ft1_0.ncm,ft1_0.nome_navio,ft1_0.numero_pedido,ft1_0.observacao_amostra_cor,ft1_0.observacao_amostra_producao,ft1_0.preco_reais,ft1_0.preco_usd,ft1_0.qti_pct,ft1_0.quantidade_comprada,ft1_0.ref_fornecedor,ft1_0.ref_texcotton,ft1_0.referencia,ft1_0.rendimento,ft1_0.status_amostra_cor,ft1_0.status_amostra_producao,ft1_0.status_colecao,ft1_0.status_pedido,ft1_0.tipo,ft1_0.tipo_solicitacao,ft1_0.unidade_medida from ficha_tecnica ft1_0 where (? is null or lower(ft1_0.colecao) like lower(('%'||?||'%')) escape '') and (? is null or ft1_0.tipo=?) and (? is null or ft1_0.status_pedido=?) and (? is null or ft1_0.data_colocacao_pedido>=?) and (? is null or ft1_0.data_colocacao_pedido<=?) and (? is null or lower(ft1_0.duimp_di) like lower(('%'||?||'%')) escape '') and (? is null or lower(ft1_0.contrato_cambio_adiant) like lower(('%'||?||'%')) escape '' or lower(ft1_0.contrato_cambio_pgto_final) like lower(('%'||?||'%')) escape '') and (? is null or lower(ft1_0.ref_texcotton) like lower(('%'||?||'%')) escape '' or lower(ft1_0.codigo) like lower(('%'||?||'%')) escape '' or lower(ft1_0.ref_fornecedor) like lower(('%'||?||'%')) escape '') and (? is null or lower(ft1_0.numero_pedido) like lower(('%'||?||'%')) escape '') and (? is null or lower(ft1_0.fornecedor) like lower(('%'||?||'%')) escape '') order by ft1_0.id desc
Hibernate: select c1_0.id,c1_0.nome from colecao c1_0
Hibernate: select f1_0.id,f1_0.nome from fornecedor f1_0
Hibernate: select ft1_0.colecao,count(ft1_0.id) from ficha_tecnica ft1_0 where ft1_0.colecao is not null and ft1_0.colecao<>'' group by ft1_0.colecao order by ft1_0.colecao
Hibernate: select i1_0.id,i1_0.nome from insumo i1_0
Hibernate: select i1_0.id,i1_0.nome from insumo i1_0
Hibernate: select ft1_0.id,ft1_0.categoria_produto,ft1_0.codigo,ft1_0.codigo_siscomex,ft1_0.colecao,ft1_0.composicao,ft1_0.contrato_cambio_adiant,ft1_0.contrato_cambio_pgto_final,ft1_0.cor,ft1_0.data_amostra_cor,ft1_0.data_amostra_producao,ft1_0.data_aprovacao_amostra_cor,ft1_0.data_aprovacao_amostra_producao,ft1_0.data_chegada_destino,ft1_0.data_colocacao_pedido,ft1_0.data_saida_origem,ft1_0.descricao,ft1_0.descricao_produto,ft1_0.duimp_di,ft1_0.estagio,ft1_0.fornecedor,ft1_0.foto_path,ft1_0.gramatura,ft1_0.largura,ft1_0.marca,ft1_0.marca_que_comprou,ft1_0.marca_que_utiliza,ft1_0.minimo,ft1_0.minimo_compra,ft1_0.ncm,ft1_0.nome_navio,ft1_0.numero_pedido,ft1_0.observacao_amostra_cor,ft1_0.observacao_amostra_producao,ft1_0.preco_reais,ft1_0.preco_usd,ft1_0.qti_pct,ft1_0.quantidade_comprada,ft1_0.ref_fornecedor,ft1_0.ref_texcotton,ft1_0.referencia,ft1_0.rendimento,ft1_0.status_amostra_cor,ft1_0.status_amostra_producao,ft1_0.status_colecao,ft1_0.status_pedido,ft1_0.tipo,ft1_0.tipo_solicitacao,ft1_0.unidade_medida from ficha_tecnica ft1_0 where ft1_0.id=?
Hibernate: select m1_0.id,m1_0.nome from marca m1_0
Hibernate: select c1_0.id,c1_0.nome from colecao c1_0
Hibernate: select f1_0.id,f1_0.nome from fornecedor f1_0
Hibernate: select c1_0.id,c1_0.nome from categoria c1_0
Hibernate: select i1_0.id,i1_0.nome from insumo i1_0
Hibernate: select ft1_0.id,ft1_0.categoria_produto,ft1_0.codigo,ft1_0.codigo_siscomex,ft1_0.colecao,ft1_0.composicao,ft1_0.contrato_cambio_adiant,ft1_0.contrato_cambio_pgto_final,ft1_0.cor,ft1_0.data_amostra_cor,ft1_0.data_amostra_producao,ft1_0.data_aprovacao_amostra_cor,ft1_0.data_aprovacao_amostra_producao,ft1_0.data_chegada_destino,ft1_0.data_colocacao_pedido,ft1_0.data_saida_origem,ft1_0.descricao,ft1_0.descricao_produto,ft1_0.duimp_di,ft1_0.estagio,ft1_0.fornecedor,ft1_0.foto_path,ft1_0.gramatura,ft1_0.largura,ft1_0.marca,ft1_0.marca_que_comprou,ft1_0.marca_que_utiliza,ft1_0.minimo,ft1_0.minimo_compra,ft1_0.ncm,ft1_0.nome_navio,ft1_0.numero_pedido,ft1_0.observacao_amostra_cor,ft1_0.observacao_amostra_producao,ft1_0.preco_reais,ft1_0.preco_usd,ft1_0.qti_pct,ft1_0.quantidade_comprada,ft1_0.ref_fornecedor,ft1_0.ref_texcotton,ft1_0.referencia,ft1_0.rendimento,ft1_0.status_amostra_cor,ft1_0.status_amostra_producao,ft1_0.status_colecao,ft1_0.status_pedido,ft1_0.tipo,ft1_0.tipo_solicitacao,ft1_0.unidade_medida from ficha_tecnica ft1_0 where ft1_0.id=?
Hibernate: update ficha_tecnica set categoria_produto=?,codigo=?,codigo_siscomex=?,colecao=?,composicao=?,contrato_cambio_adiant=?,contrato_cambio_pgto_final=?,cor=?,data_amostra_cor=?,data_amostra_producao=?,data_aprovacao_amostra_cor=?,data_aprovacao_amostra_producao=?,data_chegada_destino=?,data_colocacao_pedido=?,data_saida_origem=?,descricao=?,descricao_produto=?,duimp_di=?,estagio=?,fornecedor=?,foto_path=?,gramatura=?,largura=?,marca=?,marca_que_comprou=?,marca_que_utiliza=?,minimo=?,minimo_compra=?,ncm=?,nome_navio=?,numero_pedido=?,observacao_amostra_cor=?,observacao_amostra_producao=?,preco_reais=?,preco_usd=?,qti_pct=?,quantidade_comprada=?,ref_fornecedor=?,ref_texcotton=?,referencia=?,rendimento=?,status_amostra_cor=?,status_amostra_producao=?,status_colecao=?,status_pedido=?,tipo=?,tipo_solicitacao=?,unidade_medida=? where id=?
Hibernate: select i1_0.id,i1_0.nome from insumo i1_0
Hibernate: select ft1_0.id,ft1_0.categoria_produto,ft1_0.codigo,ft1_0.codigo_siscomex,ft1_0.colecao,ft1_0.composicao,ft1_0.contrato_cambio_adiant,ft1_0.contrato_cambio_pgto_final,ft1_0.cor,ft1_0.data_amostra_cor,ft1_0.data_amostra_producao,ft1_0.data_aprovacao_amostra_cor,ft1_0.data_aprovacao_amostra_producao,ft1_0.data_chegada_destino,ft1_0.data_colocacao_pedido,ft1_0.data_saida_origem,ft1_0.descricao,ft1_0.descricao_produto,ft1_0.duimp_di,ft1_0.estagio,ft1_0.fornecedor,ft1_0.foto_path,ft1_0.gramatura,ft1_0.largura,ft1_0.marca,ft1_0.marca_que_comprou,ft1_0.marca_que_utiliza,ft1_0.minimo,ft1_0.minimo_compra,ft1_0.ncm,ft1_0.nome_navio,ft1_0.numero_pedido,ft1_0.observacao_amostra_cor,ft1_0.observacao_amostra_producao,ft1_0.preco_reais,ft1_0.preco_usd,ft1_0.qti_pct,ft1_0.quantidade_comprada,ft1_0.ref_fornecedor,ft1_0.ref_texcotton,ft1_0.referencia,ft1_0.rendimento,ft1_0.status_amostra_cor,ft1_0.status_amostra_producao,ft1_0.status_colecao,ft1_0.status_pedido,ft1_0.tipo,ft1_0.tipo_solicitacao,ft1_0.unidade_medida from ficha_tecnica ft1_0 where (? is null or lower(ft1_0.colecao) like lower(('%'||?||'%')) escape '') and (? is null or ft1_0.tipo=?) and (? is null or ft1_0.status_pedido=?) and (? is null or ft1_0.data_colocacao_pedido>=?) and (? is null or ft1_0.data_colocacao_pedido<=?) and (? is null or lower(ft1_0.duimp_di) like lower(('%'||?||'%')) escape '') and (? is null or lower(ft1_0.contrato_cambio_adiant) like lower(('%'||?||'%')) escape '' or lower(ft1_0.contrato_cambio_pgto_final) like lower(('%'||?||'%')) escape '') and (? is null or lower(ft1_0.ref_texcotton) like lower(('%'||?||'%')) escape '' or lower(ft1_0.codigo) like lower(('%'||?||'%')) escape '' or lower(ft1_0.ref_fornecedor) like lower(('%'||?||'%')) escape '') and (? is null or lower(ft1_0.numero_pedido) like lower(('%'||?||'%')) escape '') and (? is null or lower(ft1_0.fornecedor) like lower(('%'||?||'%')) escape '') order by ft1_0.id desc
Hibernate: select c1_0.id,c1_0.nome from colecao c1_0
Hibernate: select f1_0.id,f1_0.nome from fornecedor f1_0
Hibernate: select ft1_0.colecao,count(ft1_0.id) from ficha_tecnica ft1_0 where ft1_0.colecao is not null and ft1_0.colecao<>'' group by ft1_0.colecao order by ft1_0.colecao
Hibernate: select i1_0.id,i1_0.nome from insumo i1_0
Hibernate: select i1_0.id,i1_0.nome from insumo i1_0
Hibernate: select ft1_0.id,ft1_0.categoria_produto,ft1_0.codigo,ft1_0.codigo_siscomex,ft1_0.colecao,ft1_0.composicao,ft1_0.contrato_cambio_adiant,ft1_0.contrato_cambio_pgto_final,ft1_0.cor,ft1_0.data_amostra_cor,ft1_0.data_amostra_producao,ft1_0.data_aprovacao_amostra_cor,ft1_0.data_aprovacao_amostra_producao,ft1_0.data_chegada_destino,ft1_0.data_colocacao_pedido,ft1_0.data_saida_origem,ft1_0.descricao,ft1_0.descricao_produto,ft1_0.duimp_di,ft1_0.estagio,ft1_0.fornecedor,ft1_0.foto_path,ft1_0.gramatura,ft1_0.largura,ft1_0.marca,ft1_0.marca_que_comprou,ft1_0.marca_que_utiliza,ft1_0.minimo,ft1_0.minimo_compra,ft1_0.ncm,ft1_0.nome_navio,ft1_0.numero_pedido,ft1_0.observacao_amostra_cor,ft1_0.observacao_amostra_producao,ft1_0.preco_reais,ft1_0.preco_usd,ft1_0.qti_pct,ft1_0.quantidade_comprada,ft1_0.ref_fornecedor,ft1_0.ref_texcotton,ft1_0.referencia,ft1_0.rendimento,ft1_0.status_amostra_cor,ft1_0.status_amostra_producao,ft1_0.status_colecao,ft1_0.status_pedido,ft1_0.tipo,ft1_0.tipo_solicitacao,ft1_0.unidade_medida from ficha_tecnica ft1_0 where ft1_0.id=?
Hibernate: select m1_0.id,m1_0.nome from marca m1_0
Hibernate: select c1_0.id,c1_0.nome from colecao c1_0
Hibernate: select f1_0.id,f1_0.nome from fornecedor f1_0
Hibernate: select c1_0.id,c1_0.nome from categoria c1_0
Hibernate: select i1_0.id,i1_0.nome from insumo i1_0
Hibernate: select ft1_0.id,ft1_0.categoria_produto,ft1_0.codigo,ft1_0.codigo_siscomex,ft1_0.colecao,ft1_0.composicao,ft1_0.contrato_cambio_adiant,ft1_0.contrato_cambio_pgto_final,ft1_0.cor,ft1_0.data_amostra_cor,ft1_0.data_amostra_producao,ft1_0.data_aprovacao_amostra_cor,ft1_0.data_aprovacao_amostra_producao,ft1_0.data_chegada_destino,ft1_0.data_colocacao_pedido,ft1_0.data_saida_origem,ft1_0.descricao,ft1_0.descricao_produto,ft1_0.duimp_di,ft1_0.estagio,ft1_0.fornecedor,ft1_0.foto_path,ft1_0.gramatura,ft1_0.largura,ft1_0.marca,ft1_0.marca_que_comprou,ft1_0.marca_que_utiliza,ft1_0.minimo,ft1_0.minimo_compra,ft1_0.ncm,ft1_0.nome_navio,ft1_0.numero_pedido,ft1_0.observacao_amostra_cor,ft1_0.observacao_amostra_producao,ft1_0.preco_reais,ft1_0.preco_usd,ft1_0.qti_pct,ft1_0.quantidade_comprada,ft1_0.ref_fornecedor,ft1_0.ref_texcotton,ft1_0.referencia,ft1_0.rendimento,ft1_0.status_amostra_cor,ft1_0.status_amostra_producao,ft1_0.status_colecao,ft1_0.status_pedido,ft1_0.tipo,ft1_0.tipo_solicitacao,ft1_0.unidade_medida from ficha_tecnica ft1_0 where ft1_0.id=?
Hibernate: update ficha_tecnica set categoria_produto=?,codigo=?,codigo_siscomex=?,colecao=?,composicao=?,contrato_cambio_adiant=?,contrato_cambio_pgto_final=?,cor=?,data_amostra_cor=?,data_amostra_producao=?,data_aprovacao_amostra_cor=?,data_aprovacao_amostra_producao=?,data_chegada_destino=?,data_colocacao_pedido=?,data_saida_origem=?,descricao=?,descricao_produto=?,duimp_di=?,estagio=?,fornecedor=?,foto_path=?,gramatura=?,largura=?,marca=?,marca_que_comprou=?,marca_que_utiliza=?,minimo=?,minimo_compra=?,ncm=?,nome_navio=?,numero_pedido=?,observacao_amostra_cor=?,observacao_amostra_producao=?,preco_reais=?,preco_usd=?,qti_pct=?,quantidade_comprada=?,ref_fornecedor=?,ref_texcotton=?,referencia=?,rendimento=?,status_amostra_cor=?,status_amostra_producao=?,status_colecao=?,status_pedido=?,tipo=?,tipo_solicitacao=?,unidade_medida=? where id=?
Hibernate: select i1_0.id,i1_0.nome from insumo i1_0
Hibernate: select ft1_0.id,ft1_0.categoria_produto,ft1_0.codigo,ft1_0.codigo_siscomex,ft1_0.colecao,ft1_0.composicao,ft1_0.contrato_cambio_adiant,ft1_0.contrato_cambio_pgto_final,ft1_0.cor,ft1_0.data_amostra_cor,ft1_0.data_amostra_producao,ft1_0.data_aprovacao_amostra_cor,ft1_0.data_aprovacao_amostra_producao,ft1_0.data_chegada_destino,ft1_0.data_colocacao_pedido,ft1_0.data_saida_origem,ft1_0.descricao,ft1_0.descricao_produto,ft1_0.duimp_di,ft1_0.estagio,ft1_0.fornecedor,ft1_0.foto_path,ft1_0.gramatura,ft1_0.largura,ft1_0.marca,ft1_0.marca_que_comprou,ft1_0.marca_que_utiliza,ft1_0.minimo,ft1_0.minimo_compra,ft1_0.ncm,ft1_0.nome_navio,ft1_0.numero_pedido,ft1_0.observacao_amostra_cor,ft1_0.observacao_amostra_producao,ft1_0.preco_reais,ft1_0.preco_usd,ft1_0.qti_pct,ft1_0.quantidade_comprada,ft1_0.ref_fornecedor,ft1_0.ref_texcotton,ft1_0.referencia,ft1_0.rendimento,ft1_0.status_amostra_cor,ft1_0.status_amostra_producao,ft1_0.status_colecao,ft1_0.status_pedido,ft1_0.tipo,ft1_0.tipo_solicitacao,ft1_0.unidade_medida from ficha_tecnica ft1_0 where (? is null or lower(ft1_0.colecao) like lower(('%'||?||'%')) escape '') and (? is null or ft1_0.tipo=?) and (? is null or ft1_0.status_pedido=?) and (? is null or ft1_0.data_colocacao_pedido>=?) and (? is null or ft1_0.data_colocacao_pedido<=?) and (? is null or lower(ft1_0.duimp_di) like lower(('%'||?||'%')) escape '') and (? is null or lower(ft1_0.contrato_cambio_adiant) like lower(('%'||?||'%')) escape '' or lower(ft1_0.contrato_cambio_pgto_final) like lower(('%'||?||'%')) escape '') and (? is null or lower(ft1_0.ref_texcotton) like lower(('%'||?||'%')) escape '' or lower(ft1_0.codigo) like lower(('%'||?||'%')) escape '' or lower(ft1_0.ref_fornecedor) like lower(('%'||?||'%')) escape '') and (? is null or lower(ft1_0.numero_pedido) like lower(('%'||?||'%')) escape '') and (? is null or lower(ft1_0.fornecedor) like lower(('%'||?||'%')) escape '') order by ft1_0.id desc
Hibernate: select c1_0.id,c1_0.nome from colecao c1_0
Hibernate: select f1_0.id,f1_0.nome from fornecedor f1_0
Hibernate: select ft1_0.colecao,count(ft1_0.id) from ficha_tecnica ft1_0 where ft1_0.colecao is not null and ft1_0.colecao<>'' group by ft1_0.colecao order by ft1_0.colecao
Hibernate: select i1_0.id,i1_0.nome from insumo i1_0
Hibernate: select i1_0.id,i1_0.nome from insumo i1_0
Hibernate: select ft1_0.id,ft1_0.categoria_produto,ft1_0.codigo,ft1_0.codigo_siscomex,ft1_0.colecao,ft1_0.composicao,ft1_0.contrato_cambio_adiant,ft1_0.contrato_cambio_pgto_final,ft1_0.cor,ft1_0.data_amostra_cor,ft1_0.data_amostra_producao,ft1_0.data_aprovacao_amostra_cor,ft1_0.data_aprovacao_amostra_producao,ft1_0.data_chegada_destino,ft1_0.data_colocacao_pedido,ft1_0.data_saida_origem,ft1_0.descricao,ft1_0.descricao_produto,ft1_0.duimp_di,ft1_0.estagio,ft1_0.fornecedor,ft1_0.foto_path,ft1_0.gramatura,ft1_0.largura,ft1_0.marca,ft1_0.marca_que_comprou,ft1_0.marca_que_utiliza,ft1_0.minimo,ft1_0.minimo_compra,ft1_0.ncm,ft1_0.nome_navio,ft1_0.numero_pedido,ft1_0.observacao_amostra_cor,ft1_0.observacao_amostra_producao,ft1_0.preco_reais,ft1_0.preco_usd,ft1_0.qti_pct,ft1_0.quantidade_comprada,ft1_0.ref_fornecedor,ft1_0.ref_texcotton,ft1_0.referencia,ft1_0.rendimento,ft1_0.status_amostra_cor,ft1_0.status_amostra_producao,ft1_0.status_colecao,ft1_0.status_pedido,ft1_0.tipo,ft1_0.tipo_solicitacao,ft1_0.unidade_medida from ficha_tecnica ft1_0 where ft1_0.id=?
Hibernate: select m1_0.id,m1_0.nome from marca m1_0
Hibernate: select c1_0.id,c1_0.nome from colecao c1_0
Hibernate: select f1_0.id,f1_0.nome from fornecedor f1_0
Hibernate: select c1_0.id,c1_0.nome from categoria c1_0
Hibernate: select i1_0.id,i1_0.nome from insumo i1_0
Hibernate: select ft1_0.id,ft1_0.categoria_produto,ft1_0.codigo,ft1_0.codigo_siscomex,ft1_0.colecao,ft1_0.composicao,ft1_0.contrato_cambio_adiant,ft1_0.contrato_cambio_pgto_final,ft1_0.cor,ft1_0.data_amostra_cor,ft1_0.data_amostra_producao,ft1_0.data_aprovacao_amostra_cor,ft1_0.data_aprovacao_amostra_producao,ft1_0.data_chegada_destino,ft1_0.data_colocacao_pedido,ft1_0.data_saida_origem,ft1_0.descricao,ft1_0.descricao_produto,ft1_0.duimp_di,ft1_0.estagio,ft1_0.fornecedor,ft1_0.foto_path,ft1_0.gramatura,ft1_0.largura,ft1_0.marca,ft1_0.marca_que_comprou,ft1_0.marca_que_utiliza,ft1_0.minimo,ft1_0.minimo_compra,ft1_0.ncm,ft1_0.nome_navio,ft1_0.numero_pedido,ft1_0.observacao_amostra_cor,ft1_0.observacao_amostra_producao,ft1_0.preco_reais,ft1_0.preco_usd,ft1_0.qti_pct,ft1_0.quantidade_comprada,ft1_0.ref_fornecedor,ft1_0.ref_texcotton,ft1_0.referencia,ft1_0.rendimento,ft1_0.status_amostra_cor,ft1_0.status_amostra_producao,ft1_0.status_colecao,ft1_0.status_pedido,ft1_0.tipo,ft1_0.tipo_solicitacao,ft1_0.unidade_medida from ficha_tecnica ft1_0 where ft1_0.id=?
Hibernate: update ficha_tecnica set categoria_produto=?,codigo=?,codigo_siscomex=?,colecao=?,composicao=?,contrato_cambio_adiant=?,contrato_cambio_pgto_final=?,cor=?,data_amostra_cor=?,data_amostra_producao=?,data_aprovacao_amostra_cor=?,data_aprovacao_amostra_producao=?,data_chegada_destino=?,data_colocacao_pedido=?,data_saida_origem=?,descricao=?,descricao_produto=?,duimp_di=?,estagio=?,fornecedor=?,foto_path=?,gramatura=?,largura=?,marca=?,marca_que_comprou=?,marca_que_utiliza=?,minimo=?,minimo_compra=?,ncm=?,nome_navio=?,numero_pedido=?,observacao_amostra_cor=?,observacao_amostra_producao=?,preco_reais=?,preco_usd=?,qti_pct=?,quantidade_comprada=?,ref_fornecedor=?,ref_texcotton=?,referencia=?,rendimento=?,status_amostra_cor=?,status_amostra_producao=?,status_colecao=?,status_pedido=?,tipo=?,tipo_solicitacao=?,unidade_medida=? where id=?
Hibernate: select i1_0.id,i1_0.nome from insumo i1_0
Hibernate: select ft1_0.id,ft1_0.categoria_produto,ft1_0.codigo,ft1_0.codigo_siscomex,ft1_0.colecao,ft1_0.composicao,ft1_0.contrato_cambio_adiant,ft1_0.contrato_cambio_pgto_final,ft1_0.cor,ft1_0.data_amostra_cor,ft1_0.data_amostra_producao,ft1_0.data_aprovacao_amostra_cor,ft1_0.data_aprovacao_amostra_producao,ft1_0.data_chegada_destino,ft1_0.data_colocacao_pedido,ft1_0.data_saida_origem,ft1_0.descricao,ft1_0.descricao_produto,ft1_0.duimp_di,ft1_0.estagio,ft1_0.fornecedor,ft1_0.foto_path,ft1_0.gramatura,ft1_0.largura,ft1_0.marca,ft1_0.marca_que_comprou,ft1_0.marca_que_utiliza,ft1_0.minimo,ft1_0.minimo_compra,ft1_0.ncm,ft1_0.nome_navio,ft1_0.numero_pedido,ft1_0.observacao_amostra_cor,ft1_0.observacao_amostra_producao,ft1_0.preco_reais,ft1_0.preco_usd,ft1_0.qti_pct,ft1_0.quantidade_comprada,ft1_0.ref_fornecedor,ft1_0.ref_texcotton,ft1_0.referencia,ft1_0.rendimento,ft1_0.status_amostra_cor,ft1_0.status_amostra_producao,ft1_0.status_colecao,ft1_0.status_pedido,ft1_0.tipo,ft1_0.tipo_solicitacao,ft1_0.unidade_medida from ficha_tecnica ft1_0 where (? is null or lower(ft1_0.colecao) like lower(('%'||?||'%')) escape '') and (? is null or ft1_0.tipo=?) and (? is null or ft1_0.status_pedido=?) and (? is null or ft1_0.data_colocacao_pedido>=?) and (? is null or ft1_0.data_colocacao_pedido<=?) and (? is null or lower(ft1_0.duimp_di) like lower(('%'||?||'%')) escape '') and (? is null or lower(ft1_0.contrato_cambio_adiant) like lower(('%'||?||'%')) escape '' or lower(ft1_0.contrato_cambio_pgto_final) like lower(('%'||?||'%')) escape '') and (? is null or lower(ft1_0.ref_texcotton) like lower(('%'||?||'%')) escape '' or lower(ft1_0.codigo) like lower(('%'||?||'%')) escape '' or lower(ft1_0.ref_fornecedor) like lower(('%'||?||'%')) escape '') and (? is null or lower(ft1_0.numero_pedido) like lower(('%'||?||'%')) escape '') and (? is null or lower(ft1_0.fornecedor) like lower(('%'||?||'%')) escape '') order by ft1_0.id desc
Hibernate: select c1_0.id,c1_0.nome from colecao c1_0
Hibernate: select f1_0.id,f1_0.nome from fornecedor f1_0
Hibernate: select ft1_0.colecao,count(ft1_0.id) from ficha_tecnica ft1_0 where ft1_0.colecao is not null and ft1_0.colecao<>'' group by ft1_0.colecao order by ft1_0.colecao
Hibernate: select i1_0.id,i1_0.nome from insumo i1_0
Hibernate: select i1_0.id,i1_0.nome from insumo i1_0
Hibernate: select ft1_0.id,ft1_0.categoria_produto,ft1_0.codigo,ft1_0.codigo_siscomex,ft1_0.colecao,ft1_0.composicao,ft1_0.contrato_cambio_adiant,ft1_0.contrato_cambio_pgto_final,ft1_0.cor,ft1_0.data_amostra_cor,ft1_0.data_amostra_producao,ft1_0.data_aprovacao_amostra_cor,ft1_0.data_aprovacao_amostra_producao,ft1_0.data_chegada_destino,ft1_0.data_colocacao_pedido,ft1_0.data_saida_origem,ft1_0.descricao,ft1_0.descricao_produto,ft1_0.duimp_di,ft1_0.estagio,ft1_0.fornecedor,ft1_0.foto_path,ft1_0.gramatura,ft1_0.largura,ft1_0.marca,ft1_0.marca_que_comprou,ft1_0.marca_que_utiliza,ft1_0.minimo,ft1_0.minimo_compra,ft1_0.ncm,ft1_0.nome_navio,ft1_0.numero_pedido,ft1_0.observacao_amostra_cor,ft1_0.observacao_amostra_producao,ft1_0.preco_reais,ft1_0.preco_usd,ft1_0.qti_pct,ft1_0.quantidade_comprada,ft1_0.ref_fornecedor,ft1_0.ref_texcotton,ft1_0.referencia,ft1_0.rendimento,ft1_0.status_amostra_cor,ft1_0.status_amostra_producao,ft1_0.status_colecao,ft1_0.status_pedido,ft1_0.tipo,ft1_0.tipo_solicitacao,ft1_0.unidade_medida from ficha_tecnica ft1_0 where ft1_0.id=?
Hibernate: select m1_0.id,m1_0.nome from marca m1_0
Hibernate: select c1_0.id,c1_0.nome from colecao c1_0
Hibernate: select f1_0.id,f1_0.nome from fornecedor f1_0
Hibernate: select c1_0.id,c1_0.nome from categoria c1_0
Hibernate: select ft1_0.id,ft1_0.categoria_produto,ft1_0.codigo,ft1_0.codigo_siscomex,ft1_0.colecao,ft1_0.composicao,ft1_0.contrato_cambio_adiant,ft1_0.contrato_cambio_pgto_final,ft1_0.cor,ft1_0.data_amostra_cor,ft1_0.data_amostra_producao,ft1_0.data_aprovacao_amostra_cor,ft1_0.data_aprovacao_amostra_producao,ft1_0.data_chegada_destino,ft1_0.data_colocacao_pedido,ft1_0.data_saida_origem,ft1_0.descricao,ft1_0.descricao_produto,ft1_0.duimp_di,ft1_0.estagio,ft1_0.fornecedor,ft1_0.foto_path,ft1_0.gramatura,ft1_0.largura,ft1_0.marca,ft1_0.marca_que_comprou,ft1_0.marca_que_utiliza,ft1_0.minimo,ft1_0.minimo_compra,ft1_0.ncm,ft1_0.nome_navio,ft1_0.numero_pedido,ft1_0.observacao_amostra_cor,ft1_0.observacao_amostra_producao,ft1_0.preco_reais,ft1_0.preco_usd,ft1_0.qti_pct,ft1_0.quantidade_comprada,ft1_0.ref_fornecedor,ft1_0.ref_texcotton,ft1_0.referencia,ft1_0.rendimento,ft1_0.status_amostra_cor,ft1_0.status_amostra_producao,ft1_0.status_colecao,ft1_0.status_pedido,ft1_0.tipo,ft1_0.tipo_solicitacao,ft1_0.unidade_medida from ficha_tecnica ft1_0
Hibernate: select m1_0.id,m1_0.nome from marca m1_0
Hibernate: select c1_0.id,c1_0.nome from colecao c1_0
Hibernate: select i1_0.id,i1_0.nome from insumo i1_0
Hibernate: select f1_0.id,f1_0.nome from fornecedor f1_0
Hibernate: select c1_0.id,c1_0.nome from categoria c1_0
Hibernate: select bn1_0.id,bn1_0.colecao,bn1_0.fornecedor,bn1_0.insumo,bn1_0.quantidade from bandeira_novidade bn1_0
Hibernate: select qp1_0.id,qp1_0.anime_aprovado,qp1_0.anime_cancelado,qp1_0.anime_cotado,qp1_0.authoria_aprovado,qp1_0.authoria_cancelado,qp1_0.authoria_cotado,qp1_0.bimbi_aprovado,qp1_0.bimbi_cancelado,qp1_0.bimbi_cotado,qp1_0.colecao,qp1_0.momi_aprovado,qp1_0.momi_cancelado,qp1_0.momi_cotado,qp1_0.tipo_solicitacao,qp1_0.youcciecancelado,qp1_0.youcciecotado,qp1_0.youcciee_aprovado from quadro_planejamento qp1_0
Hibernate: select cp1_0.id,cp1_0.colecao,cp1_0.insumo,cp1_0.marca from cadastro_previo cp1_0
2026-10-01T09:33:30.187-03:00  INFO 12700 --- [projeto] [   scheduling-1] c.e.projeto.service.CsvBackupService     : Backup CSV concluído em C:\Users\sabrina.00858\IdeaProjects\projetoMichele\backups (131 registros no total).
Hibernate: select i1_0.id,i1_0.nome from insumo i1_0
Hibernate: select ft1_0.id,ft1_0.categoria_produto,ft1_0.codigo,ft1_0.codigo_siscomex,ft1_0.colecao,ft1_0.composicao,ft1_0.contrato_cambio_adiant,ft1_0.contrato_cambio_pgto_final,ft1_0.cor,ft1_0.data_amostra_cor,ft1_0.data_amostra_producao,ft1_0.data_aprovacao_amostra_cor,ft1_0.data_aprovacao_amostra_producao,ft1_0.data_chegada_destino,ft1_0.data_colocacao_pedido,ft1_0.data_saida_origem,ft1_0.descricao,ft1_0.descricao_produto,ft1_0.duimp_di,ft1_0.estagio,ft1_0.fornecedor,ft1_0.foto_path,ft1_0.gramatura,ft1_0.largura,ft1_0.marca,ft1_0.marca_que_comprou,ft1_0.marca_que_utiliza,ft1_0.minimo,ft1_0.minimo_compra,ft1_0.ncm,ft1_0.nome_navio,ft1_0.numero_pedido,ft1_0.observacao_amostra_cor,ft1_0.observacao_amostra_producao,ft1_0.preco_reais,ft1_0.preco_usd,ft1_0.qti_pct,ft1_0.quantidade_comprada,ft1_0.ref_fornecedor,ft1_0.ref_texcotton,ft1_0.referencia,ft1_0.rendimento,ft1_0.status_amostra_cor,ft1_0.status_amostra_producao,ft1_0.status_colecao,ft1_0.status_pedido,ft1_0.tipo,ft1_0.tipo_solicitacao,ft1_0.unidade_medida from ficha_tecnica ft1_0 where ft1_0.id=?
Hibernate: update ficha_tecnica set categoria_produto=?,codigo=?,codigo_siscomex=?,colecao=?,composicao=?,contrato_cambio_adiant=?,contrato_cambio_pgto_final=?,cor=?,data_amostra_cor=?,data_amostra_producao=?,data_aprovacao_amostra_cor=?,data_aprovacao_amostra_producao=?,data_chegada_destino=?,data_colocacao_pedido=?,data_saida_origem=?,descricao=?,descricao_produto=?,duimp_di=?,estagio=?,fornecedor=?,foto_path=?,gramatura=?,largura=?,marca=?,marca_que_comprou=?,marca_que_utiliza=?,minimo=?,minimo_compra=?,ncm=?,nome_navio=?,numero_pedido=?,observacao_amostra_cor=?,observacao_amostra_producao=?,preco_reais=?,preco_usd=?,qti_pct=?,quantidade_comprada=?,ref_fornecedor=?,ref_texcotton=?,referencia=?,rendimento=?,status_amostra_cor=?,status_amostra_producao=?,status_colecao=?,status_pedido=?,tipo=?,tipo_solicitacao=?,unidade_medida=? where id=?
Hibernate: select i1_0.id,i1_0.nome from insumo i1_0
Hibernate: select ft1_0.id,ft1_0.categoria_produto,ft1_0.codigo,ft1_0.codigo_siscomex,ft1_0.colecao,ft1_0.composicao,ft1_0.contrato_cambio_adiant,ft1_0.contrato_cambio_pgto_final,ft1_0.cor,ft1_0.data_amostra_cor,ft1_0.data_amostra_producao,ft1_0.data_aprovacao_amostra_cor,ft1_0.data_aprovacao_amostra_producao,ft1_0.data_chegada_destino,ft1_0.data_colocacao_pedido,ft1_0.data_saida_origem,ft1_0.descricao,ft1_0.descricao_produto,ft1_0.duimp_di,ft1_0.estagio,ft1_0.fornecedor,ft1_0.foto_path,ft1_0.gramatura,ft1_0.largura,ft1_0.marca,ft1_0.marca_que_comprou,ft1_0.marca_que_utiliza,ft1_0.minimo,ft1_0.minimo_compra,ft1_0.ncm,ft1_0.nome_navio,ft1_0.numero_pedido,ft1_0.observacao_amostra_cor,ft1_0.observacao_amostra_producao,ft1_0.preco_reais,ft1_0.preco_usd,ft1_0.qti_pct,ft1_0.quantidade_comprada,ft1_0.ref_fornecedor,ft1_0.ref_texcotton,ft1_0.referencia,ft1_0.rendimento,ft1_0.status_amostra_cor,ft1_0.status_amostra_producao,ft1_0.status_colecao,ft1_0.status_pedido,ft1_0.tipo,ft1_0.tipo_solicitacao,ft1_0.unidade_medida from ficha_tecnica ft1_0 where (? is null or lower(ft1_0.colecao) like lower(('%'||?||'%')) escape '') and (? is null or ft1_0.tipo=?) and (? is null or ft1_0.status_pedido=?) and (? is null or ft1_0.data_colocacao_pedido>=?) and (? is null or ft1_0.data_colocacao_pedido<=?) and (? is null or lower(ft1_0.duimp_di) like lower(('%'||?||'%')) escape '') and (? is null or lower(ft1_0.contrato_cambio_adiant) like lower(('%'||?||'%')) escape '' or lower(ft1_0.contrato_cambio_pgto_final) like lower(('%'||?||'%')) escape '') and (? is null or lower(ft1_0.ref_texcotton) like lower(('%'||?||'%')) escape '' or lower(ft1_0.codigo) like lower(('%'||?||'%')) escape '' or lower(ft1_0.ref_fornecedor) like lower(('%'||?||'%')) escape '') and (? is null or lower(ft1_0.numero_pedido) like lower(('%'||?||'%')) escape '') and (? is null or lower(ft1_0.fornecedor) like lower(('%'||?||'%')) escape '') order by ft1_0.id desc
Hibernate: select c1_0.id,c1_0.nome from colecao c1_0
Hibernate: select f1_0.id,f1_0.nome from fornecedor f1_0
Hibernate: select ft1_0.colecao,count(ft1_0.id) from ficha_tecnica ft1_0 where ft1_0.colecao is not null and ft1_0.colecao<>'' group by ft1_0.colecao order by ft1_0.colecao
Hibernate: select i1_0.id,i1_0.nome from insumo i1_0
Hibernate: select i1_0.id,i1_0.nome from insumo i1_0
Hibernate: select ft1_0.id,ft1_0.categoria_produto,ft1_0.codigo,ft1_0.codigo_siscomex,ft1_0.colecao,ft1_0.composicao,ft1_0.contrato_cambio_adiant,ft1_0.contrato_cambio_pgto_final,ft1_0.cor,ft1_0.data_amostra_cor,ft1_0.data_amostra_producao,ft1_0.data_aprovacao_amostra_cor,ft1_0.data_aprovacao_amostra_producao,ft1_0.data_chegada_destino,ft1_0.data_colocacao_pedido,ft1_0.data_saida_origem,ft1_0.descricao,ft1_0.descricao_produto,ft1_0.duimp_di,ft1_0.estagio,ft1_0.fornecedor,ft1_0.foto_path,ft1_0.gramatura,ft1_0.largura,ft1_0.marca,ft1_0.marca_que_comprou,ft1_0.marca_que_utiliza,ft1_0.minimo,ft1_0.minimo_compra,ft1_0.ncm,ft1_0.nome_navio,ft1_0.numero_pedido,ft1_0.observacao_amostra_cor,ft1_0.observacao_amostra_producao,ft1_0.preco_reais,ft1_0.preco_usd,ft1_0.qti_pct,ft1_0.quantidade_comprada,ft1_0.ref_fornecedor,ft1_0.ref_texcotton,ft1_0.referencia,ft1_0.rendimento,ft1_0.status_amostra_cor,ft1_0.status_amostra_producao,ft1_0.status_colecao,ft1_0.status_pedido,ft1_0.tipo,ft1_0.tipo_solicitacao,ft1_0.unidade_medida from ficha_tecnica ft1_0 where ft1_0.id=?
Hibernate: select m1_0.id,m1_0.nome from marca m1_0
Hibernate: select c1_0.id,c1_0.nome from colecao c1_0
Hibernate: select f1_0.id,f1_0.nome from fornecedor f1_0
Hibernate: select c1_0.id,c1_0.nome from categoria c1_0
Hibernate: select i1_0.id,i1_0.nome from insumo i1_0
Hibernate: select ft1_0.id,ft1_0.categoria_produto,ft1_0.codigo,ft1_0.codigo_siscomex,ft1_0.colecao,ft1_0.composicao,ft1_0.contrato_cambio_adiant,ft1_0.contrato_cambio_pgto_final,ft1_0.cor,ft1_0.data_amostra_cor,ft1_0.data_amostra_producao,ft1_0.data_aprovacao_amostra_cor,ft1_0.data_aprovacao_amostra_producao,ft1_0.data_chegada_destino,ft1_0.data_colocacao_pedido,ft1_0.data_saida_origem,ft1_0.descricao,ft1_0.descricao_produto,ft1_0.duimp_di,ft1_0.estagio,ft1_0.fornecedor,ft1_0.foto_path,ft1_0.gramatura,ft1_0.largura,ft1_0.marca,ft1_0.marca_que_comprou,ft1_0.marca_que_utiliza,ft1_0.minimo,ft1_0.minimo_compra,ft1_0.ncm,ft1_0.nome_navio,ft1_0.numero_pedido,ft1_0.observacao_amostra_cor,ft1_0.observacao_amostra_producao,ft1_0.preco_reais,ft1_0.preco_usd,ft1_0.qti_pct,ft1_0.quantidade_comprada,ft1_0.ref_fornecedor,ft1_0.ref_texcotton,ft1_0.referencia,ft1_0.rendimento,ft1_0.status_amostra_cor,ft1_0.status_amostra_producao,ft1_0.status_colecao,ft1_0.status_pedido,ft1_0.tipo,ft1_0.tipo_solicitacao,ft1_0.unidade_medida from ficha_tecnica ft1_0 where ft1_0.id=?
Hibernate: update ficha_tecnica set categoria_produto=?,codigo=?,codigo_siscomex=?,colecao=?,composicao=?,contrato_cambio_adiant=?,contrato_cambio_pgto_final=?,cor=?,data_amostra_cor=?,data_amostra_producao=?,data_aprovacao_amostra_cor=?,data_aprovacao_amostra_producao=?,data_chegada_destino=?,data_colocacao_pedido=?,data_saida_origem=?,descricao=?,descricao_produto=?,duimp_di=?,estagio=?,fornecedor=?,foto_path=?,gramatura=?,largura=?,marca=?,marca_que_comprou=?,marca_que_utiliza=?,minimo=?,minimo_compra=?,ncm=?,nome_navio=?,numero_pedido=?,observacao_amostra_cor=?,observacao_amostra_producao=?,preco_reais=?,preco_usd=?,qti_pct=?,quantidade_comprada=?,ref_fornecedor=?,ref_texcotton=?,referencia=?,rendimento=?,status_amostra_cor=?,status_amostra_producao=?,status_colecao=?,status_pedido=?,tipo=?,tipo_solicitacao=?,unidade_medida=? where id=?
Hibernate: select i1_0.id,i1_0.nome from insumo i1_0
Hibernate: select ft1_0.id,ft1_0.categoria_produto,ft1_0.codigo,ft1_0.codigo_siscomex,ft1_0.colecao,ft1_0.composicao,ft1_0.contrato_cambio_adiant,ft1_0.contrato_cambio_pgto_final,ft1_0.cor,ft1_0.data_amostra_cor,ft1_0.data_amostra_producao,ft1_0.data_aprovacao_amostra_cor,ft1_0.data_aprovacao_amostra_producao,ft1_0.data_chegada_destino,ft1_0.data_colocacao_pedido,ft1_0.data_saida_origem,ft1_0.descricao,ft1_0.descricao_produto,ft1_0.duimp_di,ft1_0.estagio,ft1_0.fornecedor,ft1_0.foto_path,ft1_0.gramatura,ft1_0.largura,ft1_0.marca,ft1_0.marca_que_comprou,ft1_0.marca_que_utiliza,ft1_0.minimo,ft1_0.minimo_compra,ft1_0.ncm,ft1_0.nome_navio,ft1_0.numero_pedido,ft1_0.observacao_amostra_cor,ft1_0.observacao_amostra_producao,ft1_0.preco_reais,ft1_0.preco_usd,ft1_0.qti_pct,ft1_0.quantidade_comprada,ft1_0.ref_fornecedor,ft1_0.ref_texcotton,ft1_0.referencia,ft1_0.rendimento,ft1_0.status_amostra_cor,ft1_0.status_amostra_producao,ft1_0.status_colecao,ft1_0.status_pedido,ft1_0.tipo,ft1_0.tipo_solicitacao,ft1_0.unidade_medida from ficha_tecnica ft1_0 where (? is null or lower(ft1_0.colecao) like lower(('%'||?||'%')) escape '') and (? is null or ft1_0.tipo=?) and (? is null or ft1_0.status_pedido=?) and (? is null or ft1_0.data_colocacao_pedido>=?) and (? is null or ft1_0.data_colocacao_pedido<=?) and (? is null or lower(ft1_0.duimp_di) like lower(('%'||?||'%')) escape '') and (? is null or lower(ft1_0.contrato_cambio_adiant) like lower(('%'||?||'%')) escape '' or lower(ft1_0.contrato_cambio_pgto_final) like lower(('%'||?||'%')) escape '') and (? is null or lower(ft1_0.ref_texcotton) like lower(('%'||?||'%')) escape '' or lower(ft1_0.codigo) like lower(('%'||?||'%')) escape '' or lower(ft1_0.ref_fornecedor) like lower(('%'||?||'%')) escape '') and (? is null or lower(ft1_0.numero_pedido) like lower(('%'||?||'%')) escape '') and (? is null or lower(ft1_0.fornecedor) like lower(('%'||?||'%')) escape '') order by ft1_0.id desc
Hibernate: select c1_0.id,c1_0.nome from colecao c1_0
Hibernate: select f1_0.id,f1_0.nome from fornecedor f1_0
Hibernate: select ft1_0.colecao,count(ft1_0.id) from ficha_tecnica ft1_0 where ft1_0.colecao is not null and ft1_0.colecao<>'' group by ft1_0.colecao order by ft1_0.colecao
Hibernate: select i1_0.id,i1_0.nome from insumo i1_0
Hibernate: select i1_0.id,i1_0.nome from insumo i1_0
Hibernate: select ft1_0.id,ft1_0.categoria_produto,ft1_0.codigo,ft1_0.codigo_siscomex,ft1_0.colecao,ft1_0.composicao,ft1_0.contrato_cambio_adiant,ft1_0.contrato_cambio_pgto_final,ft1_0.cor,ft1_0.data_amostra_cor,ft1_0.data_amostra_producao,ft1_0.data_aprovacao_amostra_cor,ft1_0.data_aprovacao_amostra_producao,ft1_0.data_chegada_destino,ft1_0.data_colocacao_pedido,ft1_0.data_saida_origem,ft1_0.descricao,ft1_0.descricao_produto,ft1_0.duimp_di,ft1_0.estagio,ft1_0.fornecedor,ft1_0.foto_path,ft1_0.gramatura,ft1_0.largura,ft1_0.marca,ft1_0.marca_que_comprou,ft1_0.marca_que_utiliza,ft1_0.minimo,ft1_0.minimo_compra,ft1_0.ncm,ft1_0.nome_navio,ft1_0.numero_pedido,ft1_0.observacao_amostra_cor,ft1_0.observacao_amostra_producao,ft1_0.preco_reais,ft1_0.preco_usd,ft1_0.qti_pct,ft1_0.quantidade_comprada,ft1_0.ref_fornecedor,ft1_0.ref_texcotton,ft1_0.referencia,ft1_0.rendimento,ft1_0.status_amostra_cor,ft1_0.status_amostra_producao,ft1_0.status_colecao,ft1_0.status_pedido,ft1_0.tipo,ft1_0.tipo_solicitacao,ft1_0.unidade_medida from ficha_tecnica ft1_0 where ft1_0.id=?
Hibernate: select m1_0.id,m1_0.nome from marca m1_0
Hibernate: select c1_0.id,c1_0.nome from colecao c1_0
Hibernate: select f1_0.id,f1_0.nome from fornecedor f1_0
Hibernate: select c1_0.id,c1_0.nome from categoria c1_0
Hibernate: select i1_0.id,i1_0.nome from insumo i1_0
Hibernate: select ft1_0.id,ft1_0.categoria_produto,ft1_0.codigo,ft1_0.codigo_siscomex,ft1_0.colecao,ft1_0.composicao,ft1_0.contrato_cambio_adiant,ft1_0.contrato_cambio_pgto_final,ft1_0.cor,ft1_0.data_amostra_cor,ft1_0.data_amostra_producao,ft1_0.data_aprovacao_amostra_cor,ft1_0.data_aprovacao_amostra_producao,ft1_0.data_chegada_destino,ft1_0.data_colocacao_pedido,ft1_0.data_saida_origem,ft1_0.descricao,ft1_0.descricao_produto,ft1_0.duimp_di,ft1_0.estagio,ft1_0.fornecedor,ft1_0.foto_path,ft1_0.gramatura,ft1_0.largura,ft1_0.marca,ft1_0.marca_que_comprou,ft1_0.marca_que_utiliza,ft1_0.minimo,ft1_0.minimo_compra,ft1_0.ncm,ft1_0.nome_navio,ft1_0.numero_pedido,ft1_0.observacao_amostra_cor,ft1_0.observacao_amostra_producao,ft1_0.preco_reais,ft1_0.preco_usd,ft1_0.qti_pct,ft1_0.quantidade_comprada,ft1_0.ref_fornecedor,ft1_0.ref_texcotton,ft1_0.referencia,ft1_0.rendimento,ft1_0.status_amostra_cor,ft1_0.status_amostra_producao,ft1_0.status_colecao,ft1_0.status_pedido,ft1_0.tipo,ft1_0.tipo_solicitacao,ft1_0.unidade_medida from ficha_tecnica ft1_0 where ft1_0.id=?
Hibernate: update ficha_tecnica set categoria_produto=?,codigo=?,codigo_siscomex=?,colecao=?,composicao=?,contrato_cambio_adiant=?,contrato_cambio_pgto_final=?,cor=?,data_amostra_cor=?,data_amostra_producao=?,data_aprovacao_amostra_cor=?,data_aprovacao_amostra_producao=?,data_chegada_destino=?,data_colocacao_pedido=?,data_saida_origem=?,descricao=?,descricao_produto=?,duimp_di=?,estagio=?,fornecedor=?,foto_path=?,gramatura=?,largura=?,marca=?,marca_que_comprou=?,marca_que_utiliza=?,minimo=?,minimo_compra=?,ncm=?,nome_navio=?,numero_pedido=?,observacao_amostra_cor=?,observacao_amostra_producao=?,preco_reais=?,preco_usd=?,qti_pct=?,quantidade_comprada=?,ref_fornecedor=?,ref_texcotton=?,referencia=?,rendimento=?,status_amostra_cor=?,status_amostra_producao=?,status_colecao=?,status_pedido=?,tipo=?,tipo_solicitacao=?,unidade_medida=? where id=?
Hibernate: select i1_0.id,i1_0.nome from insumo i1_0
Hibernate: select ft1_0.id,ft1_0.categoria_produto,ft1_0.codigo,ft1_0.codigo_siscomex,ft1_0.colecao,ft1_0.composicao,ft1_0.contrato_cambio_adiant,ft1_0.contrato_cambio_pgto_final,ft1_0.cor,ft1_0.data_amostra_cor,ft1_0.data_amostra_producao,ft1_0.data_aprovacao_amostra_cor,ft1_0.data_aprovacao_amostra_producao,ft1_0.data_chegada_destino,ft1_0.data_colocacao_pedido,ft1_0.data_saida_origem,ft1_0.descricao,ft1_0.descricao_produto,ft1_0.duimp_di,ft1_0.estagio,ft1_0.fornecedor,ft1_0.foto_path,ft1_0.gramatura,ft1_0.largura,ft1_0.marca,ft1_0.marca_que_comprou,ft1_0.marca_que_utiliza,ft1_0.minimo,ft1_0.minimo_compra,ft1_0.ncm,ft1_0.nome_navio,ft1_0.numero_pedido,ft1_0.observacao_amostra_cor,ft1_0.observacao_amostra_producao,ft1_0.preco_reais,ft1_0.preco_usd,ft1_0.qti_pct,ft1_0.quantidade_comprada,ft1_0.ref_fornecedor,ft1_0.ref_texcotton,ft1_0.referencia,ft1_0.rendimento,ft1_0.status_amostra_cor,ft1_0.status_amostra_producao,ft1_0.status_colecao,ft1_0.status_pedido,ft1_0.tipo,ft1_0.tipo_solicitacao,ft1_0.unidade_medida from ficha_tecnica ft1_0 where (? is null or lower(ft1_0.colecao) like lower(('%'||?||'%')) escape '') and (? is null or ft1_0.tipo=?) and (? is null or ft1_0.status_pedido=?) and (? is null or ft1_0.data_colocacao_pedido>=?) and (? is null or ft1_0.data_colocacao_pedido<=?) and (? is null or lower(ft1_0.duimp_di) like lower(('%'||?||'%')) escape '') and (? is null or lower(ft1_0.contrato_cambio_adiant) like lower(('%'||?||'%')) escape '' or lower(ft1_0.contrato_cambio_pgto_final) like lower(('%'||?||'%')) escape '') and (? is null or lower(ft1_0.ref_texcotton) like lower(('%'||?||'%')) escape '' or lower(ft1_0.codigo) like lower(('%'||?||'%')) escape '' or lower(ft1_0.ref_fornecedor) like lower(('%'||?||'%')) escape '') and (? is null or lower(ft1_0.numero_pedido) like lower(('%'||?||'%')) escape '') and (? is null or lower(ft1_0.fornecedor) like lower(('%'||?||'%')) escape '') order by ft1_0.id desc
Hibernate: select c1_0.id,c1_0.nome from colecao c1_0
Hibernate: select f1_0.id,f1_0.nome from fornecedor f1_0
Hibernate: select ft1_0.colecao,count(ft1_0.id) from ficha_tecnica ft1_0 where ft1_0.colecao is not null and ft1_0.colecao<>'' group by ft1_0.colecao order by ft1_0.colecao
Hibernate: select i1_0.id,i1_0.nome from insumo i1_0
Hibernate: select i1_0.id,i1_0.nome from insumo i1_0
Hibernate: select ft1_0.id,ft1_0.categoria_produto,ft1_0.codigo,ft1_0.codigo_siscomex,ft1_0.colecao,ft1_0.composicao,ft1_0.contrato_cambio_adiant,ft1_0.contrato_cambio_pgto_final,ft1_0.cor,ft1_0.data_amostra_cor,ft1_0.data_amostra_producao,ft1_0.data_aprovacao_amostra_cor,ft1_0.data_aprovacao_amostra_producao,ft1_0.data_chegada_destino,ft1_0.data_colocacao_pedido,ft1_0.data_saida_origem,ft1_0.descricao,ft1_0.descricao_produto,ft1_0.duimp_di,ft1_0.estagio,ft1_0.fornecedor,ft1_0.foto_path,ft1_0.gramatura,ft1_0.largura,ft1_0.marca,ft1_0.marca_que_comprou,ft1_0.marca_que_utiliza,ft1_0.minimo,ft1_0.minimo_compra,ft1_0.ncm,ft1_0.nome_navio,ft1_0.numero_pedido,ft1_0.observacao_amostra_cor,ft1_0.observacao_amostra_producao,ft1_0.preco_reais,ft1_0.preco_usd,ft1_0.qti_pct,ft1_0.quantidade_comprada,ft1_0.ref_fornecedor,ft1_0.ref_texcotton,ft1_0.referencia,ft1_0.rendimento,ft1_0.status_amostra_cor,ft1_0.status_amostra_producao,ft1_0.status_colecao,ft1_0.status_pedido,ft1_0.tipo,ft1_0.tipo_solicitacao,ft1_0.unidade_medida from ficha_tecnica ft1_0 where ft1_0.id=?
Hibernate: select m1_0.id,m1_0.nome from marca m1_0
Hibernate: select c1_0.id,c1_0.nome from colecao c1_0
Hibernate: select f1_0.id,f1_0.nome from fornecedor f1_0
Hibernate: select c1_0.id,c1_0.nome from categoria c1_0
Hibernate: select i1_0.id,i1_0.nome from insumo i1_0
Hibernate: select ft1_0.id,ft1_0.categoria_produto,ft1_0.codigo,ft1_0.codigo_siscomex,ft1_0.colecao,ft1_0.composicao,ft1_0.contrato_cambio_adiant,ft1_0.contrato_cambio_pgto_final,ft1_0.cor,ft1_0.data_amostra_cor,ft1_0.data_amostra_producao,ft1_0.data_aprovacao_amostra_cor,ft1_0.data_aprovacao_amostra_producao,ft1_0.data_chegada_destino,ft1_0.data_colocacao_pedido,ft1_0.data_saida_origem,ft1_0.descricao,ft1_0.descricao_produto,ft1_0.duimp_di,ft1_0.estagio,ft1_0.fornecedor,ft1_0.foto_path,ft1_0.gramatura,ft1_0.largura,ft1_0.marca,ft1_0.marca_que_comprou,ft1_0.marca_que_utiliza,ft1_0.minimo,ft1_0.minimo_compra,ft1_0.ncm,ft1_0.nome_navio,ft1_0.numero_pedido,ft1_0.observacao_amostra_cor,ft1_0.observacao_amostra_producao,ft1_0.preco_reais,ft1_0.preco_usd,ft1_0.qti_pct,ft1_0.quantidade_comprada,ft1_0.ref_fornecedor,ft1_0.ref_texcotton,ft1_0.referencia,ft1_0.rendimento,ft1_0.status_amostra_cor,ft1_0.status_amostra_producao,ft1_0.status_colecao,ft1_0.status_pedido,ft1_0.tipo,ft1_0.tipo_solicitacao,ft1_0.unidade_medida from ficha_tecnica ft1_0 where ft1_0.id=?
Hibernate: update ficha_tecnica set categoria_produto=?,codigo=?,codigo_siscomex=?,colecao=?,composicao=?,contrato_cambio_adiant=?,contrato_cambio_pgto_final=?,cor=?,data_amostra_cor=?,data_amostra_producao=?,data_aprovacao_amostra_cor=?,data_aprovacao_amostra_producao=?,data_chegada_destino=?,data_colocacao_pedido=?,data_saida_origem=?,descricao=?,descricao_produto=?,duimp_di=?,estagio=?,fornecedor=?,foto_path=?,gramatura=?,largura=?,marca=?,marca_que_comprou=?,marca_que_utiliza=?,minimo=?,minimo_compra=?,ncm=?,nome_navio=?,numero_pedido=?,observacao_amostra_cor=?,observacao_amostra_producao=?,preco_reais=?,preco_usd=?,qti_pct=?,quantidade_comprada=?,ref_fornecedor=?,ref_texcotton=?,referencia=?,rendimento=?,status_amostra_cor=?,status_amostra_producao=?,status_colecao=?,status_pedido=?,tipo=?,tipo_solicitacao=?,unidade_medida=? where id=?
Hibernate: select i1_0.id,i1_0.nome from insumo i1_0
Hibernate: select ft1_0.id,ft1_0.categoria_produto,ft1_0.codigo,ft1_0.codigo_siscomex,ft1_0.colecao,ft1_0.composicao,ft1_0.contrato_cambio_adiant,ft1_0.contrato_cambio_pgto_final,ft1_0.cor,ft1_0.data_amostra_cor,ft1_0.data_amostra_producao,ft1_0.data_aprovacao_amostra_cor,ft1_0.data_aprovacao_amostra_producao,ft1_0.data_chegada_destino,ft1_0.data_colocacao_pedido,ft1_0.data_saida_origem,ft1_0.descricao,ft1_0.descricao_produto,ft1_0.duimp_di,ft1_0.estagio,ft1_0.fornecedor,ft1_0.foto_path,ft1_0.gramatura,ft1_0.largura,ft1_0.marca,ft1_0.marca_que_comprou,ft1_0.marca_que_utiliza,ft1_0.minimo,ft1_0.minimo_compra,ft1_0.ncm,ft1_0.nome_navio,ft1_0.numero_pedido,ft1_0.observacao_amostra_cor,ft1_0.observacao_amostra_producao,ft1_0.preco_reais,ft1_0.preco_usd,ft1_0.qti_pct,ft1_0.quantidade_comprada,ft1_0.ref_fornecedor,ft1_0.ref_texcotton,ft1_0.referencia,ft1_0.rendimento,ft1_0.status_amostra_cor,ft1_0.status_amostra_producao,ft1_0.status_colecao,ft1_0.status_pedido,ft1_0.tipo,ft1_0.tipo_solicitacao,ft1_0.unidade_medida from ficha_tecnica ft1_0 where (? is null or lower(ft1_0.colecao) like lower(('%'||?||'%')) escape '') and (? is null or ft1_0.tipo=?) and (? is null or ft1_0.status_pedido=?) and (? is null or ft1_0.data_colocacao_pedido>=?) and (? is null or ft1_0.data_colocacao_pedido<=?) and (? is null or lower(ft1_0.duimp_di) like lower(('%'||?||'%')) escape '') and (? is null or lower(ft1_0.contrato_cambio_adiant) like lower(('%'||?||'%')) escape '' or lower(ft1_0.contrato_cambio_pgto_final) like lower(('%'||?||'%')) escape '') and (? is null or lower(ft1_0.ref_texcotton) like lower(('%'||?||'%')) escape '' or lower(ft1_0.codigo) like lower(('%'||?||'%')) escape '' or lower(ft1_0.ref_fornecedor) like lower(('%'||?||'%')) escape '') and (? is null or lower(ft1_0.numero_pedido) like lower(('%'||?||'%')) escape '') and (? is null or lower(ft1_0.fornecedor) like lower(('%'||?||'%')) escape '') order by ft1_0.id desc
Hibernate: select c1_0.id,c1_0.nome from colecao c1_0
Hibernate: select f1_0.id,f1_0.nome from fornecedor f1_0
Hibernate: select ft1_0.colecao,count(ft1_0.id) from ficha_tecnica ft1_0 where ft1_0.colecao is not null and ft1_0.colecao<>'' group by ft1_0.colecao order by ft1_0.colecao
Hibernate: select i1_0.id,i1_0.nome from insumo i1_0
Hibernate: select i1_0.id,i1_0.nome from insumo i1_0
Hibernate: select ft1_0.id,ft1_0.categoria_produto,ft1_0.codigo,ft1_0.codigo_siscomex,ft1_0.colecao,ft1_0.composicao,ft1_0.contrato_cambio_adiant,ft1_0.contrato_cambio_pgto_final,ft1_0.cor,ft1_0.data_amostra_cor,ft1_0.data_amostra_producao,ft1_0.data_aprovacao_amostra_cor,ft1_0.data_aprovacao_amostra_producao,ft1_0.data_chegada_destino,ft1_0.data_colocacao_pedido,ft1_0.data_saida_origem,ft1_0.descricao,ft1_0.descricao_produto,ft1_0.duimp_di,ft1_0.estagio,ft1_0.fornecedor,ft1_0.foto_path,ft1_0.gramatura,ft1_0.largura,ft1_0.marca,ft1_0.marca_que_comprou,ft1_0.marca_que_utiliza,ft1_0.minimo,ft1_0.minimo_compra,ft1_0.ncm,ft1_0.nome_navio,ft1_0.numero_pedido,ft1_0.observacao_amostra_cor,ft1_0.observacao_amostra_producao,ft1_0.preco_reais,ft1_0.preco_usd,ft1_0.qti_pct,ft1_0.quantidade_comprada,ft1_0.ref_fornecedor,ft1_0.ref_texcotton,ft1_0.referencia,ft1_0.rendimento,ft1_0.status_amostra_cor,ft1_0.status_amostra_producao,ft1_0.status_colecao,ft1_0.status_pedido,ft1_0.tipo,ft1_0.tipo_solicitacao,ft1_0.unidade_medida from ficha_tecnica ft1_0 where ft1_0.id=?
Hibernate: select i1_0.id,i1_0.nome from insumo i1_0
Hibernate: select ft1_0.id,ft1_0.categoria_produto,ft1_0.codigo,ft1_0.codigo_siscomex,ft1_0.colecao,ft1_0.composicao,ft1_0.contrato_cambio_adiant,ft1_0.contrato_cambio_pgto_final,ft1_0.cor,ft1_0.data_amostra_cor,ft1_0.data_amostra_producao,ft1_0.data_aprovacao_amostra_cor,ft1_0.data_aprovacao_amostra_producao,ft1_0.data_chegada_destino,ft1_0.data_colocacao_pedido,ft1_0.data_saida_origem,ft1_0.descricao,ft1_0.descricao_produto,ft1_0.duimp_di,ft1_0.estagio,ft1_0.fornecedor,ft1_0.foto_path,ft1_0.gramatura,ft1_0.largura,ft1_0.marca,ft1_0.marca_que_comprou,ft1_0.marca_que_utiliza,ft1_0.minimo,ft1_0.minimo_compra,ft1_0.ncm,ft1_0.nome_navio,ft1_0.numero_pedido,ft1_0.observacao_amostra_cor,ft1_0.observacao_amostra_producao,ft1_0.preco_reais,ft1_0.preco_usd,ft1_0.qti_pct,ft1_0.quantidade_comprada,ft1_0.ref_fornecedor,ft1_0.ref_texcotton,ft1_0.referencia,ft1_0.rendimento,ft1_0.status_amostra_cor,ft1_0.status_amostra_producao,ft1_0.status_colecao,ft1_0.status_pedido,ft1_0.tipo,ft1_0.tipo_solicitacao,ft1_0.unidade_medida from ficha_tecnica ft1_0 where (? is null or lower(ft1_0.colecao) like lower(('%'||?||'%')) escape '') and (? is null or ft1_0.tipo=?) and (? is null or ft1_0.status_pedido=?) and (? is null or ft1_0.data_colocacao_pedido>=?) and (? is null or ft1_0.data_colocacao_pedido<=?) and (? is null or lower(ft1_0.duimp_di) like lower(('%'||?||'%')) escape '') and (? is null or lower(ft1_0.contrato_cambio_adiant) like lower(('%'||?||'%')) escape '' or lower(ft1_0.contrato_cambio_pgto_final) like lower(('%'||?||'%')) escape '') and (? is null or lower(ft1_0.ref_texcotton) like lower(('%'||?||'%')) escape '' or lower(ft1_0.codigo) like lower(('%'||?||'%')) escape '' or lower(ft1_0.ref_fornecedor) like lower(('%'||?||'%')) escape '') and (? is null or lower(ft1_0.numero_pedido) like lower(('%'||?||'%')) escape '') and (? is null or lower(ft1_0.fornecedor) like lower(('%'||?||'%')) escape '') order by ft1_0.id desc
Hibernate: select c1_0.id,c1_0.nome from colecao c1_0
Hibernate: select f1_0.id,f1_0.nome from fornecedor f1_0
Hibernate: select ft1_0.colecao,count(ft1_0.id) from ficha_tecnica ft1_0 where ft1_0.colecao is not null and ft1_0.colecao<>'' group by ft1_0.colecao order by ft1_0.colecao
Hibernate: select i1_0.id,i1_0.nome from insumo i1_0
Hibernate: select i1_0.id,i1_0.nome from insumo i1_0
Hibernate: select ft1_0.id,ft1_0.categoria_produto,ft1_0.codigo,ft1_0.codigo_siscomex,ft1_0.colecao,ft1_0.composicao,ft1_0.contrato_cambio_adiant,ft1_0.contrato_cambio_pgto_final,ft1_0.cor,ft1_0.data_amostra_cor,ft1_0.data_amostra_producao,ft1_0.data_aprovacao_amostra_cor,ft1_0.data_aprovacao_amostra_producao,ft1_0.data_chegada_destino,ft1_0.data_colocacao_pedido,ft1_0.data_saida_origem,ft1_0.descricao,ft1_0.descricao_produto,ft1_0.duimp_di,ft1_0.estagio,ft1_0.fornecedor,ft1_0.foto_path,ft1_0.gramatura,ft1_0.largura,ft1_0.marca,ft1_0.marca_que_comprou,ft1_0.marca_que_utiliza,ft1_0.minimo,ft1_0.minimo_compra,ft1_0.ncm,ft1_0.nome_navio,ft1_0.numero_pedido,ft1_0.observacao_amostra_cor,ft1_0.observacao_amostra_producao,ft1_0.preco_reais,ft1_0.preco_usd,ft1_0.qti_pct,ft1_0.quantidade_comprada,ft1_0.ref_fornecedor,ft1_0.ref_texcotton,ft1_0.referencia,ft1_0.rendimento,ft1_0.status_amostra_cor,ft1_0.status_amostra_producao,ft1_0.status_colecao,ft1_0.status_pedido,ft1_0.tipo,ft1_0.tipo_solicitacao,ft1_0.unidade_medida from ficha_tecnica ft1_0 where ft1_0.id=?
Hibernate: select i1_0.id,i1_0.nome from insumo i1_0
Hibernate: select ft1_0.id,ft1_0.categoria_produto,ft1_0.codigo,ft1_0.codigo_siscomex,ft1_0.colecao,ft1_0.composicao,ft1_0.contrato_cambio_adiant,ft1_0.contrato_cambio_pgto_final,ft1_0.cor,ft1_0.data_amostra_cor,ft1_0.data_amostra_producao,ft1_0.data_aprovacao_amostra_cor,ft1_0.data_aprovacao_amostra_producao,ft1_0.data_chegada_destino,ft1_0.data_colocacao_pedido,ft1_0.data_saida_origem,ft1_0.descricao,ft1_0.descricao_produto,ft1_0.duimp_di,ft1_0.estagio,ft1_0.fornecedor,ft1_0.foto_path,ft1_0.gramatura,ft1_0.largura,ft1_0.marca,ft1_0.marca_que_comprou,ft1_0.marca_que_utiliza,ft1_0.minimo,ft1_0.minimo_compra,ft1_0.ncm,ft1_0.nome_navio,ft1_0.numero_pedido,ft1_0.observacao_amostra_cor,ft1_0.observacao_amostra_producao,ft1_0.preco_reais,ft1_0.preco_usd,ft1_0.qti_pct,ft1_0.quantidade_comprada,ft1_0.ref_fornecedor,ft1_0.ref_texcotton,ft1_0.referencia,ft1_0.rendimento,ft1_0.status_amostra_cor,ft1_0.status_amostra_producao,ft1_0.status_colecao,ft1_0.status_pedido,ft1_0.tipo,ft1_0.tipo_solicitacao,ft1_0.unidade_medida from ficha_tecnica ft1_0 where (? is null or lower(ft1_0.colecao) like lower(('%'||?||'%')) escape '') and (? is null or ft1_0.tipo=?) and (? is null or ft1_0.status_pedido=?) and (? is null or ft1_0.data_colocacao_pedido>=?) and (? is null or ft1_0.data_colocacao_pedido<=?) and (? is null or lower(ft1_0.duimp_di) like lower(('%'||?||'%')) escape '') and (? is null or lower(ft1_0.contrato_cambio_adiant) like lower(('%'||?||'%')) escape '' or lower(ft1_0.contrato_cambio_pgto_final) like lower(('%'||?||'%')) escape '') and (? is null or lower(ft1_0.ref_texcotton) like lower(('%'||?||'%')) escape '' or lower(ft1_0.codigo) like lower(('%'||?||'%')) escape '' or lower(ft1_0.ref_fornecedor) like lower(('%'||?||'%')) escape '') and (? is null or lower(ft1_0.numero_pedido) like lower(('%'||?||'%')) escape '') and (? is null or lower(ft1_0.fornecedor) like lower(('%'||?||'%')) escape '') order by ft1_0.id desc
Hibernate: select c1_0.id,c1_0.nome from colecao c1_0
Hibernate: select f1_0.id,f1_0.nome from fornecedor f1_0
Hibernate: select ft1_0.colecao,count(ft1_0.id) from ficha_tecnica ft1_0 where ft1_0.colecao is not null and ft1_0.colecao<>'' group by ft1_0.colecao order by ft1_0.colecao
Hibernate: select i1_0.id,i1_0.nome from insumo i1_0
Hibernate: select i1_0.id,i1_0.nome from insumo i1_0
Hibernate: select ft1_0.id,ft1_0.categoria_produto,ft1_0.codigo,ft1_0.codigo_siscomex,ft1_0.colecao,ft1_0.composicao,ft1_0.contrato_cambio_adiant,ft1_0.contrato_cambio_pgto_final,ft1_0.cor,ft1_0.data_amostra_cor,ft1_0.data_amostra_producao,ft1_0.data_aprovacao_amostra_cor,ft1_0.data_aprovacao_amostra_producao,ft1_0.data_chegada_destino,ft1_0.data_colocacao_pedido,ft1_0.data_saida_origem,ft1_0.descricao,ft1_0.descricao_produto,ft1_0.duimp_di,ft1_0.estagio,ft1_0.fornecedor,ft1_0.foto_path,ft1_0.gramatura,ft1_0.largura,ft1_0.marca,ft1_0.marca_que_comprou,ft1_0.marca_que_utiliza,ft1_0.minimo,ft1_0.minimo_compra,ft1_0.ncm,ft1_0.nome_navio,ft1_0.numero_pedido,ft1_0.observacao_amostra_cor,ft1_0.observacao_amostra_producao,ft1_0.preco_reais,ft1_0.preco_usd,ft1_0.qti_pct,ft1_0.quantidade_comprada,ft1_0.ref_fornecedor,ft1_0.ref_texcotton,ft1_0.referencia,ft1_0.rendimento,ft1_0.status_amostra_cor,ft1_0.status_amostra_producao,ft1_0.status_colecao,ft1_0.status_pedido,ft1_0.tipo,ft1_0.tipo_solicitacao,ft1_0.unidade_medida from ficha_tecnica ft1_0 where ft1_0.id=?
Hibernate: select m1_0.id,m1_0.nome from marca m1_0
Hibernate: select c1_0.id,c1_0.nome from colecao c1_0
Hibernate: select f1_0.id,f1_0.nome from fornecedor f1_0
Hibernate: select c1_0.id,c1_0.nome from categoria c1_0
Hibernate: select ft1_0.id,ft1_0.categoria_produto,ft1_0.codigo,ft1_0.codigo_siscomex,ft1_0.colecao,ft1_0.composicao,ft1_0.contrato_cambio_adiant,ft1_0.contrato_cambio_pgto_final,ft1_0.cor,ft1_0.data_amostra_cor,ft1_0.data_amostra_producao,ft1_0.data_aprovacao_amostra_cor,ft1_0.data_aprovacao_amostra_producao,ft1_0.data_chegada_destino,ft1_0.data_colocacao_pedido,ft1_0.data_saida_origem,ft1_0.descricao,ft1_0.descricao_produto,ft1_0.duimp_di,ft1_0.estagio,ft1_0.fornecedor,ft1_0.foto_path,ft1_0.gramatura,ft1_0.largura,ft1_0.marca,ft1_0.marca_que_comprou,ft1_0.marca_que_utiliza,ft1_0.minimo,ft1_0.minimo_compra,ft1_0.ncm,ft1_0.nome_navio,ft1_0.numero_pedido,ft1_0.observacao_amostra_cor,ft1_0.observacao_amostra_producao,ft1_0.preco_reais,ft1_0.preco_usd,ft1_0.qti_pct,ft1_0.quantidade_comprada,ft1_0.ref_fornecedor,ft1_0.ref_texcotton,ft1_0.referencia,ft1_0.rendimento,ft1_0.status_amostra_cor,ft1_0.status_amostra_producao,ft1_0.status_colecao,ft1_0.status_pedido,ft1_0.tipo,ft1_0.tipo_solicitacao,ft1_0.unidade_medida from ficha_tecnica ft1_0
Hibernate: select m1_0.id,m1_0.nome from marca m1_0
Hibernate: select c1_0.id,c1_0.nome from colecao c1_0
Hibernate: select i1_0.id,i1_0.nome from insumo i1_0
Hibernate: select f1_0.id,f1_0.nome from fornecedor f1_0
Hibernate: select c1_0.id,c1_0.nome from categoria c1_0
Hibernate: select bn1_0.id,bn1_0.colecao,bn1_0.fornecedor,bn1_0.insumo,bn1_0.quantidade from bandeira_novidade bn1_0
Hibernate: select qp1_0.id,qp1_0.anime_aprovado,qp1_0.anime_cancelado,qp1_0.anime_cotado,qp1_0.authoria_aprovado,qp1_0.authoria_cancelado,qp1_0.authoria_cotado,qp1_0.bimbi_aprovado,qp1_0.bimbi_cancelado,qp1_0.bimbi_cotado,qp1_0.colecao,qp1_0.momi_aprovado,qp1_0.momi_cancelado,qp1_0.momi_cotado,qp1_0.tipo_solicitacao,qp1_0.youcciecancelado,qp1_0.youcciecotado,qp1_0.youcciee_aprovado from quadro_planejamento qp1_0
Hibernate: select cp1_0.id,cp1_0.colecao,cp1_0.insumo,cp1_0.marca from cadastro_previo cp1_0
2026-10-01T09:38:30.245-03:00  INFO 12700 --- [projeto] [   scheduling-1] c.e.projeto.service.CsvBackupService     : Backup CSV concluído em C:\Users\sabrina.00858\IdeaProjects\projetoMichele\backups (131 registros no total).
Hibernate: select i1_0.id,i1_0.nome from insumo i1_0
Hibernate: select ft1_0.id,ft1_0.categoria_produto,ft1_0.codigo,ft1_0.codigo_siscomex,ft1_0.colecao,ft1_0.composicao,ft1_0.contrato_cambio_adiant,ft1_0.contrato_cambio_pgto_final,ft1_0.cor,ft1_0.data_amostra_cor,ft1_0.data_amostra_producao,ft1_0.data_aprovacao_amostra_cor,ft1_0.data_aprovacao_amostra_producao,ft1_0.data_chegada_destino,ft1_0.data_colocacao_pedido,ft1_0.data_saida_origem,ft1_0.descricao,ft1_0.descricao_produto,ft1_0.duimp_di,ft1_0.estagio,ft1_0.fornecedor,ft1_0.foto_path,ft1_0.gramatura,ft1_0.largura,ft1_0.marca,ft1_0.marca_que_comprou,ft1_0.marca_que_utiliza,ft1_0.minimo,ft1_0.minimo_compra,ft1_0.ncm,ft1_0.nome_navio,ft1_0.numero_pedido,ft1_0.observacao_amostra_cor,ft1_0.observacao_amostra_producao,ft1_0.preco_reais,ft1_0.preco_usd,ft1_0.qti_pct,ft1_0.quantidade_comprada,ft1_0.ref_fornecedor,ft1_0.ref_texcotton,ft1_0.referencia,ft1_0.rendimento,ft1_0.status_amostra_cor,ft1_0.status_amostra_producao,ft1_0.status_colecao,ft1_0.status_pedido,ft1_0.tipo,ft1_0.tipo_solicitacao,ft1_0.unidade_medida from ficha_tecnica ft1_0 where ft1_0.id=?
Hibernate: select i1_0.id,i1_0.nome from insumo i1_0
Hibernate: select ft1_0.id,ft1_0.categoria_produto,ft1_0.codigo,ft1_0.codigo_siscomex,ft1_0.colecao,ft1_0.composicao,ft1_0.contrato_cambio_adiant,ft1_0.contrato_cambio_pgto_final,ft1_0.cor,ft1_0.data_amostra_cor,ft1_0.data_amostra_producao,ft1_0.data_aprovacao_amostra_cor,ft1_0.data_aprovacao_amostra_producao,ft1_0.data_chegada_destino,ft1_0.data_colocacao_pedido,ft1_0.data_saida_origem,ft1_0.descricao,ft1_0.descricao_produto,ft1_0.duimp_di,ft1_0.estagio,ft1_0.fornecedor,ft1_0.foto_path,ft1_0.gramatura,ft1_0.largura,ft1_0.marca,ft1_0.marca_que_comprou,ft1_0.marca_que_utiliza,ft1_0.minimo,ft1_0.minimo_compra,ft1_0.ncm,ft1_0.nome_navio,ft1_0.numero_pedido,ft1_0.observacao_amostra_cor,ft1_0.observacao_amostra_producao,ft1_0.preco_reais,ft1_0.preco_usd,ft1_0.qti_pct,ft1_0.quantidade_comprada,ft1_0.ref_fornecedor,ft1_0.ref_texcotton,ft1_0.referencia,ft1_0.rendimento,ft1_0.status_amostra_cor,ft1_0.status_amostra_producao,ft1_0.status_colecao,ft1_0.status_pedido,ft1_0.tipo,ft1_0.tipo_solicitacao,ft1_0.unidade_medida from ficha_tecnica ft1_0 where (? is null or lower(ft1_0.colecao) like lower(('%'||?||'%')) escape '') and (? is null or ft1_0.tipo=?) and (? is null or ft1_0.status_pedido=?) and (? is null or ft1_0.data_colocacao_pedido>=?) and (? is null or ft1_0.data_colocacao_pedido<=?) and (? is null or lower(ft1_0.duimp_di) like lower(('%'||?||'%')) escape '') and (? is null or lower(ft1_0.contrato_cambio_adiant) like lower(('%'||?||'%')) escape '' or lower(ft1_0.contrato_cambio_pgto_final) like lower(('%'||?||'%')) escape '') and (? is null or lower(ft1_0.ref_texcotton) like lower(('%'||?||'%')) escape '' or lower(ft1_0.codigo) like lower(('%'||?||'%')) escape '' or lower(ft1_0.ref_fornecedor) like lower(('%'||?||'%')) escape '') and (? is null or lower(ft1_0.numero_pedido) like lower(('%'||?||'%')) escape '') and (? is null or lower(ft1_0.fornecedor) like lower(('%'||?||'%')) escape '') order by ft1_0.id desc
Hibernate: select c1_0.id,c1_0.nome from colecao c1_0
Hibernate: select f1_0.id,f1_0.nome from fornecedor f1_0
Hibernate: select ft1_0.colecao,count(ft1_0.id) from ficha_tecnica ft1_0 where ft1_0.colecao is not null and ft1_0.colecao<>'' group by ft1_0.colecao order by ft1_0.colecao
Hibernate: select i1_0.id,i1_0.nome from insumo i1_0
Hibernate: select i1_0.id,i1_0.nome from insumo i1_0
Hibernate: select ft1_0.id,ft1_0.categoria_produto,ft1_0.codigo,ft1_0.codigo_siscomex,ft1_0.colecao,ft1_0.composicao,ft1_0.contrato_cambio_adiant,ft1_0.contrato_cambio_pgto_final,ft1_0.cor,ft1_0.data_amostra_cor,ft1_0.data_amostra_producao,ft1_0.data_aprovacao_amostra_cor,ft1_0.data_aprovacao_amostra_producao,ft1_0.data_chegada_destino,ft1_0.data_colocacao_pedido,ft1_0.data_saida_origem,ft1_0.descricao,ft1_0.descricao_produto,ft1_0.duimp_di,ft1_0.estagio,ft1_0.fornecedor,ft1_0.foto_path,ft1_0.gramatura,ft1_0.largura,ft1_0.marca,ft1_0.marca_que_comprou,ft1_0.marca_que_utiliza,ft1_0.minimo,ft1_0.minimo_compra,ft1_0.ncm,ft1_0.nome_navio,ft1_0.numero_pedido,ft1_0.observacao_amostra_cor,ft1_0.observacao_amostra_producao,ft1_0.preco_reais,ft1_0.preco_usd,ft1_0.qti_pct,ft1_0.quantidade_comprada,ft1_0.ref_fornecedor,ft1_0.ref_texcotton,ft1_0.referencia,ft1_0.rendimento,ft1_0.status_amostra_cor,ft1_0.status_amostra_producao,ft1_0.status_colecao,ft1_0.status_pedido,ft1_0.tipo,ft1_0.tipo_solicitacao,ft1_0.unidade_medida from ficha_tecnica ft1_0 where ft1_0.id=?
Hibernate: select m1_0.id,m1_0.nome from marca m1_0
Hibernate: select c1_0.id,c1_0.nome from colecao c1_0
Hibernate: select f1_0.id,f1_0.nome from fornecedor f1_0
Hibernate: select c1_0.id,c1_0.nome from categoria c1_0
Hibernate: select i1_0.id,i1_0.nome from insumo i1_0
Hibernate: select ft1_0.id,ft1_0.categoria_produto,ft1_0.codigo,ft1_0.codigo_siscomex,ft1_0.colecao,ft1_0.composicao,ft1_0.contrato_cambio_adiant,ft1_0.contrato_cambio_pgto_final,ft1_0.cor,ft1_0.data_amostra_cor,ft1_0.data_amostra_producao,ft1_0.data_aprovacao_amostra_cor,ft1_0.data_aprovacao_amostra_producao,ft1_0.data_chegada_destino,ft1_0.data_colocacao_pedido,ft1_0.data_saida_origem,ft1_0.descricao,ft1_0.descricao_produto,ft1_0.duimp_di,ft1_0.estagio,ft1_0.fornecedor,ft1_0.foto_path,ft1_0.gramatura,ft1_0.largura,ft1_0.marca,ft1_0.marca_que_comprou,ft1_0.marca_que_utiliza,ft1_0.minimo,ft1_0.minimo_compra,ft1_0.ncm,ft1_0.nome_navio,ft1_0.numero_pedido,ft1_0.observacao_amostra_cor,ft1_0.observacao_amostra_producao,ft1_0.preco_reais,ft1_0.preco_usd,ft1_0.qti_pct,ft1_0.quantidade_comprada,ft1_0.ref_fornecedor,ft1_0.ref_texcotton,ft1_0.referencia,ft1_0.rendimento,ft1_0.status_amostra_cor,ft1_0.status_amostra_producao,ft1_0.status_colecao,ft1_0.status_pedido,ft1_0.tipo,ft1_0.tipo_solicitacao,ft1_0.unidade_medida from ficha_tecnica ft1_0 where ft1_0.id=?
Hibernate: select i1_0.id,i1_0.nome from insumo i1_0
Hibernate: select ft1_0.id,ft1_0.categoria_produto,ft1_0.codigo,ft1_0.codigo_siscomex,ft1_0.colecao,ft1_0.composicao,ft1_0.contrato_cambio_adiant,ft1_0.contrato_cambio_pgto_final,ft1_0.cor,ft1_0.data_amostra_cor,ft1_0.data_amostra_producao,ft1_0.data_aprovacao_amostra_cor,ft1_0.data_aprovacao_amostra_producao,ft1_0.data_chegada_destino,ft1_0.data_colocacao_pedido,ft1_0.data_saida_origem,ft1_0.descricao,ft1_0.descricao_produto,ft1_0.duimp_di,ft1_0.estagio,ft1_0.fornecedor,ft1_0.foto_path,ft1_0.gramatura,ft1_0.largura,ft1_0.marca,ft1_0.marca_que_comprou,ft1_0.marca_que_utiliza,ft1_0.minimo,ft1_0.minimo_compra,ft1_0.ncm,ft1_0.nome_navio,ft1_0.numero_pedido,ft1_0.observacao_amostra_cor,ft1_0.observacao_amostra_producao,ft1_0.preco_reais,ft1_0.preco_usd,ft1_0.qti_pct,ft1_0.quantidade_comprada,ft1_0.ref_fornecedor,ft1_0.ref_texcotton,ft1_0.referencia,ft1_0.rendimento,ft1_0.status_amostra_cor,ft1_0.status_amostra_producao,ft1_0.status_colecao,ft1_0.status_pedido,ft1_0.tipo,ft1_0.tipo_solicitacao,ft1_0.unidade_medida from ficha_tecnica ft1_0 where (? is null or lower(ft1_0.colecao) like lower(('%'||?||'%')) escape '') and (? is null or ft1_0.tipo=?) and (? is null or ft1_0.status_pedido=?) and (? is null or ft1_0.data_colocacao_pedido>=?) and (? is null or ft1_0.data_colocacao_pedido<=?) and (? is null or lower(ft1_0.duimp_di) like lower(('%'||?||'%')) escape '') and (? is null or lower(ft1_0.contrato_cambio_adiant) like lower(('%'||?||'%')) escape '' or lower(ft1_0.contrato_cambio_pgto_final) like lower(('%'||?||'%')) escape '') and (? is null or lower(ft1_0.ref_texcotton) like lower(('%'||?||'%')) escape '' or lower(ft1_0.codigo) like lower(('%'||?||'%')) escape '' or lower(ft1_0.ref_fornecedor) like lower(('%'||?||'%')) escape '') and (? is null or lower(ft1_0.numero_pedido) like lower(('%'||?||'%')) escape '') and (? is null or lower(ft1_0.fornecedor) like lower(('%'||?||'%')) escape '') order by ft1_0.id desc
Hibernate: select c1_0.id,c1_0.nome from colecao c1_0
Hibernate: select f1_0.id,f1_0.nome from fornecedor f1_0
Hibernate: select ft1_0.colecao,count(ft1_0.id) from ficha_tecnica ft1_0 where ft1_0.colecao is not null and ft1_0.colecao<>'' group by ft1_0.colecao order by ft1_0.colecao
Hibernate: select i1_0.id,i1_0.nome from insumo i1_0
Hibernate: select i1_0.id,i1_0.nome from insumo i1_0
Hibernate: select ft1_0.id,ft1_0.categoria_produto,ft1_0.codigo,ft1_0.codigo_siscomex,ft1_0.colecao,ft1_0.composicao,ft1_0.contrato_cambio_adiant,ft1_0.contrato_cambio_pgto_final,ft1_0.cor,ft1_0.data_amostra_cor,ft1_0.data_amostra_producao,ft1_0.data_aprovacao_amostra_cor,ft1_0.data_aprovacao_amostra_producao,ft1_0.data_chegada_destino,ft1_0.data_colocacao_pedido,ft1_0.data_saida_origem,ft1_0.descricao,ft1_0.descricao_produto,ft1_0.duimp_di,ft1_0.estagio,ft1_0.fornecedor,ft1_0.foto_path,ft1_0.gramatura,ft1_0.largura,ft1_0.marca,ft1_0.marca_que_comprou,ft1_0.marca_que_utiliza,ft1_0.minimo,ft1_0.minimo_compra,ft1_0.ncm,ft1_0.nome_navio,ft1_0.numero_pedido,ft1_0.observacao_amostra_cor,ft1_0.observacao_amostra_producao,ft1_0.preco_reais,ft1_0.preco_usd,ft1_0.qti_pct,ft1_0.quantidade_comprada,ft1_0.ref_fornecedor,ft1_0.ref_texcotton,ft1_0.referencia,ft1_0.rendimento,ft1_0.status_amostra_cor,ft1_0.status_amostra_producao,ft1_0.status_colecao,ft1_0.status_pedido,ft1_0.tipo,ft1_0.tipo_solicitacao,ft1_0.unidade_medida from ficha_tecnica ft1_0 where ft1_0.id=?
Hibernate: select m1_0.id,m1_0.nome from marca m1_0
Hibernate: select c1_0.id,c1_0.nome from colecao c1_0
Hibernate: select f1_0.id,f1_0.nome from fornecedor f1_0
Hibernate: select c1_0.id,c1_0.nome from categoria c1_0
Hibernate: select i1_0.id,i1_0.nome from insumo i1_0
Hibernate: select ft1_0.id,ft1_0.categoria_produto,ft1_0.codigo,ft1_0.codigo_siscomex,ft1_0.colecao,ft1_0.composicao,ft1_0.contrato_cambio_adiant,ft1_0.contrato_cambio_pgto_final,ft1_0.cor,ft1_0.data_amostra_cor,ft1_0.data_amostra_producao,ft1_0.data_aprovacao_amostra_cor,ft1_0.data_aprovacao_amostra_producao,ft1_0.data_chegada_destino,ft1_0.data_colocacao_pedido,ft1_0.data_saida_origem,ft1_0.descricao,ft1_0.descricao_produto,ft1_0.duimp_di,ft1_0.estagio,ft1_0.fornecedor,ft1_0.foto_path,ft1_0.gramatura,ft1_0.largura,ft1_0.marca,ft1_0.marca_que_comprou,ft1_0.marca_que_utiliza,ft1_0.minimo,ft1_0.minimo_compra,ft1_0.ncm,ft1_0.nome_navio,ft1_0.numero_pedido,ft1_0.observacao_amostra_cor,ft1_0.observacao_amostra_producao,ft1_0.preco_reais,ft1_0.preco_usd,ft1_0.qti_pct,ft1_0.quantidade_comprada,ft1_0.ref_fornecedor,ft1_0.ref_texcotton,ft1_0.referencia,ft1_0.rendimento,ft1_0.status_amostra_cor,ft1_0.status_amostra_producao,ft1_0.status_colecao,ft1_0.status_pedido,ft1_0.tipo,ft1_0.tipo_solicitacao,ft1_0.unidade_medida from ficha_tecnica ft1_0 where ft1_0.id=?
Hibernate: update ficha_tecnica set categoria_produto=?,codigo=?,codigo_siscomex=?,colecao=?,composicao=?,contrato_cambio_adiant=?,contrato_cambio_pgto_final=?,cor=?,data_amostra_cor=?,data_amostra_producao=?,data_aprovacao_amostra_cor=?,data_aprovacao_amostra_producao=?,data_chegada_destino=?,data_colocacao_pedido=?,data_saida_origem=?,descricao=?,descricao_produto=?,duimp_di=?,estagio=?,fornecedor=?,foto_path=?,gramatura=?,largura=?,marca=?,marca_que_comprou=?,marca_que_utiliza=?,minimo=?,minimo_compra=?,ncm=?,nome_navio=?,numero_pedido=?,observacao_amostra_cor=?,observacao_amostra_producao=?,preco_reais=?,preco_usd=?,qti_pct=?,quantidade_comprada=?,ref_fornecedor=?,ref_texcotton=?,referencia=?,rendimento=?,status_amostra_cor=?,status_amostra_producao=?,status_colecao=?,status_pedido=?,tipo=?,tipo_solicitacao=?,unidade_medida=? where id=?
Hibernate: select i1_0.id,i1_0.nome from insumo i1_0
Hibernate: select ft1_0.id,ft1_0.categoria_produto,ft1_0.codigo,ft1_0.codigo_siscomex,ft1_0.colecao,ft1_0.composicao,ft1_0.contrato_cambio_adiant,ft1_0.contrato_cambio_pgto_final,ft1_0.cor,ft1_0.data_amostra_cor,ft1_0.data_amostra_producao,ft1_0.data_aprovacao_amostra_cor,ft1_0.data_aprovacao_amostra_producao,ft1_0.data_chegada_destino,ft1_0.data_colocacao_pedido,ft1_0.data_saida_origem,ft1_0.descricao,ft1_0.descricao_produto,ft1_0.duimp_di,ft1_0.estagio,ft1_0.fornecedor,ft1_0.foto_path,ft1_0.gramatura,ft1_0.largura,ft1_0.marca,ft1_0.marca_que_comprou,ft1_0.marca_que_utiliza,ft1_0.minimo,ft1_0.minimo_compra,ft1_0.ncm,ft1_0.nome_navio,ft1_0.numero_pedido,ft1_0.observacao_amostra_cor,ft1_0.observacao_amostra_producao,ft1_0.preco_reais,ft1_0.preco_usd,ft1_0.qti_pct,ft1_0.quantidade_comprada,ft1_0.ref_fornecedor,ft1_0.ref_texcotton,ft1_0.referencia,ft1_0.rendimento,ft1_0.status_amostra_cor,ft1_0.status_amostra_producao,ft1_0.status_colecao,ft1_0.status_pedido,ft1_0.tipo,ft1_0.tipo_solicitacao,ft1_0.unidade_medida from ficha_tecnica ft1_0 where (? is null or lower(ft1_0.colecao) like lower(('%'||?||'%')) escape '') and (? is null or ft1_0.tipo=?) and (? is null or ft1_0.status_pedido=?) and (? is null or ft1_0.data_colocacao_pedido>=?) and (? is null or ft1_0.data_colocacao_pedido<=?) and (? is null or lower(ft1_0.duimp_di) like lower(('%'||?||'%')) escape '') and (? is null or lower(ft1_0.contrato_cambio_adiant) like lower(('%'||?||'%')) escape '' or lower(ft1_0.contrato_cambio_pgto_final) like lower(('%'||?||'%')) escape '') and (? is null or lower(ft1_0.ref_texcotton) like lower(('%'||?||'%')) escape '' or lower(ft1_0.codigo) like lower(('%'||?||'%')) escape '' or lower(ft1_0.ref_fornecedor) like lower(('%'||?||'%')) escape '') and (? is null or lower(ft1_0.numero_pedido) like lower(('%'||?||'%')) escape '') and (? is null or lower(ft1_0.fornecedor) like lower(('%'||?||'%')) escape '') order by ft1_0.id desc
Hibernate: select c1_0.id,c1_0.nome from colecao c1_0
Hibernate: select f1_0.id,f1_0.nome from fornecedor f1_0
Hibernate: select ft1_0.colecao,count(ft1_0.id) from ficha_tecnica ft1_0 where ft1_0.colecao is not null and ft1_0.colecao<>'' group by ft1_0.colecao order by ft1_0.colecao
Hibernate: select i1_0.id,i1_0.nome from insumo i1_0
Hibernate: select i1_0.id,i1_0.nome from insumo i1_0
Hibernate: select ft1_0.id,ft1_0.categoria_produto,ft1_0.codigo,ft1_0.codigo_siscomex,ft1_0.colecao,ft1_0.composicao,ft1_0.contrato_cambio_adiant,ft1_0.contrato_cambio_pgto_final,ft1_0.cor,ft1_0.data_amostra_cor,ft1_0.data_amostra_producao,ft1_0.data_aprovacao_amostra_cor,ft1_0.data_aprovacao_amostra_producao,ft1_0.data_chegada_destino,ft1_0.data_colocacao_pedido,ft1_0.data_saida_origem,ft1_0.descricao,ft1_0.descricao_produto,ft1_0.duimp_di,ft1_0.estagio,ft1_0.fornecedor,ft1_0.foto_path,ft1_0.gramatura,ft1_0.largura,ft1_0.marca,ft1_0.marca_que_comprou,ft1_0.marca_que_utiliza,ft1_0.minimo,ft1_0.minimo_compra,ft1_0.ncm,ft1_0.nome_navio,ft1_0.numero_pedido,ft1_0.observacao_amostra_cor,ft1_0.observacao_amostra_producao,ft1_0.preco_reais,ft1_0.preco_usd,ft1_0.qti_pct,ft1_0.quantidade_comprada,ft1_0.ref_fornecedor,ft1_0.ref_texcotton,ft1_0.referencia,ft1_0.rendimento,ft1_0.status_amostra_cor,ft1_0.status_amostra_producao,ft1_0.status_colecao,ft1_0.status_pedido,ft1_0.tipo,ft1_0.tipo_solicitacao,ft1_0.unidade_medida from ficha_tecnica ft1_0 where ft1_0.id=?
Hibernate: select m1_0.id,m1_0.nome from marca m1_0
Hibernate: select c1_0.id,c1_0.nome from colecao c1_0
Hibernate: select f1_0.id,f1_0.nome from fornecedor f1_0
Hibernate: select c1_0.id,c1_0.nome from categoria c1_0
Hibernate: select i1_0.id,i1_0.nome from insumo i1_0
Hibernate: select ft1_0.id,ft1_0.categoria_produto,ft1_0.codigo,ft1_0.codigo_siscomex,ft1_0.colecao,ft1_0.composicao,ft1_0.contrato_cambio_adiant,ft1_0.contrato_cambio_pgto_final,ft1_0.cor,ft1_0.data_amostra_cor,ft1_0.data_amostra_producao,ft1_0.data_aprovacao_amostra_cor,ft1_0.data_aprovacao_amostra_producao,ft1_0.data_chegada_destino,ft1_0.data_colocacao_pedido,ft1_0.data_saida_origem,ft1_0.descricao,ft1_0.descricao_produto,ft1_0.duimp_di,ft1_0.estagio,ft1_0.fornecedor,ft1_0.foto_path,ft1_0.gramatura,ft1_0.largura,ft1_0.marca,ft1_0.marca_que_comprou,ft1_0.marca_que_utiliza,ft1_0.minimo,ft1_0.minimo_compra,ft1_0.ncm,ft1_0.nome_navio,ft1_0.numero_pedido,ft1_0.observacao_amostra_cor,ft1_0.observacao_amostra_producao,ft1_0.preco_reais,ft1_0.preco_usd,ft1_0.qti_pct,ft1_0.quantidade_comprada,ft1_0.ref_fornecedor,ft1_0.ref_texcotton,ft1_0.referencia,ft1_0.rendimento,ft1_0.status_amostra_cor,ft1_0.status_amostra_producao,ft1_0.status_colecao,ft1_0.status_pedido,ft1_0.tipo,ft1_0.tipo_solicitacao,ft1_0.unidade_medida from ficha_tecnica ft1_0 where ft1_0.id=?
Hibernate: update ficha_tecnica set categoria_produto=?,codigo=?,codigo_siscomex=?,colecao=?,composicao=?,contrato_cambio_adiant=?,contrato_cambio_pgto_final=?,cor=?,data_amostra_cor=?,data_amostra_producao=?,data_aprovacao_amostra_cor=?,data_aprovacao_amostra_producao=?,data_chegada_destino=?,data_colocacao_pedido=?,data_saida_origem=?,descricao=?,descricao_produto=?,duimp_di=?,estagio=?,fornecedor=?,foto_path=?,gramatura=?,largura=?,marca=?,marca_que_comprou=?,marca_que_utiliza=?,minimo=?,minimo_compra=?,ncm=?,nome_navio=?,numero_pedido=?,observacao_amostra_cor=?,observacao_amostra_producao=?,preco_reais=?,preco_usd=?,qti_pct=?,quantidade_comprada=?,ref_fornecedor=?,ref_texcotton=?,referencia=?,rendimento=?,status_amostra_cor=?,status_amostra_producao=?,status_colecao=?,status_pedido=?,tipo=?,tipo_solicitacao=?,unidade_medida=? where id=?
Hibernate: select i1_0.id,i1_0.nome from insumo i1_0
Hibernate: select ft1_0.id,ft1_0.categoria_produto,ft1_0.codigo,ft1_0.codigo_siscomex,ft1_0.colecao,ft1_0.composicao,ft1_0.contrato_cambio_adiant,ft1_0.contrato_cambio_pgto_final,ft1_0.cor,ft1_0.data_amostra_cor,ft1_0.data_amostra_producao,ft1_0.data_aprovacao_amostra_cor,ft1_0.data_aprovacao_amostra_producao,ft1_0.data_chegada_destino,ft1_0.data_colocacao_pedido,ft1_0.data_saida_origem,ft1_0.descricao,ft1_0.descricao_produto,ft1_0.duimp_di,ft1_0.estagio,ft1_0.fornecedor,ft1_0.foto_path,ft1_0.gramatura,ft1_0.largura,ft1_0.marca,ft1_0.marca_que_comprou,ft1_0.marca_que_utiliza,ft1_0.minimo,ft1_0.minimo_compra,ft1_0.ncm,ft1_0.nome_navio,ft1_0.numero_pedido,ft1_0.observacao_amostra_cor,ft1_0.observacao_amostra_producao,ft1_0.preco_reais,ft1_0.preco_usd,ft1_0.qti_pct,ft1_0.quantidade_comprada,ft1_0.ref_fornecedor,ft1_0.ref_texcotton,ft1_0.referencia,ft1_0.rendimento,ft1_0.status_amostra_cor,ft1_0.status_amostra_producao,ft1_0.status_colecao,ft1_0.status_pedido,ft1_0.tipo,ft1_0.tipo_solicitacao,ft1_0.unidade_medida from ficha_tecnica ft1_0 where (? is null or lower(ft1_0.colecao) like lower(('%'||?||'%')) escape '') and (? is null or ft1_0.tipo=?) and (? is null or ft1_0.status_pedido=?) and (? is null or ft1_0.data_colocacao_pedido>=?) and (? is null or ft1_0.data_colocacao_pedido<=?) and (? is null or lower(ft1_0.duimp_di) like lower(('%'||?||'%')) escape '') and (? is null or lower(ft1_0.contrato_cambio_adiant) like lower(('%'||?||'%')) escape '' or lower(ft1_0.contrato_cambio_pgto_final) like lower(('%'||?||'%')) escape '') and (? is null or lower(ft1_0.ref_texcotton) like lower(('%'||?||'%')) escape '' or lower(ft1_0.codigo) like lower(('%'||?||'%')) escape '' or lower(ft1_0.ref_fornecedor) like lower(('%'||?||'%')) escape '') and (? is null or lower(ft1_0.numero_pedido) like lower(('%'||?||'%')) escape '') and (? is null or lower(ft1_0.fornecedor) like lower(('%'||?||'%')) escape '') order by ft1_0.id desc
Hibernate: select c1_0.id,c1_0.nome from colecao c1_0
Hibernate: select f1_0.id,f1_0.nome from fornecedor f1_0
Hibernate: select ft1_0.colecao,count(ft1_0.id) from ficha_tecnica ft1_0 where ft1_0.colecao is not null and ft1_0.colecao<>'' group by ft1_0.colecao order by ft1_0.colecao
Hibernate: select i1_0.id,i1_0.nome from insumo i1_0
Hibernate: select i1_0.id,i1_0.nome from insumo i1_0
Hibernate: select ft1_0.id,ft1_0.categoria_produto,ft1_0.codigo,ft1_0.codigo_siscomex,ft1_0.colecao,ft1_0.composicao,ft1_0.contrato_cambio_adiant,ft1_0.contrato_cambio_pgto_final,ft1_0.cor,ft1_0.data_amostra_cor,ft1_0.data_amostra_producao,ft1_0.data_aprovacao_amostra_cor,ft1_0.data_aprovacao_amostra_producao,ft1_0.data_chegada_destino,ft1_0.data_colocacao_pedido,ft1_0.data_saida_origem,ft1_0.descricao,ft1_0.descricao_produto,ft1_0.duimp_di,ft1_0.estagio,ft1_0.fornecedor,ft1_0.foto_path,ft1_0.gramatura,ft1_0.largura,ft1_0.marca,ft1_0.marca_que_comprou,ft1_0.marca_que_utiliza,ft1_0.minimo,ft1_0.minimo_compra,ft1_0.ncm,ft1_0.nome_navio,ft1_0.numero_pedido,ft1_0.observacao_amostra_cor,ft1_0.observacao_amostra_producao,ft1_0.preco_reais,ft1_0.preco_usd,ft1_0.qti_pct,ft1_0.quantidade_comprada,ft1_0.ref_fornecedor,ft1_0.ref_texcotton,ft1_0.referencia,ft1_0.rendimento,ft1_0.status_amostra_cor,ft1_0.status_amostra_producao,ft1_0.status_colecao,ft1_0.status_pedido,ft1_0.tipo,ft1_0.tipo_solicitacao,ft1_0.unidade_medida from ficha_tecnica ft1_0 where ft1_0.id=?
Hibernate: select m1_0.id,m1_0.nome from marca m1_0
Hibernate: select c1_0.id,c1_0.nome from colecao c1_0
Hibernate: select f1_0.id,f1_0.nome from fornecedor f1_0
Hibernate: select c1_0.id,c1_0.nome from categoria c1_0
Hibernate: select i1_0.id,i1_0.nome from insumo i1_0
Hibernate: select ft1_0.id,ft1_0.categoria_produto,ft1_0.codigo,ft1_0.codigo_siscomex,ft1_0.colecao,ft1_0.composicao,ft1_0.contrato_cambio_adiant,ft1_0.contrato_cambio_pgto_final,ft1_0.cor,ft1_0.data_amostra_cor,ft1_0.data_amostra_producao,ft1_0.data_aprovacao_amostra_cor,ft1_0.data_aprovacao_amostra_producao,ft1_0.data_chegada_destino,ft1_0.data_colocacao_pedido,ft1_0.data_saida_origem,ft1_0.descricao,ft1_0.descricao_produto,ft1_0.duimp_di,ft1_0.estagio,ft1_0.fornecedor,ft1_0.foto_path,ft1_0.gramatura,ft1_0.largura,ft1_0.marca,ft1_0.marca_que_comprou,ft1_0.marca_que_utiliza,ft1_0.minimo,ft1_0.minimo_compra,ft1_0.ncm,ft1_0.nome_navio,ft1_0.numero_pedido,ft1_0.observacao_amostra_cor,ft1_0.observacao_amostra_producao,ft1_0.preco_reais,ft1_0.preco_usd,ft1_0.qti_pct,ft1_0.quantidade_comprada,ft1_0.ref_fornecedor,ft1_0.ref_texcotton,ft1_0.referencia,ft1_0.rendimento,ft1_0.status_amostra_cor,ft1_0.status_amostra_producao,ft1_0.status_colecao,ft1_0.status_pedido,ft1_0.tipo,ft1_0.tipo_solicitacao,ft1_0.unidade_medida from ficha_tecnica ft1_0 where ft1_0.id=?
Hibernate: update ficha_tecnica set categoria_produto=?,codigo=?,codigo_siscomex=?,colecao=?,composicao=?,contrato_cambio_adiant=?,contrato_cambio_pgto_final=?,cor=?,data_amostra_cor=?,data_amostra_producao=?,data_aprovacao_amostra_cor=?,data_aprovacao_amostra_producao=?,data_chegada_destino=?,data_colocacao_pedido=?,data_saida_origem=?,descricao=?,descricao_produto=?,duimp_di=?,estagio=?,fornecedor=?,foto_path=?,gramatura=?,largura=?,marca=?,marca_que_comprou=?,marca_que_utiliza=?,minimo=?,minimo_compra=?,ncm=?,nome_navio=?,numero_pedido=?,observacao_amostra_cor=?,observacao_amostra_producao=?,preco_reais=?,preco_usd=?,qti_pct=?,quantidade_comprada=?,ref_fornecedor=?,ref_texcotton=?,referencia=?,rendimento=?,status_amostra_cor=?,status_amostra_producao=?,status_colecao=?,status_pedido=?,tipo=?,tipo_solicitacao=?,unidade_medida=? where id=?
Hibernate: select i1_0.id,i1_0.nome from insumo i1_0
Hibernate: select ft1_0.id,ft1_0.categoria_produto,ft1_0.codigo,ft1_0.codigo_siscomex,ft1_0.colecao,ft1_0.composicao,ft1_0.contrato_cambio_adiant,ft1_0.contrato_cambio_pgto_final,ft1_0.cor,ft1_0.data_amostra_cor,ft1_0.data_amostra_producao,ft1_0.data_aprovacao_amostra_cor,ft1_0.data_aprovacao_amostra_producao,ft1_0.data_chegada_destino,ft1_0.data_colocacao_pedido,ft1_0.data_saida_origem,ft1_0.descricao,ft1_0.descricao_produto,ft1_0.duimp_di,ft1_0.estagio,ft1_0.fornecedor,ft1_0.foto_path,ft1_0.gramatura,ft1_0.largura,ft1_0.marca,ft1_0.marca_que_comprou,ft1_0.marca_que_utiliza,ft1_0.minimo,ft1_0.minimo_compra,ft1_0.ncm,ft1_0.nome_navio,ft1_0.numero_pedido,ft1_0.observacao_amostra_cor,ft1_0.observacao_amostra_producao,ft1_0.preco_reais,ft1_0.preco_usd,ft1_0.qti_pct,ft1_0.quantidade_comprada,ft1_0.ref_fornecedor,ft1_0.ref_texcotton,ft1_0.referencia,ft1_0.rendimento,ft1_0.status_amostra_cor,ft1_0.status_amostra_producao,ft1_0.status_colecao,ft1_0.status_pedido,ft1_0.tipo,ft1_0.tipo_solicitacao,ft1_0.unidade_medida from ficha_tecnica ft1_0 where (? is null or lower(ft1_0.colecao) like lower(('%'||?||'%')) escape '') and (? is null or ft1_0.tipo=?) and (? is null or ft1_0.status_pedido=?) and (? is null or ft1_0.data_colocacao_pedido>=?) and (? is null or ft1_0.data_colocacao_pedido<=?) and (? is null or lower(ft1_0.duimp_di) like lower(('%'||?||'%')) escape '') and (? is null or lower(ft1_0.contrato_cambio_adiant) like lower(('%'||?||'%')) escape '' or lower(ft1_0.contrato_cambio_pgto_final) like lower(('%'||?||'%')) escape '') and (? is null or lower(ft1_0.ref_texcotton) like lower(('%'||?||'%')) escape '' or lower(ft1_0.codigo) like lower(('%'||?||'%')) escape '' or lower(ft1_0.ref_fornecedor) like lower(('%'||?||'%')) escape '') and (? is null or lower(ft1_0.numero_pedido) like lower(('%'||?||'%')) escape '') and (? is null or lower(ft1_0.fornecedor) like lower(('%'||?||'%')) escape '') order by ft1_0.id desc
Hibernate: select c1_0.id,c1_0.nome from colecao c1_0
Hibernate: select f1_0.id,f1_0.nome from fornecedor f1_0
Hibernate: select ft1_0.colecao,count(ft1_0.id) from ficha_tecnica ft1_0 where ft1_0.colecao is not null and ft1_0.colecao<>'' group by ft1_0.colecao order by ft1_0.colecao
Hibernate: select i1_0.id,i1_0.nome from insumo i1_0
Hibernate: select i1_0.id,i1_0.nome from insumo i1_0
Hibernate: select ft1_0.id,ft1_0.categoria_produto,ft1_0.codigo,ft1_0.codigo_siscomex,ft1_0.colecao,ft1_0.composicao,ft1_0.contrato_cambio_adiant,ft1_0.contrato_cambio_pgto_final,ft1_0.cor,ft1_0.data_amostra_cor,ft1_0.data_amostra_producao,ft1_0.data_aprovacao_amostra_cor,ft1_0.data_aprovacao_amostra_producao,ft1_0.data_chegada_destino,ft1_0.data_colocacao_pedido,ft1_0.data_saida_origem,ft1_0.descricao,ft1_0.descricao_produto,ft1_0.duimp_di,ft1_0.estagio,ft1_0.fornecedor,ft1_0.foto_path,ft1_0.gramatura,ft1_0.largura,ft1_0.marca,ft1_0.marca_que_comprou,ft1_0.marca_que_utiliza,ft1_0.minimo,ft1_0.minimo_compra,ft1_0.ncm,ft1_0.nome_navio,ft1_0.numero_pedido,ft1_0.observacao_amostra_cor,ft1_0.observacao_amostra_producao,ft1_0.preco_reais,ft1_0.preco_usd,ft1_0.qti_pct,ft1_0.quantidade_comprada,ft1_0.ref_fornecedor,ft1_0.ref_texcotton,ft1_0.referencia,ft1_0.rendimento,ft1_0.status_amostra_cor,ft1_0.status_amostra_producao,ft1_0.status_colecao,ft1_0.status_pedido,ft1_0.tipo,ft1_0.tipo_solicitacao,ft1_0.unidade_medida from ficha_tecnica ft1_0 order by ft1_0.id desc
Hibernate: select c1_0.id,c1_0.nome from colecao c1_0
Hibernate: select f1_0.id,f1_0.nome from fornecedor f1_0
Hibernate: select ft1_0.colecao,count(ft1_0.id) from ficha_tecnica ft1_0 where ft1_0.colecao is not null and ft1_0.colecao<>'' group by ft1_0.colecao order by ft1_0.colecao
Hibernate: select i1_0.id,i1_0.nome from insumo i1_0
Hibernate: select i1_0.id,i1_0.nome from insumo i1_0
Hibernate: select ft1_0.id,ft1_0.categoria_produto,ft1_0.codigo,ft1_0.codigo_siscomex,ft1_0.colecao,ft1_0.composicao,ft1_0.contrato_cambio_adiant,ft1_0.contrato_cambio_pgto_final,ft1_0.cor,ft1_0.data_amostra_cor,ft1_0.data_amostra_producao,ft1_0.data_aprovacao_amostra_cor,ft1_0.data_aprovacao_amostra_producao,ft1_0.data_chegada_destino,ft1_0.data_colocacao_pedido,ft1_0.data_saida_origem,ft1_0.descricao,ft1_0.descricao_produto,ft1_0.duimp_di,ft1_0.estagio,ft1_0.fornecedor,ft1_0.foto_path,ft1_0.gramatura,ft1_0.largura,ft1_0.marca,ft1_0.marca_que_comprou,ft1_0.marca_que_utiliza,ft1_0.minimo,ft1_0.minimo_compra,ft1_0.ncm,ft1_0.nome_navio,ft1_0.numero_pedido,ft1_0.observacao_amostra_cor,ft1_0.observacao_amostra_producao,ft1_0.preco_reais,ft1_0.preco_usd,ft1_0.qti_pct,ft1_0.quantidade_comprada,ft1_0.ref_fornecedor,ft1_0.ref_texcotton,ft1_0.referencia,ft1_0.rendimento,ft1_0.status_amostra_cor,ft1_0.status_amostra_producao,ft1_0.status_colecao,ft1_0.status_pedido,ft1_0.tipo,ft1_0.tipo_solicitacao,ft1_0.unidade_medida from ficha_tecnica ft1_0 where ft1_0.id=?
Hibernate: select m1_0.id,m1_0.nome from marca m1_0
Hibernate: select c1_0.id,c1_0.nome from colecao c1_0
Hibernate: select f1_0.id,f1_0.nome from fornecedor f1_0
Hibernate: select c1_0.id,c1_0.nome from categoria c1_0
Hibernate: select i1_0.id,i1_0.nome from insumo i1_0
Hibernate: select ft1_0.id,ft1_0.categoria_produto,ft1_0.codigo,ft1_0.codigo_siscomex,ft1_0.colecao,ft1_0.composicao,ft1_0.contrato_cambio_adiant,ft1_0.contrato_cambio_pgto_final,ft1_0.cor,ft1_0.data_amostra_cor,ft1_0.data_amostra_producao,ft1_0.data_aprovacao_amostra_cor,ft1_0.data_aprovacao_amostra_producao,ft1_0.data_chegada_destino,ft1_0.data_colocacao_pedido,ft1_0.data_saida_origem,ft1_0.descricao,ft1_0.descricao_produto,ft1_0.duimp_di,ft1_0.estagio,ft1_0.fornecedor,ft1_0.foto_path,ft1_0.gramatura,ft1_0.largura,ft1_0.marca,ft1_0.marca_que_comprou,ft1_0.marca_que_utiliza,ft1_0.minimo,ft1_0.minimo_compra,ft1_0.ncm,ft1_0.nome_navio,ft1_0.numero_pedido,ft1_0.observacao_amostra_cor,ft1_0.observacao_amostra_producao,ft1_0.preco_reais,ft1_0.preco_usd,ft1_0.qti_pct,ft1_0.quantidade_comprada,ft1_0.ref_fornecedor,ft1_0.ref_texcotton,ft1_0.referencia,ft1_0.rendimento,ft1_0.status_amostra_cor,ft1_0.status_amostra_producao,ft1_0.status_colecao,ft1_0.status_pedido,ft1_0.tipo,ft1_0.tipo_solicitacao,ft1_0.unidade_medida from ficha_tecnica ft1_0 where ft1_0.id=?
Hibernate: select i1_0.id,i1_0.nome from insumo i1_0
Hibernate: select ft1_0.id,ft1_0.categoria_produto,ft1_0.codigo,ft1_0.codigo_siscomex,ft1_0.colecao,ft1_0.composicao,ft1_0.contrato_cambio_adiant,ft1_0.contrato_cambio_pgto_final,ft1_0.cor,ft1_0.data_amostra_cor,ft1_0.data_amostra_producao,ft1_0.data_aprovacao_amostra_cor,ft1_0.data_aprovacao_amostra_producao,ft1_0.data_chegada_destino,ft1_0.data_colocacao_pedido,ft1_0.data_saida_origem,ft1_0.descricao,ft1_0.descricao_produto,ft1_0.duimp_di,ft1_0.estagio,ft1_0.fornecedor,ft1_0.foto_path,ft1_0.gramatura,ft1_0.largura,ft1_0.marca,ft1_0.marca_que_comprou,ft1_0.marca_que_utiliza,ft1_0.minimo,ft1_0.minimo_compra,ft1_0.ncm,ft1_0.nome_navio,ft1_0.numero_pedido,ft1_0.observacao_amostra_cor,ft1_0.observacao_amostra_producao,ft1_0.preco_reais,ft1_0.preco_usd,ft1_0.qti_pct,ft1_0.quantidade_comprada,ft1_0.ref_fornecedor,ft1_0.ref_texcotton,ft1_0.referencia,ft1_0.rendimento,ft1_0.status_amostra_cor,ft1_0.status_amostra_producao,ft1_0.status_colecao,ft1_0.status_pedido,ft1_0.tipo,ft1_0.tipo_solicitacao,ft1_0.unidade_medida from ficha_tecnica ft1_0 order by ft1_0.id desc
Hibernate: select c1_0.id,c1_0.nome from colecao c1_0
Hibernate: select f1_0.id,f1_0.nome from fornecedor f1_0
Hibernate: select ft1_0.colecao,count(ft1_0.id) from ficha_tecnica ft1_0 where ft1_0.colecao is not null and ft1_0.colecao<>'' group by ft1_0.colecao order by ft1_0.colecao
Hibernate: select i1_0.id,i1_0.nome from insumo i1_0
Hibernate: select i1_0.id,i1_0.nome from insumo i1_0
Hibernate: select ft1_0.id,ft1_0.categoria_produto,ft1_0.codigo,ft1_0.codigo_siscomex,ft1_0.colecao,ft1_0.composicao,ft1_0.contrato_cambio_adiant,ft1_0.contrato_cambio_pgto_final,ft1_0.cor,ft1_0.data_amostra_cor,ft1_0.data_amostra_producao,ft1_0.data_aprovacao_amostra_cor,ft1_0.data_aprovacao_amostra_producao,ft1_0.data_chegada_destino,ft1_0.data_colocacao_pedido,ft1_0.data_saida_origem,ft1_0.descricao,ft1_0.descricao_produto,ft1_0.duimp_di,ft1_0.estagio,ft1_0.fornecedor,ft1_0.foto_path,ft1_0.gramatura,ft1_0.largura,ft1_0.marca,ft1_0.marca_que_comprou,ft1_0.marca_que_utiliza,ft1_0.minimo,ft1_0.minimo_compra,ft1_0.ncm,ft1_0.nome_navio,ft1_0.numero_pedido,ft1_0.observacao_amostra_cor,ft1_0.observacao_amostra_producao,ft1_0.preco_reais,ft1_0.preco_usd,ft1_0.qti_pct,ft1_0.quantidade_comprada,ft1_0.ref_fornecedor,ft1_0.ref_texcotton,ft1_0.referencia,ft1_0.rendimento,ft1_0.status_amostra_cor,ft1_0.status_amostra_producao,ft1_0.status_colecao,ft1_0.status_pedido,ft1_0.tipo,ft1_0.tipo_solicitacao,ft1_0.unidade_medida from ficha_tecnica ft1_0 where ft1_0.id=?
Hibernate: select m1_0.id,m1_0.nome from marca m1_0
Hibernate: select c1_0.id,c1_0.nome from colecao c1_0
Hibernate: select f1_0.id,f1_0.nome from fornecedor f1_0
Hibernate: select c1_0.id,c1_0.nome from categoria c1_0
Hibernate: select i1_0.id,i1_0.nome from insumo i1_0
Hibernate: select ft1_0.id,ft1_0.categoria_produto,ft1_0.codigo,ft1_0.codigo_siscomex,ft1_0.colecao,ft1_0.composicao,ft1_0.contrato_cambio_adiant,ft1_0.contrato_cambio_pgto_final,ft1_0.cor,ft1_0.data_amostra_cor,ft1_0.data_amostra_producao,ft1_0.data_aprovacao_amostra_cor,ft1_0.data_aprovacao_amostra_producao,ft1_0.data_chegada_destino,ft1_0.data_colocacao_pedido,ft1_0.data_saida_origem,ft1_0.descricao,ft1_0.descricao_produto,ft1_0.duimp_di,ft1_0.estagio,ft1_0.fornecedor,ft1_0.foto_path,ft1_0.gramatura,ft1_0.largura,ft1_0.marca,ft1_0.marca_que_comprou,ft1_0.marca_que_utiliza,ft1_0.minimo,ft1_0.minimo_compra,ft1_0.ncm,ft1_0.nome_navio,ft1_0.numero_pedido,ft1_0.observacao_amostra_cor,ft1_0.observacao_amostra_producao,ft1_0.preco_reais,ft1_0.preco_usd,ft1_0.qti_pct,ft1_0.quantidade_comprada,ft1_0.ref_fornecedor,ft1_0.ref_texcotton,ft1_0.referencia,ft1_0.rendimento,ft1_0.status_amostra_cor,ft1_0.status_amostra_producao,ft1_0.status_colecao,ft1_0.status_pedido,ft1_0.tipo,ft1_0.tipo_solicitacao,ft1_0.unidade_medida from ficha_tecnica ft1_0 where ft1_0.id=?
Hibernate: select i1_0.id,i1_0.nome from insumo i1_0
Hibernate: select ft1_0.id,ft1_0.categoria_produto,ft1_0.codigo,ft1_0.codigo_siscomex,ft1_0.colecao,ft1_0.composicao,ft1_0.contrato_cambio_adiant,ft1_0.contrato_cambio_pgto_final,ft1_0.cor,ft1_0.data_amostra_cor,ft1_0.data_amostra_producao,ft1_0.data_aprovacao_amostra_cor,ft1_0.data_aprovacao_amostra_producao,ft1_0.data_chegada_destino,ft1_0.data_colocacao_pedido,ft1_0.data_saida_origem,ft1_0.descricao,ft1_0.descricao_produto,ft1_0.duimp_di,ft1_0.estagio,ft1_0.fornecedor,ft1_0.foto_path,ft1_0.gramatura,ft1_0.largura,ft1_0.marca,ft1_0.marca_que_comprou,ft1_0.marca_que_utiliza,ft1_0.minimo,ft1_0.minimo_compra,ft1_0.ncm,ft1_0.nome_navio,ft1_0.numero_pedido,ft1_0.observacao_amostra_cor,ft1_0.observacao_amostra_producao,ft1_0.preco_reais,ft1_0.preco_usd,ft1_0.qti_pct,ft1_0.quantidade_comprada,ft1_0.ref_fornecedor,ft1_0.ref_texcotton,ft1_0.referencia,ft1_0.rendimento,ft1_0.status_amostra_cor,ft1_0.status_amostra_producao,ft1_0.status_colecao,ft1_0.status_pedido,ft1_0.tipo,ft1_0.tipo_solicitacao,ft1_0.unidade_medida from ficha_tecnica ft1_0 order by ft1_0.id desc
Hibernate: select c1_0.id,c1_0.nome from colecao c1_0
Hibernate: select f1_0.id,f1_0.nome from fornecedor f1_0
Hibernate: select ft1_0.colecao,count(ft1_0.id) from ficha_tecnica ft1_0 where ft1_0.colecao is not null and ft1_0.colecao<>'' group by ft1_0.colecao order by ft1_0.colecao
Hibernate: select i1_0.id,i1_0.nome from insumo i1_0
Hibernate: select i1_0.id,i1_0.nome from insumo i1_0
Hibernate: select ft1_0.id,ft1_0.categoria_produto,ft1_0.codigo,ft1_0.codigo_siscomex,ft1_0.colecao,ft1_0.composicao,ft1_0.contrato_cambio_adiant,ft1_0.contrato_cambio_pgto_final,ft1_0.cor,ft1_0.data_amostra_cor,ft1_0.data_amostra_producao,ft1_0.data_aprovacao_amostra_cor,ft1_0.data_aprovacao_amostra_producao,ft1_0.data_chegada_destino,ft1_0.data_colocacao_pedido,ft1_0.data_saida_origem,ft1_0.descricao,ft1_0.descricao_produto,ft1_0.duimp_di,ft1_0.estagio,ft1_0.fornecedor,ft1_0.foto_path,ft1_0.gramatura,ft1_0.largura,ft1_0.marca,ft1_0.marca_que_comprou,ft1_0.marca_que_utiliza,ft1_0.minimo,ft1_0.minimo_compra,ft1_0.ncm,ft1_0.nome_navio,ft1_0.numero_pedido,ft1_0.observacao_amostra_cor,ft1_0.observacao_amostra_producao,ft1_0.preco_reais,ft1_0.preco_usd,ft1_0.qti_pct,ft1_0.quantidade_comprada,ft1_0.ref_fornecedor,ft1_0.ref_texcotton,ft1_0.referencia,ft1_0.rendimento,ft1_0.status_amostra_cor,ft1_0.status_amostra_producao,ft1_0.status_colecao,ft1_0.status_pedido,ft1_0.tipo,ft1_0.tipo_solicitacao,ft1_0.unidade_medida from ficha_tecnica ft1_0 where ft1_0.id=?
Hibernate: select m1_0.id,m1_0.nome from marca m1_0
Hibernate: select c1_0.id,c1_0.nome from colecao c1_0
Hibernate: select f1_0.id,f1_0.nome from fornecedor f1_0
Hibernate: select c1_0.id,c1_0.nome from categoria c1_0
Hibernate: select i1_0.id,i1_0.nome from insumo i1_0
Hibernate: select ft1_0.id,ft1_0.categoria_produto,ft1_0.codigo,ft1_0.codigo_siscomex,ft1_0.colecao,ft1_0.composicao,ft1_0.contrato_cambio_adiant,ft1_0.contrato_cambio_pgto_final,ft1_0.cor,ft1_0.data_amostra_cor,ft1_0.data_amostra_producao,ft1_0.data_aprovacao_amostra_cor,ft1_0.data_aprovacao_amostra_producao,ft1_0.data_chegada_destino,ft1_0.data_colocacao_pedido,ft1_0.data_saida_origem,ft1_0.descricao,ft1_0.descricao_produto,ft1_0.duimp_di,ft1_0.estagio,ft1_0.fornecedor,ft1_0.foto_path,ft1_0.gramatura,ft1_0.largura,ft1_0.marca,ft1_0.marca_que_comprou,ft1_0.marca_que_utiliza,ft1_0.minimo,ft1_0.minimo_compra,ft1_0.ncm,ft1_0.nome_navio,ft1_0.numero_pedido,ft1_0.observacao_amostra_cor,ft1_0.observacao_amostra_producao,ft1_0.preco_reais,ft1_0.preco_usd,ft1_0.qti_pct,ft1_0.quantidade_comprada,ft1_0.ref_fornecedor,ft1_0.ref_texcotton,ft1_0.referencia,ft1_0.rendimento,ft1_0.status_amostra_cor,ft1_0.status_amostra_producao,ft1_0.status_colecao,ft1_0.status_pedido,ft1_0.tipo,ft1_0.tipo_solicitacao,ft1_0.unidade_medida from ficha_tecnica ft1_0 where ft1_0.id=?
Hibernate: select i1_0.id,i1_0.nome from insumo i1_0
Hibernate: select ft1_0.id,ft1_0.categoria_produto,ft1_0.codigo,ft1_0.codigo_siscomex,ft1_0.colecao,ft1_0.composicao,ft1_0.contrato_cambio_adiant,ft1_0.contrato_cambio_pgto_final,ft1_0.cor,ft1_0.data_amostra_cor,ft1_0.data_amostra_producao,ft1_0.data_aprovacao_amostra_cor,ft1_0.data_aprovacao_amostra_producao,ft1_0.data_chegada_destino,ft1_0.data_colocacao_pedido,ft1_0.data_saida_origem,ft1_0.descricao,ft1_0.descricao_produto,ft1_0.duimp_di,ft1_0.estagio,ft1_0.fornecedor,ft1_0.foto_path,ft1_0.gramatura,ft1_0.largura,ft1_0.marca,ft1_0.marca_que_comprou,ft1_0.marca_que_utiliza,ft1_0.minimo,ft1_0.minimo_compra,ft1_0.ncm,ft1_0.nome_navio,ft1_0.numero_pedido,ft1_0.observacao_amostra_cor,ft1_0.observacao_amostra_producao,ft1_0.preco_reais,ft1_0.preco_usd,ft1_0.qti_pct,ft1_0.quantidade_comprada,ft1_0.ref_fornecedor,ft1_0.ref_texcotton,ft1_0.referencia,ft1_0.rendimento,ft1_0.status_amostra_cor,ft1_0.status_amostra_producao,ft1_0.status_colecao,ft1_0.status_pedido,ft1_0.tipo,ft1_0.tipo_solicitacao,ft1_0.unidade_medida from ficha_tecnica ft1_0 order by ft1_0.id desc
Hibernate: select c1_0.id,c1_0.nome from colecao c1_0
Hibernate: select f1_0.id,f1_0.nome from fornecedor f1_0
Hibernate: select ft1_0.colecao,count(ft1_0.id) from ficha_tecnica ft1_0 where ft1_0.colecao is not null and ft1_0.colecao<>'' group by ft1_0.colecao order by ft1_0.colecao
Hibernate: select i1_0.id,i1_0.nome from insumo i1_0
Hibernate: select i1_0.id,i1_0.nome from insumo i1_0
Hibernate: select ft1_0.id,ft1_0.categoria_produto,ft1_0.codigo,ft1_0.codigo_siscomex,ft1_0.colecao,ft1_0.composicao,ft1_0.contrato_cambio_adiant,ft1_0.contrato_cambio_pgto_final,ft1_0.cor,ft1_0.data_amostra_cor,ft1_0.data_amostra_producao,ft1_0.data_aprovacao_amostra_cor,ft1_0.data_aprovacao_amostra_producao,ft1_0.data_chegada_destino,ft1_0.data_colocacao_pedido,ft1_0.data_saida_origem,ft1_0.descricao,ft1_0.descricao_produto,ft1_0.duimp_di,ft1_0.estagio,ft1_0.fornecedor,ft1_0.foto_path,ft1_0.gramatura,ft1_0.largura,ft1_0.marca,ft1_0.marca_que_comprou,ft1_0.marca_que_utiliza,ft1_0.minimo,ft1_0.minimo_compra,ft1_0.ncm,ft1_0.nome_navio,ft1_0.numero_pedido,ft1_0.observacao_amostra_cor,ft1_0.observacao_amostra_producao,ft1_0.preco_reais,ft1_0.preco_usd,ft1_0.qti_pct,ft1_0.quantidade_comprada,ft1_0.ref_fornecedor,ft1_0.ref_texcotton,ft1_0.referencia,ft1_0.rendimento,ft1_0.status_amostra_cor,ft1_0.status_amostra_producao,ft1_0.status_colecao,ft1_0.status_pedido,ft1_0.tipo,ft1_0.tipo_solicitacao,ft1_0.unidade_medida from ficha_tecnica ft1_0 where ft1_0.id=?
Hibernate: select m1_0.id,m1_0.nome from marca m1_0
Hibernate: select c1_0.id,c1_0.nome from colecao c1_0
Hibernate: select f1_0.id,f1_0.nome from fornecedor f1_0
Hibernate: select c1_0.id,c1_0.nome from categoria c1_0
Hibernate: select i1_0.id,i1_0.nome from insumo i1_0
Hibernate: select ft1_0.id,ft1_0.categoria_produto,ft1_0.codigo,ft1_0.codigo_siscomex,ft1_0.colecao,ft1_0.composicao,ft1_0.contrato_cambio_adiant,ft1_0.contrato_cambio_pgto_final,ft1_0.cor,ft1_0.data_amostra_cor,ft1_0.data_amostra_producao,ft1_0.data_aprovacao_amostra_cor,ft1_0.data_aprovacao_amostra_producao,ft1_0.data_chegada_destino,ft1_0.data_colocacao_pedido,ft1_0.data_saida_origem,ft1_0.descricao,ft1_0.descricao_produto,ft1_0.duimp_di,ft1_0.estagio,ft1_0.fornecedor,ft1_0.foto_path,ft1_0.gramatura,ft1_0.largura,ft1_0.marca,ft1_0.marca_que_comprou,ft1_0.marca_que_utiliza,ft1_0.minimo,ft1_0.minimo_compra,ft1_0.ncm,ft1_0.nome_navio,ft1_0.numero_pedido,ft1_0.observacao_amostra_cor,ft1_0.observacao_amostra_producao,ft1_0.preco_reais,ft1_0.preco_usd,ft1_0.qti_pct,ft1_0.quantidade_comprada,ft1_0.ref_fornecedor,ft1_0.ref_texcotton,ft1_0.referencia,ft1_0.rendimento,ft1_0.status_amostra_cor,ft1_0.status_amostra_producao,ft1_0.status_colecao,ft1_0.status_pedido,ft1_0.tipo,ft1_0.tipo_solicitacao,ft1_0.unidade_medida from ficha_tecnica ft1_0 where ft1_0.id=?
Hibernate: update ficha_tecnica set categoria_produto=?,codigo=?,codigo_siscomex=?,colecao=?,composicao=?,contrato_cambio_adiant=?,contrato_cambio_pgto_final=?,cor=?,data_amostra_cor=?,data_amostra_producao=?,data_aprovacao_amostra_cor=?,data_aprovacao_amostra_producao=?,data_chegada_destino=?,data_colocacao_pedido=?,data_saida_origem=?,descricao=?,descricao_produto=?,duimp_di=?,estagio=?,fornecedor=?,foto_path=?,gramatura=?,largura=?,marca=?,marca_que_comprou=?,marca_que_utiliza=?,minimo=?,minimo_compra=?,ncm=?,nome_navio=?,numero_pedido=?,observacao_amostra_cor=?,observacao_amostra_producao=?,preco_reais=?,preco_usd=?,qti_pct=?,quantidade_comprada=?,ref_fornecedor=?,ref_texcotton=?,referencia=?,rendimento=?,status_amostra_cor=?,status_amostra_producao=?,status_colecao=?,status_pedido=?,tipo=?,tipo_solicitacao=?,unidade_medida=? where id=?
Hibernate: select i1_0.id,i1_0.nome from insumo i1_0
Hibernate: select ft1_0.id,ft1_0.categoria_produto,ft1_0.codigo,ft1_0.codigo_siscomex,ft1_0.colecao,ft1_0.composicao,ft1_0.contrato_cambio_adiant,ft1_0.contrato_cambio_pgto_final,ft1_0.cor,ft1_0.data_amostra_cor,ft1_0.data_amostra_producao,ft1_0.data_aprovacao_amostra_cor,ft1_0.data_aprovacao_amostra_producao,ft1_0.data_chegada_destino,ft1_0.data_colocacao_pedido,ft1_0.data_saida_origem,ft1_0.descricao,ft1_0.descricao_produto,ft1_0.duimp_di,ft1_0.estagio,ft1_0.fornecedor,ft1_0.foto_path,ft1_0.gramatura,ft1_0.largura,ft1_0.marca,ft1_0.marca_que_comprou,ft1_0.marca_que_utiliza,ft1_0.minimo,ft1_0.minimo_compra,ft1_0.ncm,ft1_0.nome_navio,ft1_0.numero_pedido,ft1_0.observacao_amostra_cor,ft1_0.observacao_amostra_producao,ft1_0.preco_reais,ft1_0.preco_usd,ft1_0.qti_pct,ft1_0.quantidade_comprada,ft1_0.ref_fornecedor,ft1_0.ref_texcotton,ft1_0.referencia,ft1_0.rendimento,ft1_0.status_amostra_cor,ft1_0.status_amostra_producao,ft1_0.status_colecao,ft1_0.status_pedido,ft1_0.tipo,ft1_0.tipo_solicitacao,ft1_0.unidade_medida from ficha_tecnica ft1_0 order by ft1_0.id desc
Hibernate: select c1_0.id,c1_0.nome from colecao c1_0
Hibernate: select f1_0.id,f1_0.nome from fornecedor f1_0
Hibernate: select ft1_0.colecao,count(ft1_0.id) from ficha_tecnica ft1_0 where ft1_0.colecao is not null and ft1_0.colecao<>'' group by ft1_0.colecao order by ft1_0.colecao
Hibernate: select i1_0.id,i1_0.nome from insumo i1_0
Hibernate: select i1_0.id,i1_0.nome from insumo i1_0
Hibernate: select ft1_0.id,ft1_0.categoria_produto,ft1_0.codigo,ft1_0.codigo_siscomex,ft1_0.colecao,ft1_0.composicao,ft1_0.contrato_cambio_adiant,ft1_0.contrato_cambio_pgto_final,ft1_0.cor,ft1_0.data_amostra_cor,ft1_0.data_amostra_producao,ft1_0.data_aprovacao_amostra_cor,ft1_0.data_aprovacao_amostra_producao,ft1_0.data_chegada_destino,ft1_0.data_colocacao_pedido,ft1_0.data_saida_origem,ft1_0.descricao,ft1_0.descricao_produto,ft1_0.duimp_di,ft1_0.estagio,ft1_0.fornecedor,ft1_0.foto_path,ft1_0.gramatura,ft1_0.largura,ft1_0.marca,ft1_0.marca_que_comprou,ft1_0.marca_que_utiliza,ft1_0.minimo,ft1_0.minimo_compra,ft1_0.ncm,ft1_0.nome_navio,ft1_0.numero_pedido,ft1_0.observacao_amostra_cor,ft1_0.observacao_amostra_producao,ft1_0.preco_reais,ft1_0.preco_usd,ft1_0.qti_pct,ft1_0.quantidade_comprada,ft1_0.ref_fornecedor,ft1_0.ref_texcotton,ft1_0.referencia,ft1_0.rendimento,ft1_0.status_amostra_cor,ft1_0.status_amostra_producao,ft1_0.status_colecao,ft1_0.status_pedido,ft1_0.tipo,ft1_0.tipo_solicitacao,ft1_0.unidade_medida from ficha_tecnica ft1_0 where (? is null or lower(ft1_0.colecao) like lower(('%'||?||'%')) escape '') and (? is null or ft1_0.tipo=?) and (? is null or ft1_0.status_pedido=?) and (? is null or ft1_0.data_colocacao_pedido>=?) and (? is null or ft1_0.data_colocacao_pedido<=?) and (? is null or lower(ft1_0.duimp_di) like lower(('%'||?||'%')) escape '') and (? is null or lower(ft1_0.contrato_cambio_adiant) like lower(('%'||?||'%')) escape '' or lower(ft1_0.contrato_cambio_pgto_final) like lower(('%'||?||'%')) escape '') and (? is null or lower(ft1_0.ref_texcotton) like lower(('%'||?||'%')) escape '' or lower(ft1_0.codigo) like lower(('%'||?||'%')) escape '' or lower(ft1_0.ref_fornecedor) like lower(('%'||?||'%')) escape '') and (? is null or lower(ft1_0.numero_pedido) like lower(('%'||?||'%')) escape '') and (? is null or lower(ft1_0.fornecedor) like lower(('%'||?||'%')) escape '') order by ft1_0.id desc
Hibernate: select c1_0.id,c1_0.nome from colecao c1_0
Hibernate: select f1_0.id,f1_0.nome from fornecedor f1_0
Hibernate: select ft1_0.colecao,count(ft1_0.id) from ficha_tecnica ft1_0 where ft1_0.colecao is not null and ft1_0.colecao<>'' group by ft1_0.colecao order by ft1_0.colecao
Hibernate: select i1_0.id,i1_0.nome from insumo i1_0
Hibernate: select ft1_0.id,ft1_0.categoria_produto,ft1_0.codigo,ft1_0.codigo_siscomex,ft1_0.colecao,ft1_0.composicao,ft1_0.contrato_cambio_adiant,ft1_0.contrato_cambio_pgto_final,ft1_0.cor,ft1_0.data_amostra_cor,ft1_0.data_amostra_producao,ft1_0.data_aprovacao_amostra_cor,ft1_0.data_aprovacao_amostra_producao,ft1_0.data_chegada_destino,ft1_0.data_colocacao_pedido,ft1_0.data_saida_origem,ft1_0.descricao,ft1_0.descricao_produto,ft1_0.duimp_di,ft1_0.estagio,ft1_0.fornecedor,ft1_0.foto_path,ft1_0.gramatura,ft1_0.largura,ft1_0.marca,ft1_0.marca_que_comprou,ft1_0.marca_que_utiliza,ft1_0.minimo,ft1_0.minimo_compra,ft1_0.ncm,ft1_0.nome_navio,ft1_0.numero_pedido,ft1_0.observacao_amostra_cor,ft1_0.observacao_amostra_producao,ft1_0.preco_reais,ft1_0.preco_usd,ft1_0.qti_pct,ft1_0.quantidade_comprada,ft1_0.ref_fornecedor,ft1_0.ref_texcotton,ft1_0.referencia,ft1_0.rendimento,ft1_0.status_amostra_cor,ft1_0.status_amostra_producao,ft1_0.status_colecao,ft1_0.status_pedido,ft1_0.tipo,ft1_0.tipo_solicitacao,ft1_0.unidade_medida from ficha_tecnica ft1_0 where ft1_0.id=?
Hibernate: select m1_0.id,m1_0.nome from marca m1_0
Hibernate: select c1_0.id,c1_0.nome from colecao c1_0
Hibernate: select f1_0.id,f1_0.nome from fornecedor f1_0
Hibernate: select c1_0.id,c1_0.nome from categoria c1_0
Hibernate: select ft1_0.id,ft1_0.categoria_produto,ft1_0.codigo,ft1_0.codigo_siscomex,ft1_0.colecao,ft1_0.composicao,ft1_0.contrato_cambio_adiant,ft1_0.contrato_cambio_pgto_final,ft1_0.cor,ft1_0.data_amostra_cor,ft1_0.data_amostra_producao,ft1_0.data_aprovacao_amostra_cor,ft1_0.data_aprovacao_amostra_producao,ft1_0.data_chegada_destino,ft1_0.data_colocacao_pedido,ft1_0.data_saida_origem,ft1_0.descricao,ft1_0.descricao_produto,ft1_0.duimp_di,ft1_0.estagio,ft1_0.fornecedor,ft1_0.foto_path,ft1_0.gramatura,ft1_0.largura,ft1_0.marca,ft1_0.marca_que_comprou,ft1_0.marca_que_utiliza,ft1_0.minimo,ft1_0.minimo_compra,ft1_0.ncm,ft1_0.nome_navio,ft1_0.numero_pedido,ft1_0.observacao_amostra_cor,ft1_0.observacao_amostra_producao,ft1_0.preco_reais,ft1_0.preco_usd,ft1_0.qti_pct,ft1_0.quantidade_comprada,ft1_0.ref_fornecedor,ft1_0.ref_texcotton,ft1_0.referencia,ft1_0.rendimento,ft1_0.status_amostra_cor,ft1_0.status_amostra_producao,ft1_0.status_colecao,ft1_0.status_pedido,ft1_0.tipo,ft1_0.tipo_solicitacao,ft1_0.unidade_medida from ficha_tecnica ft1_0
Hibernate: select m1_0.id,m1_0.nome from marca m1_0
Hibernate: select c1_0.id,c1_0.nome from colecao c1_0
Hibernate: select i1_0.id,i1_0.nome from insumo i1_0
Hibernate: select f1_0.id,f1_0.nome from fornecedor f1_0
Hibernate: select c1_0.id,c1_0.nome from categoria c1_0
Hibernate: select bn1_0.id,bn1_0.colecao,bn1_0.fornecedor,bn1_0.insumo,bn1_0.quantidade from bandeira_novidade bn1_0
Hibernate: select qp1_0.id,qp1_0.anime_aprovado,qp1_0.anime_cancelado,qp1_0.anime_cotado,qp1_0.authoria_aprovado,qp1_0.authoria_cancelado,qp1_0.authoria_cotado,qp1_0.bimbi_aprovado,qp1_0.bimbi_cancelado,qp1_0.bimbi_cotado,qp1_0.colecao,qp1_0.momi_aprovado,qp1_0.momi_cancelado,qp1_0.momi_cotado,qp1_0.tipo_solicitacao,qp1_0.youcciecancelado,qp1_0.youcciecotado,qp1_0.youcciee_aprovado from quadro_planejamento qp1_0
Hibernate: select cp1_0.id,cp1_0.colecao,cp1_0.insumo,cp1_0.marca from cadastro_previo cp1_0
2026-10-01T09:43:30.325-03:00  INFO 12700 --- [projeto] [   scheduling-1] c.e.projeto.service.CsvBackupService     : Backup CSV concluído em C:\Users\sabrina.00858\IdeaProjects\projetoMichele\backups (131 registros no total).
Hibernate: select ft1_0.id,ft1_0.categoria_produto,ft1_0.codigo,ft1_0.codigo_siscomex,ft1_0.colecao,ft1_0.composicao,ft1_0.contrato_cambio_adiant,ft1_0.contrato_cambio_pgto_final,ft1_0.cor,ft1_0.data_amostra_cor,ft1_0.data_amostra_producao,ft1_0.data_aprovacao_amostra_cor,ft1_0.data_aprovacao_amostra_producao,ft1_0.data_chegada_destino,ft1_0.data_colocacao_pedido,ft1_0.data_saida_origem,ft1_0.descricao,ft1_0.descricao_produto,ft1_0.duimp_di,ft1_0.estagio,ft1_0.fornecedor,ft1_0.foto_path,ft1_0.gramatura,ft1_0.largura,ft1_0.marca,ft1_0.marca_que_comprou,ft1_0.marca_que_utiliza,ft1_0.minimo,ft1_0.minimo_compra,ft1_0.ncm,ft1_0.nome_navio,ft1_0.numero_pedido,ft1_0.observacao_amostra_cor,ft1_0.observacao_amostra_producao,ft1_0.preco_reais,ft1_0.preco_usd,ft1_0.qti_pct,ft1_0.quantidade_comprada,ft1_0.ref_fornecedor,ft1_0.ref_texcotton,ft1_0.referencia,ft1_0.rendimento,ft1_0.status_amostra_cor,ft1_0.status_amostra_producao,ft1_0.status_colecao,ft1_0.status_pedido,ft1_0.tipo,ft1_0.tipo_solicitacao,ft1_0.unidade_medida from ficha_tecnica ft1_0
Hibernate: select m1_0.id,m1_0.nome from marca m1_0
Hibernate: select c1_0.id,c1_0.nome from colecao c1_0
Hibernate: select i1_0.id,i1_0.nome from insumo i1_0
Hibernate: select f1_0.id,f1_0.nome from fornecedor f1_0
Hibernate: select c1_0.id,c1_0.nome from categoria c1_0
Hibernate: select bn1_0.id,bn1_0.colecao,bn1_0.fornecedor,bn1_0.insumo,bn1_0.quantidade from bandeira_novidade bn1_0
Hibernate: select qp1_0.id,qp1_0.anime_aprovado,qp1_0.anime_cancelado,qp1_0.anime_cotado,qp1_0.authoria_aprovado,qp1_0.authoria_cancelado,qp1_0.authoria_cotado,qp1_0.bimbi_aprovado,qp1_0.bimbi_cancelado,qp1_0.bimbi_cotado,qp1_0.colecao,qp1_0.momi_aprovado,qp1_0.momi_cancelado,qp1_0.momi_cotado,qp1_0.tipo_solicitacao,qp1_0.youcciecancelado,qp1_0.youcciecotado,qp1_0.youcciee_aprovado from quadro_planejamento qp1_0
Hibernate: select cp1_0.id,cp1_0.colecao,cp1_0.insumo,cp1_0.marca from cadastro_previo cp1_0
2026-10-01T09:48:30.451-03:00  INFO 12700 --- [projeto] [   scheduling-1] c.e.projeto.service.CsvBackupService     : Backup CSV concluído em C:\Users\sabrina.00858\IdeaProjects\projetoMichele\backups (131 registros no total).
Hibernate: select ft1_0.id,ft1_0.categoria_produto,ft1_0.codigo,ft1_0.codigo_siscomex,ft1_0.colecao,ft1_0.composicao,ft1_0.contrato_cambio_adiant,ft1_0.contrato_cambio_pgto_final,ft1_0.cor,ft1_0.data_amostra_cor,ft1_0.data_amostra_producao,ft1_0.data_aprovacao_amostra_cor,ft1_0.data_aprovacao_amostra_producao,ft1_0.data_chegada_destino,ft1_0.data_colocacao_pedido,ft1_0.data_saida_origem,ft1_0.descricao,ft1_0.descricao_produto,ft1_0.duimp_di,ft1_0.estagio,ft1_0.fornecedor,ft1_0.foto_path,ft1_0.gramatura,ft1_0.largura,ft1_0.marca,ft1_0.marca_que_comprou,ft1_0.marca_que_utiliza,ft1_0.minimo,ft1_0.minimo_compra,ft1_0.ncm,ft1_0.nome_navio,ft1_0.numero_pedido,ft1_0.observacao_amostra_cor,ft1_0.observacao_amostra_producao,ft1_0.preco_reais,ft1_0.preco_usd,ft1_0.qti_pct,ft1_0.quantidade_comprada,ft1_0.ref_fornecedor,ft1_0.ref_texcotton,ft1_0.referencia,ft1_0.rendimento,ft1_0.status_amostra_cor,ft1_0.status_amostra_producao,ft1_0.status_colecao,ft1_0.status_pedido,ft1_0.tipo,ft1_0.tipo_solicitacao,ft1_0.unidade_medida from ficha_tecnica ft1_0
Hibernate: select m1_0.id,m1_0.nome from marca m1_0
Hibernate: select c1_0.id,c1_0.nome from colecao c1_0
Hibernate: select i1_0.id,i1_0.nome from insumo i1_0
Hibernate: select f1_0.id,f1_0.nome from fornecedor f1_0
Hibernate: select c1_0.id,c1_0.nome from categoria c1_0
Hibernate: select bn1_0.id,bn1_0.colecao,bn1_0.fornecedor,bn1_0.insumo,bn1_0.quantidade from bandeira_novidade bn1_0
Hibernate: select qp1_0.id,qp1_0.anime_aprovado,qp1_0.anime_cancelado,qp1_0.anime_cotado,qp1_0.authoria_aprovado,qp1_0.authoria_cancelado,qp1_0.authoria_cotado,qp1_0.bimbi_aprovado,qp1_0.bimbi_cancelado,qp1_0.bimbi_cotado,qp1_0.colecao,qp1_0.momi_aprovado,qp1_0.momi_cancelado,qp1_0.momi_cotado,qp1_0.tipo_solicitacao,qp1_0.youcciecancelado,qp1_0.youcciecotado,qp1_0.youcciee_aprovado from quadro_planejamento qp1_0
Hibernate: select cp1_0.id,cp1_0.colecao,cp1_0.insumo,cp1_0.marca from cadastro_previo cp1_0
2026-10-01T09:53:30.748-03:00  INFO 12700 --- [projeto] [   scheduling-1] c.e.projeto.service.CsvBackupService     : Backup CSV concluído em C:\Users\sabrina.00858\IdeaProjects\projetoMichele\backups (131 registros no total).
Hibernate: select i1_0.id,i1_0.nome from insumo i1_0
Hibernate: select ft1_0.id,ft1_0.categoria_produto,ft1_0.codigo,ft1_0.codigo_siscomex,ft1_0.colecao,ft1_0.composicao,ft1_0.contrato_cambio_adiant,ft1_0.contrato_cambio_pgto_final,ft1_0.cor,ft1_0.data_amostra_cor,ft1_0.data_amostra_producao,ft1_0.data_aprovacao_amostra_cor,ft1_0.data_aprovacao_amostra_producao,ft1_0.data_chegada_destino,ft1_0.data_colocacao_pedido,ft1_0.data_saida_origem,ft1_0.descricao,ft1_0.descricao_produto,ft1_0.duimp_di,ft1_0.estagio,ft1_0.fornecedor,ft1_0.foto_path,ft1_0.gramatura,ft1_0.largura,ft1_0.marca,ft1_0.marca_que_comprou,ft1_0.marca_que_utiliza,ft1_0.minimo,ft1_0.minimo_compra,ft1_0.ncm,ft1_0.nome_navio,ft1_0.numero_pedido,ft1_0.observacao_amostra_cor,ft1_0.observacao_amostra_producao,ft1_0.preco_reais,ft1_0.preco_usd,ft1_0.qti_pct,ft1_0.quantidade_comprada,ft1_0.ref_fornecedor,ft1_0.ref_texcotton,ft1_0.referencia,ft1_0.rendimento,ft1_0.status_amostra_cor,ft1_0.status_amostra_producao,ft1_0.status_colecao,ft1_0.status_pedido,ft1_0.tipo,ft1_0.tipo_solicitacao,ft1_0.unidade_medida from ficha_tecnica ft1_0 order by ft1_0.id desc
Hibernate: select c1_0.id,c1_0.nome from colecao c1_0
Hibernate: select f1_0.id,f1_0.nome from fornecedor f1_0
Hibernate: select ft1_0.colecao,count(ft1_0.id) from ficha_tecnica ft1_0 where ft1_0.colecao is not null and ft1_0.colecao<>'' group by ft1_0.colecao order by ft1_0.colecao
Hibernate: select i1_0.id,i1_0.nome from insumo i1_0
Hibernate: select ft1_0.id,ft1_0.categoria_produto,ft1_0.codigo,ft1_0.codigo_siscomex,ft1_0.colecao,ft1_0.composicao,ft1_0.contrato_cambio_adiant,ft1_0.contrato_cambio_pgto_final,ft1_0.cor,ft1_0.data_amostra_cor,ft1_0.data_amostra_producao,ft1_0.data_aprovacao_amostra_cor,ft1_0.data_aprovacao_amostra_producao,ft1_0.data_chegada_destino,ft1_0.data_colocacao_pedido,ft1_0.data_saida_origem,ft1_0.descricao,ft1_0.descricao_produto,ft1_0.duimp_di,ft1_0.estagio,ft1_0.fornecedor,ft1_0.foto_path,ft1_0.gramatura,ft1_0.largura,ft1_0.marca,ft1_0.marca_que_comprou,ft1_0.marca_que_utiliza,ft1_0.minimo,ft1_0.minimo_compra,ft1_0.ncm,ft1_0.nome_navio,ft1_0.numero_pedido,ft1_0.observacao_amostra_cor,ft1_0.observacao_amostra_producao,ft1_0.preco_reais,ft1_0.preco_usd,ft1_0.qti_pct,ft1_0.quantidade_comprada,ft1_0.ref_fornecedor,ft1_0.ref_texcotton,ft1_0.referencia,ft1_0.rendimento,ft1_0.status_amostra_cor,ft1_0.status_amostra_producao,ft1_0.status_colecao,ft1_0.status_pedido,ft1_0.tipo,ft1_0.tipo_solicitacao,ft1_0.unidade_medida from ficha_tecnica ft1_0 order by ft1_0.id desc
Hibernate: select c1_0.id,c1_0.nome from colecao c1_0
Hibernate: select f1_0.id,f1_0.nome from fornecedor f1_0
Hibernate: select ft1_0.colecao,count(ft1_0.id) from ficha_tecnica ft1_0 where ft1_0.colecao is not null and ft1_0.colecao<>'' group by ft1_0.colecao order by ft1_0.colecao
Hibernate: select i1_0.id,i1_0.nome from insumo i1_0
Hibernate: select i1_0.id,i1_0.nome from insumo i1_0
Hibernate: select ft1_0.id,ft1_0.categoria_produto,ft1_0.codigo,ft1_0.codigo_siscomex,ft1_0.colecao,ft1_0.composicao,ft1_0.contrato_cambio_adiant,ft1_0.contrato_cambio_pgto_final,ft1_0.cor,ft1_0.data_amostra_cor,ft1_0.data_amostra_producao,ft1_0.data_aprovacao_amostra_cor,ft1_0.data_aprovacao_amostra_producao,ft1_0.data_chegada_destino,ft1_0.data_colocacao_pedido,ft1_0.data_saida_origem,ft1_0.descricao,ft1_0.descricao_produto,ft1_0.duimp_di,ft1_0.estagio,ft1_0.fornecedor,ft1_0.foto_path,ft1_0.gramatura,ft1_0.largura,ft1_0.marca,ft1_0.marca_que_comprou,ft1_0.marca_que_utiliza,ft1_0.minimo,ft1_0.minimo_compra,ft1_0.ncm,ft1_0.nome_navio,ft1_0.numero_pedido,ft1_0.observacao_amostra_cor,ft1_0.observacao_amostra_producao,ft1_0.preco_reais,ft1_0.preco_usd,ft1_0.qti_pct,ft1_0.quantidade_comprada,ft1_0.ref_fornecedor,ft1_0.ref_texcotton,ft1_0.referencia,ft1_0.rendimento,ft1_0.status_amostra_cor,ft1_0.status_amostra_producao,ft1_0.status_colecao,ft1_0.status_pedido,ft1_0.tipo,ft1_0.tipo_solicitacao,ft1_0.unidade_medida from ficha_tecnica ft1_0 order by ft1_0.id desc
Hibernate: select c1_0.id,c1_0.nome from colecao c1_0
Hibernate: select f1_0.id,f1_0.nome from fornecedor f1_0
Hibernate: select ft1_0.colecao,count(ft1_0.id) from ficha_tecnica ft1_0 where ft1_0.colecao is not null and ft1_0.colecao<>'' group by ft1_0.colecao order by ft1_0.colecao
Hibernate: select i1_0.id,i1_0.nome from insumo i1_0
Hibernate: select i1_0.id,i1_0.nome from insumo i1_0
Hibernate: select ft1_0.id,ft1_0.categoria_produto,ft1_0.codigo,ft1_0.codigo_siscomex,ft1_0.colecao,ft1_0.composicao,ft1_0.contrato_cambio_adiant,ft1_0.contrato_cambio_pgto_final,ft1_0.cor,ft1_0.data_amostra_cor,ft1_0.data_amostra_producao,ft1_0.data_aprovacao_amostra_cor,ft1_0.data_aprovacao_amostra_producao,ft1_0.data_chegada_destino,ft1_0.data_colocacao_pedido,ft1_0.data_saida_origem,ft1_0.descricao,ft1_0.descricao_produto,ft1_0.duimp_di,ft1_0.estagio,ft1_0.fornecedor,ft1_0.foto_path,ft1_0.gramatura,ft1_0.largura,ft1_0.marca,ft1_0.marca_que_comprou,ft1_0.marca_que_utiliza,ft1_0.minimo,ft1_0.minimo_compra,ft1_0.ncm,ft1_0.nome_navio,ft1_0.numero_pedido,ft1_0.observacao_amostra_cor,ft1_0.observacao_amostra_producao,ft1_0.preco_reais,ft1_0.preco_usd,ft1_0.qti_pct,ft1_0.quantidade_comprada,ft1_0.ref_fornecedor,ft1_0.ref_texcotton,ft1_0.referencia,ft1_0.rendimento,ft1_0.status_amostra_cor,ft1_0.status_amostra_producao,ft1_0.status_colecao,ft1_0.status_pedido,ft1_0.tipo,ft1_0.tipo_solicitacao,ft1_0.unidade_medida from ficha_tecnica ft1_0 where ft1_0.id=?
Hibernate: select m1_0.id,m1_0.nome from marca m1_0
Hibernate: select c1_0.id,c1_0.nome from colecao c1_0
Hibernate: select f1_0.id,f1_0.nome from fornecedor f1_0
Hibernate: select c1_0.id,c1_0.nome from categoria c1_0
Hibernate: select i1_0.id,i1_0.nome from insumo i1_0
Hibernate: select ft1_0.id,ft1_0.categoria_produto,ft1_0.codigo,ft1_0.codigo_siscomex,ft1_0.colecao,ft1_0.composicao,ft1_0.contrato_cambio_adiant,ft1_0.contrato_cambio_pgto_final,ft1_0.cor,ft1_0.data_amostra_cor,ft1_0.data_amostra_producao,ft1_0.data_aprovacao_amostra_cor,ft1_0.data_aprovacao_amostra_producao,ft1_0.data_chegada_destino,ft1_0.data_colocacao_pedido,ft1_0.data_saida_origem,ft1_0.descricao,ft1_0.descricao_produto,ft1_0.duimp_di,ft1_0.estagio,ft1_0.fornecedor,ft1_0.foto_path,ft1_0.gramatura,ft1_0.largura,ft1_0.marca,ft1_0.marca_que_comprou,ft1_0.marca_que_utiliza,ft1_0.minimo,ft1_0.minimo_compra,ft1_0.ncm,ft1_0.nome_navio,ft1_0.numero_pedido,ft1_0.observacao_amostra_cor,ft1_0.observacao_amostra_producao,ft1_0.preco_reais,ft1_0.preco_usd,ft1_0.qti_pct,ft1_0.quantidade_comprada,ft1_0.ref_fornecedor,ft1_0.ref_texcotton,ft1_0.referencia,ft1_0.rendimento,ft1_0.status_amostra_cor,ft1_0.status_amostra_producao,ft1_0.status_colecao,ft1_0.status_pedido,ft1_0.tipo,ft1_0.tipo_solicitacao,ft1_0.unidade_medida from ficha_tecnica ft1_0 where ft1_0.id=?
Hibernate: select i1_0.id,i1_0.nome from insumo i1_0
Hibernate: select ft1_0.id,ft1_0.categoria_produto,ft1_0.codigo,ft1_0.codigo_siscomex,ft1_0.colecao,ft1_0.composicao,ft1_0.contrato_cambio_adiant,ft1_0.contrato_cambio_pgto_final,ft1_0.cor,ft1_0.data_amostra_cor,ft1_0.data_amostra_producao,ft1_0.data_aprovacao_amostra_cor,ft1_0.data_aprovacao_amostra_producao,ft1_0.data_chegada_destino,ft1_0.data_colocacao_pedido,ft1_0.data_saida_origem,ft1_0.descricao,ft1_0.descricao_produto,ft1_0.duimp_di,ft1_0.estagio,ft1_0.fornecedor,ft1_0.foto_path,ft1_0.gramatura,ft1_0.largura,ft1_0.marca,ft1_0.marca_que_comprou,ft1_0.marca_que_utiliza,ft1_0.minimo,ft1_0.minimo_compra,ft1_0.ncm,ft1_0.nome_navio,ft1_0.numero_pedido,ft1_0.observacao_amostra_cor,ft1_0.observacao_amostra_producao,ft1_0.preco_reais,ft1_0.preco_usd,ft1_0.qti_pct,ft1_0.quantidade_comprada,ft1_0.ref_fornecedor,ft1_0.ref_texcotton,ft1_0.referencia,ft1_0.rendimento,ft1_0.status_amostra_cor,ft1_0.status_amostra_producao,ft1_0.status_colecao,ft1_0.status_pedido,ft1_0.tipo,ft1_0.tipo_solicitacao,ft1_0.unidade_medida from ficha_tecnica ft1_0 order by ft1_0.id desc
Hibernate: select c1_0.id,c1_0.nome from colecao c1_0
Hibernate: select f1_0.id,f1_0.nome from fornecedor f1_0
Hibernate: select ft1_0.colecao,count(ft1_0.id) from ficha_tecnica ft1_0 where ft1_0.colecao is not null and ft1_0.colecao<>'' group by ft1_0.colecao order by ft1_0.colecao
Hibernate: select i1_0.id,i1_0.nome from insumo i1_0
Hibernate: select i1_0.id,i1_0.nome from insumo i1_0
Hibernate: select ft1_0.id,ft1_0.categoria_produto,ft1_0.codigo,ft1_0.codigo_siscomex,ft1_0.colecao,ft1_0.composicao,ft1_0.contrato_cambio_adiant,ft1_0.contrato_cambio_pgto_final,ft1_0.cor,ft1_0.data_amostra_cor,ft1_0.data_amostra_producao,ft1_0.data_aprovacao_amostra_cor,ft1_0.data_aprovacao_amostra_producao,ft1_0.data_chegada_destino,ft1_0.data_colocacao_pedido,ft1_0.data_saida_origem,ft1_0.descricao,ft1_0.descricao_produto,ft1_0.duimp_di,ft1_0.estagio,ft1_0.fornecedor,ft1_0.foto_path,ft1_0.gramatura,ft1_0.largura,ft1_0.marca,ft1_0.marca_que_comprou,ft1_0.marca_que_utiliza,ft1_0.minimo,ft1_0.minimo_compra,ft1_0.ncm,ft1_0.nome_navio,ft1_0.numero_pedido,ft1_0.observacao_amostra_cor,ft1_0.observacao_amostra_producao,ft1_0.preco_reais,ft1_0.preco_usd,ft1_0.qti_pct,ft1_0.quantidade_comprada,ft1_0.ref_fornecedor,ft1_0.ref_texcotton,ft1_0.referencia,ft1_0.rendimento,ft1_0.status_amostra_cor,ft1_0.status_amostra_producao,ft1_0.status_colecao,ft1_0.status_pedido,ft1_0.tipo,ft1_0.tipo_solicitacao,ft1_0.unidade_medida from ficha_tecnica ft1_0 where ft1_0.id=?
Hibernate: select m1_0.id,m1_0.nome from marca m1_0
Hibernate: select c1_0.id,c1_0.nome from colecao c1_0
Hibernate: select f1_0.id,f1_0.nome from fornecedor f1_0
Hibernate: select c1_0.id,c1_0.nome from categoria c1_0
Hibernate: select i1_0.id,i1_0.nome from insumo i1_0
Hibernate: select ft1_0.id,ft1_0.categoria_produto,ft1_0.codigo,ft1_0.codigo_siscomex,ft1_0.colecao,ft1_0.composicao,ft1_0.contrato_cambio_adiant,ft1_0.contrato_cambio_pgto_final,ft1_0.cor,ft1_0.data_amostra_cor,ft1_0.data_amostra_producao,ft1_0.data_aprovacao_amostra_cor,ft1_0.data_aprovacao_amostra_producao,ft1_0.data_chegada_destino,ft1_0.data_colocacao_pedido,ft1_0.data_saida_origem,ft1_0.descricao,ft1_0.descricao_produto,ft1_0.duimp_di,ft1_0.estagio,ft1_0.fornecedor,ft1_0.foto_path,ft1_0.gramatura,ft1_0.largura,ft1_0.marca,ft1_0.marca_que_comprou,ft1_0.marca_que_utiliza,ft1_0.minimo,ft1_0.minimo_compra,ft1_0.ncm,ft1_0.nome_navio,ft1_0.numero_pedido,ft1_0.observacao_amostra_cor,ft1_0.observacao_amostra_producao,ft1_0.preco_reais,ft1_0.preco_usd,ft1_0.qti_pct,ft1_0.quantidade_comprada,ft1_0.ref_fornecedor,ft1_0.ref_texcotton,ft1_0.referencia,ft1_0.rendimento,ft1_0.status_amostra_cor,ft1_0.status_amostra_producao,ft1_0.status_colecao,ft1_0.status_pedido,ft1_0.tipo,ft1_0.tipo_solicitacao,ft1_0.unidade_medida from ficha_tecnica ft1_0 where ft1_0.id=?
Hibernate: update ficha_tecnica set categoria_produto=?,codigo=?,codigo_siscomex=?,colecao=?,composicao=?,contrato_cambio_adiant=?,contrato_cambio_pgto_final=?,cor=?,data_amostra_cor=?,data_amostra_producao=?,data_aprovacao_amostra_cor=?,data_aprovacao_amostra_producao=?,data_chegada_destino=?,data_colocacao_pedido=?,data_saida_origem=?,descricao=?,descricao_produto=?,duimp_di=?,estagio=?,fornecedor=?,foto_path=?,gramatura=?,largura=?,marca=?,marca_que_comprou=?,marca_que_utiliza=?,minimo=?,minimo_compra=?,ncm=?,nome_navio=?,numero_pedido=?,observacao_amostra_cor=?,observacao_amostra_producao=?,preco_reais=?,preco_usd=?,qti_pct=?,quantidade_comprada=?,ref_fornecedor=?,ref_texcotton=?,referencia=?,rendimento=?,status_amostra_cor=?,status_amostra_producao=?,status_colecao=?,status_pedido=?,tipo=?,tipo_solicitacao=?,unidade_medida=? where id=?
Hibernate: select i1_0.id,i1_0.nome from insumo i1_0
Hibernate: select ft1_0.id,ft1_0.categoria_produto,ft1_0.codigo,ft1_0.codigo_siscomex,ft1_0.colecao,ft1_0.composicao,ft1_0.contrato_cambio_adiant,ft1_0.contrato_cambio_pgto_final,ft1_0.cor,ft1_0.data_amostra_cor,ft1_0.data_amostra_producao,ft1_0.data_aprovacao_amostra_cor,ft1_0.data_aprovacao_amostra_producao,ft1_0.data_chegada_destino,ft1_0.data_colocacao_pedido,ft1_0.data_saida_origem,ft1_0.descricao,ft1_0.descricao_produto,ft1_0.duimp_di,ft1_0.estagio,ft1_0.fornecedor,ft1_0.foto_path,ft1_0.gramatura,ft1_0.largura,ft1_0.marca,ft1_0.marca_que_comprou,ft1_0.marca_que_utiliza,ft1_0.minimo,ft1_0.minimo_compra,ft1_0.ncm,ft1_0.nome_navio,ft1_0.numero_pedido,ft1_0.observacao_amostra_cor,ft1_0.observacao_amostra_producao,ft1_0.preco_reais,ft1_0.preco_usd,ft1_0.qti_pct,ft1_0.quantidade_comprada,ft1_0.ref_fornecedor,ft1_0.ref_texcotton,ft1_0.referencia,ft1_0.rendimento,ft1_0.status_amostra_cor,ft1_0.status_amostra_producao,ft1_0.status_colecao,ft1_0.status_pedido,ft1_0.tipo,ft1_0.tipo_solicitacao,ft1_0.unidade_medida from ficha_tecnica ft1_0 order by ft1_0.id desc
Hibernate: select c1_0.id,c1_0.nome from colecao c1_0
Hibernate: select f1_0.id,f1_0.nome from fornecedor f1_0
Hibernate: select ft1_0.colecao,count(ft1_0.id) from ficha_tecnica ft1_0 where ft1_0.colecao is not null and ft1_0.colecao<>'' group by ft1_0.colecao order by ft1_0.colecao
Hibernate: select i1_0.id,i1_0.nome from insumo i1_0
Hibernate: select i1_0.id,i1_0.nome from insumo i1_0
Hibernate: select ft1_0.id,ft1_0.categoria_produto,ft1_0.codigo,ft1_0.codigo_siscomex,ft1_0.colecao,ft1_0.composicao,ft1_0.contrato_cambio_adiant,ft1_0.contrato_cambio_pgto_final,ft1_0.cor,ft1_0.data_amostra_cor,ft1_0.data_amostra_producao,ft1_0.data_aprovacao_amostra_cor,ft1_0.data_aprovacao_amostra_producao,ft1_0.data_chegada_destino,ft1_0.data_colocacao_pedido,ft1_0.data_saida_origem,ft1_0.descricao,ft1_0.descricao_produto,ft1_0.duimp_di,ft1_0.estagio,ft1_0.fornecedor,ft1_0.foto_path,ft1_0.gramatura,ft1_0.largura,ft1_0.marca,ft1_0.marca_que_comprou,ft1_0.marca_que_utiliza,ft1_0.minimo,ft1_0.minimo_compra,ft1_0.ncm,ft1_0.nome_navio,ft1_0.numero_pedido,ft1_0.observacao_amostra_cor,ft1_0.observacao_amostra_producao,ft1_0.preco_reais,ft1_0.preco_usd,ft1_0.qti_pct,ft1_0.quantidade_comprada,ft1_0.ref_fornecedor,ft1_0.ref_texcotton,ft1_0.referencia,ft1_0.rendimento,ft1_0.status_amostra_cor,ft1_0.status_amostra_producao,ft1_0.status_colecao,ft1_0.status_pedido,ft1_0.tipo,ft1_0.tipo_solicitacao,ft1_0.unidade_medida from ficha_tecnica ft1_0 where ft1_0.id=?
Hibernate: select m1_0.id,m1_0.nome from marca m1_0
Hibernate: select c1_0.id,c1_0.nome from colecao c1_0
Hibernate: select f1_0.id,f1_0.nome from fornecedor f1_0
Hibernate: select c1_0.id,c1_0.nome from categoria c1_0
Hibernate: select i1_0.id,i1_0.nome from insumo i1_0
Hibernate: select ft1_0.id,ft1_0.categoria_produto,ft1_0.codigo,ft1_0.codigo_siscomex,ft1_0.colecao,ft1_0.composicao,ft1_0.contrato_cambio_adiant,ft1_0.contrato_cambio_pgto_final,ft1_0.cor,ft1_0.data_amostra_cor,ft1_0.data_amostra_producao,ft1_0.data_aprovacao_amostra_cor,ft1_0.data_aprovacao_amostra_producao,ft1_0.data_chegada_destino,ft1_0.data_colocacao_pedido,ft1_0.data_saida_origem,ft1_0.descricao,ft1_0.descricao_produto,ft1_0.duimp_di,ft1_0.estagio,ft1_0.fornecedor,ft1_0.foto_path,ft1_0.gramatura,ft1_0.largura,ft1_0.marca,ft1_0.marca_que_comprou,ft1_0.marca_que_utiliza,ft1_0.minimo,ft1_0.minimo_compra,ft1_0.ncm,ft1_0.nome_navio,ft1_0.numero_pedido,ft1_0.observacao_amostra_cor,ft1_0.observacao_amostra_producao,ft1_0.preco_reais,ft1_0.preco_usd,ft1_0.qti_pct,ft1_0.quantidade_comprada,ft1_0.ref_fornecedor,ft1_0.ref_texcotton,ft1_0.referencia,ft1_0.rendimento,ft1_0.status_amostra_cor,ft1_0.status_amostra_producao,ft1_0.status_colecao,ft1_0.status_pedido,ft1_0.tipo,ft1_0.tipo_solicitacao,ft1_0.unidade_medida from ficha_tecnica ft1_0 where ft1_0.id=?
Hibernate: update ficha_tecnica set categoria_produto=?,codigo=?,codigo_siscomex=?,colecao=?,composicao=?,contrato_cambio_adiant=?,contrato_cambio_pgto_final=?,cor=?,data_amostra_cor=?,data_amostra_producao=?,data_aprovacao_amostra_cor=?,data_aprovacao_amostra_producao=?,data_chegada_destino=?,data_colocacao_pedido=?,data_saida_origem=?,descricao=?,descricao_produto=?,duimp_di=?,estagio=?,fornecedor=?,foto_path=?,gramatura=?,largura=?,marca=?,marca_que_comprou=?,marca_que_utiliza=?,minimo=?,minimo_compra=?,ncm=?,nome_navio=?,numero_pedido=?,observacao_amostra_cor=?,observacao_amostra_producao=?,preco_reais=?,preco_usd=?,qti_pct=?,quantidade_comprada=?,ref_fornecedor=?,ref_texcotton=?,referencia=?,rendimento=?,status_amostra_cor=?,status_amostra_producao=?,status_colecao=?,status_pedido=?,tipo=?,tipo_solicitacao=?,unidade_medida=? where id=?
Hibernate: select i1_0.id,i1_0.nome from insumo i1_0
Hibernate: select ft1_0.id,ft1_0.categoria_produto,ft1_0.codigo,ft1_0.codigo_siscomex,ft1_0.colecao,ft1_0.composicao,ft1_0.contrato_cambio_adiant,ft1_0.contrato_cambio_pgto_final,ft1_0.cor,ft1_0.data_amostra_cor,ft1_0.data_amostra_producao,ft1_0.data_aprovacao_amostra_cor,ft1_0.data_aprovacao_amostra_producao,ft1_0.data_chegada_destino,ft1_0.data_colocacao_pedido,ft1_0.data_saida_origem,ft1_0.descricao,ft1_0.descricao_produto,ft1_0.duimp_di,ft1_0.estagio,ft1_0.fornecedor,ft1_0.foto_path,ft1_0.gramatura,ft1_0.largura,ft1_0.marca,ft1_0.marca_que_comprou,ft1_0.marca_que_utiliza,ft1_0.minimo,ft1_0.minimo_compra,ft1_0.ncm,ft1_0.nome_navio,ft1_0.numero_pedido,ft1_0.observacao_amostra_cor,ft1_0.observacao_amostra_producao,ft1_0.preco_reais,ft1_0.preco_usd,ft1_0.qti_pct,ft1_0.quantidade_comprada,ft1_0.ref_fornecedor,ft1_0.ref_texcotton,ft1_0.referencia,ft1_0.rendimento,ft1_0.status_amostra_cor,ft1_0.status_amostra_producao,ft1_0.status_colecao,ft1_0.status_pedido,ft1_0.tipo,ft1_0.tipo_solicitacao,ft1_0.unidade_medida from ficha_tecnica ft1_0 order by ft1_0.id desc
Hibernate: select c1_0.id,c1_0.nome from colecao c1_0
Hibernate: select f1_0.id,f1_0.nome from fornecedor f1_0
Hibernate: select ft1_0.colecao,count(ft1_0.id) from ficha_tecnica ft1_0 where ft1_0.colecao is not null and ft1_0.colecao<>'' group by ft1_0.colecao order by ft1_0.colecao
Hibernate: select i1_0.id,i1_0.nome from insumo i1_0
Hibernate: select i1_0.id,i1_0.nome from insumo i1_0
Hibernate: select ft1_0.id,ft1_0.categoria_produto,ft1_0.codigo,ft1_0.codigo_siscomex,ft1_0.colecao,ft1_0.composicao,ft1_0.contrato_cambio_adiant,ft1_0.contrato_cambio_pgto_final,ft1_0.cor,ft1_0.data_amostra_cor,ft1_0.data_amostra_producao,ft1_0.data_aprovacao_amostra_cor,ft1_0.data_aprovacao_amostra_producao,ft1_0.data_chegada_destino,ft1_0.data_colocacao_pedido,ft1_0.data_saida_origem,ft1_0.descricao,ft1_0.descricao_produto,ft1_0.duimp_di,ft1_0.estagio,ft1_0.fornecedor,ft1_0.foto_path,ft1_0.gramatura,ft1_0.largura,ft1_0.marca,ft1_0.marca_que_comprou,ft1_0.marca_que_utiliza,ft1_0.minimo,ft1_0.minimo_compra,ft1_0.ncm,ft1_0.nome_navio,ft1_0.numero_pedido,ft1_0.observacao_amostra_cor,ft1_0.observacao_amostra_producao,ft1_0.preco_reais,ft1_0.preco_usd,ft1_0.qti_pct,ft1_0.quantidade_comprada,ft1_0.ref_fornecedor,ft1_0.ref_texcotton,ft1_0.referencia,ft1_0.rendimento,ft1_0.status_amostra_cor,ft1_0.status_amostra_producao,ft1_0.status_colecao,ft1_0.status_pedido,ft1_0.tipo,ft1_0.tipo_solicitacao,ft1_0.unidade_medida from ficha_tecnica ft1_0 where ft1_0.id=?
Hibernate: select m1_0.id,m1_0.nome from marca m1_0
Hibernate: select c1_0.id,c1_0.nome from colecao c1_0
Hibernate: select f1_0.id,f1_0.nome from fornecedor f1_0
Hibernate: select c1_0.id,c1_0.nome from categoria c1_0
Hibernate: select i1_0.id,i1_0.nome from insumo i1_0
Hibernate: select ft1_0.id,ft1_0.categoria_produto,ft1_0.codigo,ft1_0.codigo_siscomex,ft1_0.colecao,ft1_0.composicao,ft1_0.contrato_cambio_adiant,ft1_0.contrato_cambio_pgto_final,ft1_0.cor,ft1_0.data_amostra_cor,ft1_0.data_amostra_producao,ft1_0.data_aprovacao_amostra_cor,ft1_0.data_aprovacao_amostra_producao,ft1_0.data_chegada_destino,ft1_0.data_colocacao_pedido,ft1_0.data_saida_origem,ft1_0.descricao,ft1_0.descricao_produto,ft1_0.duimp_di,ft1_0.estagio,ft1_0.fornecedor,ft1_0.foto_path,ft1_0.gramatura,ft1_0.largura,ft1_0.marca,ft1_0.marca_que_comprou,ft1_0.marca_que_utiliza,ft1_0.minimo,ft1_0.minimo_compra,ft1_0.ncm,ft1_0.nome_navio,ft1_0.numero_pedido,ft1_0.observacao_amostra_cor,ft1_0.observacao_amostra_producao,ft1_0.preco_reais,ft1_0.preco_usd,ft1_0.qti_pct,ft1_0.quantidade_comprada,ft1_0.ref_fornecedor,ft1_0.ref_texcotton,ft1_0.referencia,ft1_0.rendimento,ft1_0.status_amostra_cor,ft1_0.status_amostra_producao,ft1_0.status_colecao,ft1_0.status_pedido,ft1_0.tipo,ft1_0.tipo_solicitacao,ft1_0.unidade_medida from ficha_tecnica ft1_0 where ft1_0.id=?
Hibernate: update ficha_tecnica set categoria_produto=?,codigo=?,codigo_siscomex=?,colecao=?,composicao=?,contrato_cambio_adiant=?,contrato_cambio_pgto_final=?,cor=?,data_amostra_cor=?,data_amostra_producao=?,data_aprovacao_amostra_cor=?,data_aprovacao_amostra_producao=?,data_chegada_destino=?,data_colocacao_pedido=?,data_saida_origem=?,descricao=?,descricao_produto=?,duimp_di=?,estagio=?,fornecedor=?,foto_path=?,gramatura=?,largura=?,marca=?,marca_que_comprou=?,marca_que_utiliza=?,minimo=?,minimo_compra=?,ncm=?,nome_navio=?,numero_pedido=?,observacao_amostra_cor=?,observacao_amostra_producao=?,preco_reais=?,preco_usd=?,qti_pct=?,quantidade_comprada=?,ref_fornecedor=?,ref_texcotton=?,referencia=?,rendimento=?,status_amostra_cor=?,status_amostra_producao=?,status_colecao=?,status_pedido=?,tipo=?,tipo_solicitacao=?,unidade_medida=? where id=?
Hibernate: select i1_0.id,i1_0.nome from insumo i1_0
Hibernate: select ft1_0.id,ft1_0.categoria_produto,ft1_0.codigo,ft1_0.codigo_siscomex,ft1_0.colecao,ft1_0.composicao,ft1_0.contrato_cambio_adiant,ft1_0.contrato_cambio_pgto_final,ft1_0.cor,ft1_0.data_amostra_cor,ft1_0.data_amostra_producao,ft1_0.data_aprovacao_amostra_cor,ft1_0.data_aprovacao_amostra_producao,ft1_0.data_chegada_destino,ft1_0.data_colocacao_pedido,ft1_0.data_saida_origem,ft1_0.descricao,ft1_0.descricao_produto,ft1_0.duimp_di,ft1_0.estagio,ft1_0.fornecedor,ft1_0.foto_path,ft1_0.gramatura,ft1_0.largura,ft1_0.marca,ft1_0.marca_que_comprou,ft1_0.marca_que_utiliza,ft1_0.minimo,ft1_0.minimo_compra,ft1_0.ncm,ft1_0.nome_navio,ft1_0.numero_pedido,ft1_0.observacao_amostra_cor,ft1_0.observacao_amostra_producao,ft1_0.preco_reais,ft1_0.preco_usd,ft1_0.qti_pct,ft1_0.quantidade_comprada,ft1_0.ref_fornecedor,ft1_0.ref_texcotton,ft1_0.referencia,ft1_0.rendimento,ft1_0.status_amostra_cor,ft1_0.status_amostra_producao,ft1_0.status_colecao,ft1_0.status_pedido,ft1_0.tipo,ft1_0.tipo_solicitacao,ft1_0.unidade_medida from ficha_tecnica ft1_0 order by ft1_0.id desc
Hibernate: select c1_0.id,c1_0.nome from colecao c1_0
Hibernate: select f1_0.id,f1_0.nome from fornecedor f1_0
Hibernate: select ft1_0.colecao,count(ft1_0.id) from ficha_tecnica ft1_0 where ft1_0.colecao is not null and ft1_0.colecao<>'' group by ft1_0.colecao order by ft1_0.colecao
Hibernate: select i1_0.id,i1_0.nome from insumo i1_0
Hibernate: select i1_0.id,i1_0.nome from insumo i1_0
Hibernate: select ft1_0.id,ft1_0.categoria_produto,ft1_0.codigo,ft1_0.codigo_siscomex,ft1_0.colecao,ft1_0.composicao,ft1_0.contrato_cambio_adiant,ft1_0.contrato_cambio_pgto_final,ft1_0.cor,ft1_0.data_amostra_cor,ft1_0.data_amostra_producao,ft1_0.data_aprovacao_amostra_cor,ft1_0.data_aprovacao_amostra_producao,ft1_0.data_chegada_destino,ft1_0.data_colocacao_pedido,ft1_0.data_saida_origem,ft1_0.descricao,ft1_0.descricao_produto,ft1_0.duimp_di,ft1_0.estagio,ft1_0.fornecedor,ft1_0.foto_path,ft1_0.gramatura,ft1_0.largura,ft1_0.marca,ft1_0.marca_que_comprou,ft1_0.marca_que_utiliza,ft1_0.minimo,ft1_0.minimo_compra,ft1_0.ncm,ft1_0.nome_navio,ft1_0.numero_pedido,ft1_0.observacao_amostra_cor,ft1_0.observacao_amostra_producao,ft1_0.preco_reais,ft1_0.preco_usd,ft1_0.qti_pct,ft1_0.quantidade_comprada,ft1_0.ref_fornecedor,ft1_0.ref_texcotton,ft1_0.referencia,ft1_0.rendimento,ft1_0.status_amostra_cor,ft1_0.status_amostra_producao,ft1_0.status_colecao,ft1_0.status_pedido,ft1_0.tipo,ft1_0.tipo_solicitacao,ft1_0.unidade_medida from ficha_tecnica ft1_0 where ft1_0.id=?
Hibernate: select m1_0.id,m1_0.nome from marca m1_0
Hibernate: select c1_0.id,c1_0.nome from colecao c1_0
Hibernate: select f1_0.id,f1_0.nome from fornecedor f1_0
Hibernate: select c1_0.id,c1_0.nome from categoria c1_0
Hibernate: select i1_0.id,i1_0.nome from insumo i1_0
Hibernate: select ft1_0.id,ft1_0.categoria_produto,ft1_0.codigo,ft1_0.codigo_siscomex,ft1_0.colecao,ft1_0.composicao,ft1_0.contrato_cambio_adiant,ft1_0.contrato_cambio_pgto_final,ft1_0.cor,ft1_0.data_amostra_cor,ft1_0.data_amostra_producao,ft1_0.data_aprovacao_amostra_cor,ft1_0.data_aprovacao_amostra_producao,ft1_0.data_chegada_destino,ft1_0.data_colocacao_pedido,ft1_0.data_saida_origem,ft1_0.descricao,ft1_0.descricao_produto,ft1_0.duimp_di,ft1_0.estagio,ft1_0.fornecedor,ft1_0.foto_path,ft1_0.gramatura,ft1_0.largura,ft1_0.marca,ft1_0.marca_que_comprou,ft1_0.marca_que_utiliza,ft1_0.minimo,ft1_0.minimo_compra,ft1_0.ncm,ft1_0.nome_navio,ft1_0.numero_pedido,ft1_0.observacao_amostra_cor,ft1_0.observacao_amostra_producao,ft1_0.preco_reais,ft1_0.preco_usd,ft1_0.qti_pct,ft1_0.quantidade_comprada,ft1_0.ref_fornecedor,ft1_0.ref_texcotton,ft1_0.referencia,ft1_0.rendimento,ft1_0.status_amostra_cor,ft1_0.status_amostra_producao,ft1_0.status_colecao,ft1_0.status_pedido,ft1_0.tipo,ft1_0.tipo_solicitacao,ft1_0.unidade_medida from ficha_tecnica ft1_0 where ft1_0.id=?
Hibernate: update ficha_tecnica set categoria_produto=?,codigo=?,codigo_siscomex=?,colecao=?,composicao=?,contrato_cambio_adiant=?,contrato_cambio_pgto_final=?,cor=?,data_amostra_cor=?,data_amostra_producao=?,data_aprovacao_amostra_cor=?,data_aprovacao_amostra_producao=?,data_chegada_destino=?,data_colocacao_pedido=?,data_saida_origem=?,descricao=?,descricao_produto=?,duimp_di=?,estagio=?,fornecedor=?,foto_path=?,gramatura=?,largura=?,marca=?,marca_que_comprou=?,marca_que_utiliza=?,minimo=?,minimo_compra=?,ncm=?,nome_navio=?,numero_pedido=?,observacao_amostra_cor=?,observacao_amostra_producao=?,preco_reais=?,preco_usd=?,qti_pct=?,quantidade_comprada=?,ref_fornecedor=?,ref_texcotton=?,referencia=?,rendimento=?,status_amostra_cor=?,status_amostra_producao=?,status_colecao=?,status_pedido=?,tipo=?,tipo_solicitacao=?,unidade_medida=? where id=?
Hibernate: select i1_0.id,i1_0.nome from insumo i1_0
Hibernate: select ft1_0.id,ft1_0.categoria_produto,ft1_0.codigo,ft1_0.codigo_siscomex,ft1_0.colecao,ft1_0.composicao,ft1_0.contrato_cambio_adiant,ft1_0.contrato_cambio_pgto_final,ft1_0.cor,ft1_0.data_amostra_cor,ft1_0.data_amostra_producao,ft1_0.data_aprovacao_amostra_cor,ft1_0.data_aprovacao_amostra_producao,ft1_0.data_chegada_destino,ft1_0.data_colocacao_pedido,ft1_0.data_saida_origem,ft1_0.descricao,ft1_0.descricao_produto,ft1_0.duimp_di,ft1_0.estagio,ft1_0.fornecedor,ft1_0.foto_path,ft1_0.gramatura,ft1_0.largura,ft1_0.marca,ft1_0.marca_que_comprou,ft1_0.marca_que_utiliza,ft1_0.minimo,ft1_0.minimo_compra,ft1_0.ncm,ft1_0.nome_navio,ft1_0.numero_pedido,ft1_0.observacao_amostra_cor,ft1_0.observacao_amostra_producao,ft1_0.preco_reais,ft1_0.preco_usd,ft1_0.qti_pct,ft1_0.quantidade_comprada,ft1_0.ref_fornecedor,ft1_0.ref_texcotton,ft1_0.referencia,ft1_0.rendimento,ft1_0.status_amostra_cor,ft1_0.status_amostra_producao,ft1_0.status_colecao,ft1_0.status_pedido,ft1_0.tipo,ft1_0.tipo_solicitacao,ft1_0.unidade_medida from ficha_tecnica ft1_0 order by ft1_0.id desc
Hibernate: select c1_0.id,c1_0.nome from colecao c1_0
Hibernate: select f1_0.id,f1_0.nome from fornecedor f1_0
Hibernate: select ft1_0.colecao,count(ft1_0.id) from ficha_tecnica ft1_0 where ft1_0.colecao is not null and ft1_0.colecao<>'' group by ft1_0.colecao order by ft1_0.colecao
Hibernate: select i1_0.id,i1_0.nome from insumo i1_0
Hibernate: select i1_0.id,i1_0.nome from insumo i1_0
Hibernate: select ft1_0.id,ft1_0.categoria_produto,ft1_0.codigo,ft1_0.codigo_siscomex,ft1_0.colecao,ft1_0.composicao,ft1_0.contrato_cambio_adiant,ft1_0.contrato_cambio_pgto_final,ft1_0.cor,ft1_0.data_amostra_cor,ft1_0.data_amostra_producao,ft1_0.data_aprovacao_amostra_cor,ft1_0.data_aprovacao_amostra_producao,ft1_0.data_chegada_destino,ft1_0.data_colocacao_pedido,ft1_0.data_saida_origem,ft1_0.descricao,ft1_0.descricao_produto,ft1_0.duimp_di,ft1_0.estagio,ft1_0.fornecedor,ft1_0.foto_path,ft1_0.gramatura,ft1_0.largura,ft1_0.marca,ft1_0.marca_que_comprou,ft1_0.marca_que_utiliza,ft1_0.minimo,ft1_0.minimo_compra,ft1_0.ncm,ft1_0.nome_navio,ft1_0.numero_pedido,ft1_0.observacao_amostra_cor,ft1_0.observacao_amostra_producao,ft1_0.preco_reais,ft1_0.preco_usd,ft1_0.qti_pct,ft1_0.quantidade_comprada,ft1_0.ref_fornecedor,ft1_0.ref_texcotton,ft1_0.referencia,ft1_0.rendimento,ft1_0.status_amostra_cor,ft1_0.status_amostra_producao,ft1_0.status_colecao,ft1_0.status_pedido,ft1_0.tipo,ft1_0.tipo_solicitacao,ft1_0.unidade_medida from ficha_tecnica ft1_0 where ft1_0.id=?
Hibernate: select m1_0.id,m1_0.nome from marca m1_0
Hibernate: select c1_0.id,c1_0.nome from colecao c1_0
Hibernate: select f1_0.id,f1_0.nome from fornecedor f1_0
Hibernate: select c1_0.id,c1_0.nome from categoria c1_0
Hibernate: select ft1_0.id,ft1_0.categoria_produto,ft1_0.codigo,ft1_0.codigo_siscomex,ft1_0.colecao,ft1_0.composicao,ft1_0.contrato_cambio_adiant,ft1_0.contrato_cambio_pgto_final,ft1_0.cor,ft1_0.data_amostra_cor,ft1_0.data_amostra_producao,ft1_0.data_aprovacao_amostra_cor,ft1_0.data_aprovacao_amostra_producao,ft1_0.data_chegada_destino,ft1_0.data_colocacao_pedido,ft1_0.data_saida_origem,ft1_0.descricao,ft1_0.descricao_produto,ft1_0.duimp_di,ft1_0.estagio,ft1_0.fornecedor,ft1_0.foto_path,ft1_0.gramatura,ft1_0.largura,ft1_0.marca,ft1_0.marca_que_comprou,ft1_0.marca_que_utiliza,ft1_0.minimo,ft1_0.minimo_compra,ft1_0.ncm,ft1_0.nome_navio,ft1_0.numero_pedido,ft1_0.observacao_amostra_cor,ft1_0.observacao_amostra_producao,ft1_0.preco_reais,ft1_0.preco_usd,ft1_0.qti_pct,ft1_0.quantidade_comprada,ft1_0.ref_fornecedor,ft1_0.ref_texcotton,ft1_0.referencia,ft1_0.rendimento,ft1_0.status_amostra_cor,ft1_0.status_amostra_producao,ft1_0.status_colecao,ft1_0.status_pedido,ft1_0.tipo,ft1_0.tipo_solicitacao,ft1_0.unidade_medida from ficha_tecnica ft1_0
Hibernate: select m1_0.id,m1_0.nome from marca m1_0
Hibernate: select c1_0.id,c1_0.nome from colecao c1_0
Hibernate: select i1_0.id,i1_0.nome from insumo i1_0
Hibernate: select f1_0.id,f1_0.nome from fornecedor f1_0
Hibernate: select c1_0.id,c1_0.nome from categoria c1_0
Hibernate: select bn1_0.id,bn1_0.colecao,bn1_0.fornecedor,bn1_0.insumo,bn1_0.quantidade from bandeira_novidade bn1_0
Hibernate: select qp1_0.id,qp1_0.anime_aprovado,qp1_0.anime_cancelado,qp1_0.anime_cotado,qp1_0.authoria_aprovado,qp1_0.authoria_cancelado,qp1_0.authoria_cotado,qp1_0.bimbi_aprovado,qp1_0.bimbi_cancelado,qp1_0.bimbi_cotado,qp1_0.colecao,qp1_0.momi_aprovado,qp1_0.momi_cancelado,qp1_0.momi_cotado,qp1_0.tipo_solicitacao,qp1_0.youcciecancelado,qp1_0.youcciecotado,qp1_0.youcciee_aprovado from quadro_planejamento qp1_0
Hibernate: select cp1_0.id,cp1_0.colecao,cp1_0.insumo,cp1_0.marca from cadastro_previo cp1_0
2026-10-01T09:58:30.810-03:00  INFO 12700 --- [projeto] [   scheduling-1] c.e.projeto.service.CsvBackupService     : Backup CSV concluído em C:\Users\sabrina.00858\IdeaProjects\projetoMichele\backups (131 registros no total).
Hibernate: select i1_0.id,i1_0.nome from insumo i1_0
Hibernate: select ft1_0.id,ft1_0.categoria_produto,ft1_0.codigo,ft1_0.codigo_siscomex,ft1_0.colecao,ft1_0.composicao,ft1_0.contrato_cambio_adiant,ft1_0.contrato_cambio_pgto_final,ft1_0.cor,ft1_0.data_amostra_cor,ft1_0.data_amostra_producao,ft1_0.data_aprovacao_amostra_cor,ft1_0.data_aprovacao_amostra_producao,ft1_0.data_chegada_destino,ft1_0.data_colocacao_pedido,ft1_0.data_saida_origem,ft1_0.descricao,ft1_0.descricao_produto,ft1_0.duimp_di,ft1_0.estagio,ft1_0.fornecedor,ft1_0.foto_path,ft1_0.gramatura,ft1_0.largura,ft1_0.marca,ft1_0.marca_que_comprou,ft1_0.marca_que_utiliza,ft1_0.minimo,ft1_0.minimo_compra,ft1_0.ncm,ft1_0.nome_navio,ft1_0.numero_pedido,ft1_0.observacao_amostra_cor,ft1_0.observacao_amostra_producao,ft1_0.preco_reais,ft1_0.preco_usd,ft1_0.qti_pct,ft1_0.quantidade_comprada,ft1_0.ref_fornecedor,ft1_0.ref_texcotton,ft1_0.referencia,ft1_0.rendimento,ft1_0.status_amostra_cor,ft1_0.status_amostra_producao,ft1_0.status_colecao,ft1_0.status_pedido,ft1_0.tipo,ft1_0.tipo_solicitacao,ft1_0.unidade_medida from ficha_tecnica ft1_0 where ft1_0.id=?
Hibernate: update ficha_tecnica set categoria_produto=?,codigo=?,codigo_siscomex=?,colecao=?,composicao=?,contrato_cambio_adiant=?,contrato_cambio_pgto_final=?,cor=?,data_amostra_cor=?,data_amostra_producao=?,data_aprovacao_amostra_cor=?,data_aprovacao_amostra_producao=?,data_chegada_destino=?,data_colocacao_pedido=?,data_saida_origem=?,descricao=?,descricao_produto=?,duimp_di=?,estagio=?,fornecedor=?,foto_path=?,gramatura=?,largura=?,marca=?,marca_que_comprou=?,marca_que_utiliza=?,minimo=?,minimo_compra=?,ncm=?,nome_navio=?,numero_pedido=?,observacao_amostra_cor=?,observacao_amostra_producao=?,preco_reais=?,preco_usd=?,qti_pct=?,quantidade_comprada=?,ref_fornecedor=?,ref_texcotton=?,referencia=?,rendimento=?,status_amostra_cor=?,status_amostra_producao=?,status_colecao=?,status_pedido=?,tipo=?,tipo_solicitacao=?,unidade_medida=? where id=?
Hibernate: select i1_0.id,i1_0.nome from insumo i1_0
Hibernate: select ft1_0.id,ft1_0.categoria_produto,ft1_0.codigo,ft1_0.codigo_siscomex,ft1_0.colecao,ft1_0.composicao,ft1_0.contrato_cambio_adiant,ft1_0.contrato_cambio_pgto_final,ft1_0.cor,ft1_0.data_amostra_cor,ft1_0.data_amostra_producao,ft1_0.data_aprovacao_amostra_cor,ft1_0.data_aprovacao_amostra_producao,ft1_0.data_chegada_destino,ft1_0.data_colocacao_pedido,ft1_0.data_saida_origem,ft1_0.descricao,ft1_0.descricao_produto,ft1_0.duimp_di,ft1_0.estagio,ft1_0.fornecedor,ft1_0.foto_path,ft1_0.gramatura,ft1_0.largura,ft1_0.marca,ft1_0.marca_que_comprou,ft1_0.marca_que_utiliza,ft1_0.minimo,ft1_0.minimo_compra,ft1_0.ncm,ft1_0.nome_navio,ft1_0.numero_pedido,ft1_0.observacao_amostra_cor,ft1_0.observacao_amostra_producao,ft1_0.preco_reais,ft1_0.preco_usd,ft1_0.qti_pct,ft1_0.quantidade_comprada,ft1_0.ref_fornecedor,ft1_0.ref_texcotton,ft1_0.referencia,ft1_0.rendimento,ft1_0.status_amostra_cor,ft1_0.status_amostra_producao,ft1_0.status_colecao,ft1_0.status_pedido,ft1_0.tipo,ft1_0.tipo_solicitacao,ft1_0.unidade_medida from ficha_tecnica ft1_0 order by ft1_0.id desc
Hibernate: select c1_0.id,c1_0.nome from colecao c1_0
Hibernate: select f1_0.id,f1_0.nome from fornecedor f1_0
Hibernate: select ft1_0.colecao,count(ft1_0.id) from ficha_tecnica ft1_0 where ft1_0.colecao is not null and ft1_0.colecao<>'' group by ft1_0.colecao order by ft1_0.colecao
Hibernate: select i1_0.id,i1_0.nome from insumo i1_0
Hibernate: select i1_0.id,i1_0.nome from insumo i1_0
Hibernate: select ft1_0.id,ft1_0.categoria_produto,ft1_0.codigo,ft1_0.codigo_siscomex,ft1_0.colecao,ft1_0.composicao,ft1_0.contrato_cambio_adiant,ft1_0.contrato_cambio_pgto_final,ft1_0.cor,ft1_0.data_amostra_cor,ft1_0.data_amostra_producao,ft1_0.data_aprovacao_amostra_cor,ft1_0.data_aprovacao_amostra_producao,ft1_0.data_chegada_destino,ft1_0.data_colocacao_pedido,ft1_0.data_saida_origem,ft1_0.descricao,ft1_0.descricao_produto,ft1_0.duimp_di,ft1_0.estagio,ft1_0.fornecedor,ft1_0.foto_path,ft1_0.gramatura,ft1_0.largura,ft1_0.marca,ft1_0.marca_que_comprou,ft1_0.marca_que_utiliza,ft1_0.minimo,ft1_0.minimo_compra,ft1_0.ncm,ft1_0.nome_navio,ft1_0.numero_pedido,ft1_0.observacao_amostra_cor,ft1_0.observacao_amostra_producao,ft1_0.preco_reais,ft1_0.preco_usd,ft1_0.qti_pct,ft1_0.quantidade_comprada,ft1_0.ref_fornecedor,ft1_0.ref_texcotton,ft1_0.referencia,ft1_0.rendimento,ft1_0.status_amostra_cor,ft1_0.status_amostra_producao,ft1_0.status_colecao,ft1_0.status_pedido,ft1_0.tipo,ft1_0.tipo_solicitacao,ft1_0.unidade_medida from ficha_tecnica ft1_0 where ft1_0.id=?
Hibernate: select m1_0.id,m1_0.nome from marca m1_0
Hibernate: select c1_0.id,c1_0.nome from colecao c1_0
Hibernate: select f1_0.id,f1_0.nome from fornecedor f1_0
Hibernate: select c1_0.id,c1_0.nome from categoria c1_0
Hibernate: select i1_0.id,i1_0.nome from insumo i1_0
Hibernate: select ft1_0.id,ft1_0.categoria_produto,ft1_0.codigo,ft1_0.codigo_siscomex,ft1_0.colecao,ft1_0.composicao,ft1_0.contrato_cambio_adiant,ft1_0.contrato_cambio_pgto_final,ft1_0.cor,ft1_0.data_amostra_cor,ft1_0.data_amostra_producao,ft1_0.data_aprovacao_amostra_cor,ft1_0.data_aprovacao_amostra_producao,ft1_0.data_chegada_destino,ft1_0.data_colocacao_pedido,ft1_0.data_saida_origem,ft1_0.descricao,ft1_0.descricao_produto,ft1_0.duimp_di,ft1_0.estagio,ft1_0.fornecedor,ft1_0.foto_path,ft1_0.gramatura,ft1_0.largura,ft1_0.marca,ft1_0.marca_que_comprou,ft1_0.marca_que_utiliza,ft1_0.minimo,ft1_0.minimo_compra,ft1_0.ncm,ft1_0.nome_navio,ft1_0.numero_pedido,ft1_0.observacao_amostra_cor,ft1_0.observacao_amostra_producao,ft1_0.preco_reais,ft1_0.preco_usd,ft1_0.qti_pct,ft1_0.quantidade_comprada,ft1_0.ref_fornecedor,ft1_0.ref_texcotton,ft1_0.referencia,ft1_0.rendimento,ft1_0.status_amostra_cor,ft1_0.status_amostra_producao,ft1_0.status_colecao,ft1_0.status_pedido,ft1_0.tipo,ft1_0.tipo_solicitacao,ft1_0.unidade_medida from ficha_tecnica ft1_0 where ft1_0.id=?
Hibernate: update ficha_tecnica set categoria_produto=?,codigo=?,codigo_siscomex=?,colecao=?,composicao=?,contrato_cambio_adiant=?,contrato_cambio_pgto_final=?,cor=?,data_amostra_cor=?,data_amostra_producao=?,data_aprovacao_amostra_cor=?,data_aprovacao_amostra_producao=?,data_chegada_destino=?,data_colocacao_pedido=?,data_saida_origem=?,descricao=?,descricao_produto=?,duimp_di=?,estagio=?,fornecedor=?,foto_path=?,gramatura=?,largura=?,marca=?,marca_que_comprou=?,marca_que_utiliza=?,minimo=?,minimo_compra=?,ncm=?,nome_navio=?,numero_pedido=?,observacao_amostra_cor=?,observacao_amostra_producao=?,preco_reais=?,preco_usd=?,qti_pct=?,quantidade_comprada=?,ref_fornecedor=?,ref_texcotton=?,referencia=?,rendimento=?,status_amostra_cor=?,status_amostra_producao=?,status_colecao=?,status_pedido=?,tipo=?,tipo_solicitacao=?,unidade_medida=? where id=?
Hibernate: select i1_0.id,i1_0.nome from insumo i1_0
Hibernate: select ft1_0.id,ft1_0.categoria_produto,ft1_0.codigo,ft1_0.codigo_siscomex,ft1_0.colecao,ft1_0.composicao,ft1_0.contrato_cambio_adiant,ft1_0.contrato_cambio_pgto_final,ft1_0.cor,ft1_0.data_amostra_cor,ft1_0.data_amostra_producao,ft1_0.data_aprovacao_amostra_cor,ft1_0.data_aprovacao_amostra_producao,ft1_0.data_chegada_destino,ft1_0.data_colocacao_pedido,ft1_0.data_saida_origem,ft1_0.descricao,ft1_0.descricao_produto,ft1_0.duimp_di,ft1_0.estagio,ft1_0.fornecedor,ft1_0.foto_path,ft1_0.gramatura,ft1_0.largura,ft1_0.marca,ft1_0.marca_que_comprou,ft1_0.marca_que_utiliza,ft1_0.minimo,ft1_0.minimo_compra,ft1_0.ncm,ft1_0.nome_navio,ft1_0.numero_pedido,ft1_0.observacao_amostra_cor,ft1_0.observacao_amostra_producao,ft1_0.preco_reais,ft1_0.preco_usd,ft1_0.qti_pct,ft1_0.quantidade_comprada,ft1_0.ref_fornecedor,ft1_0.ref_texcotton,ft1_0.referencia,ft1_0.rendimento,ft1_0.status_amostra_cor,ft1_0.status_amostra_producao,ft1_0.status_colecao,ft1_0.status_pedido,ft1_0.tipo,ft1_0.tipo_solicitacao,ft1_0.unidade_medida from ficha_tecnica ft1_0 order by ft1_0.id desc
Hibernate: select c1_0.id,c1_0.nome from colecao c1_0
Hibernate: select f1_0.id,f1_0.nome from fornecedor f1_0
Hibernate: select ft1_0.colecao,count(ft1_0.id) from ficha_tecnica ft1_0 where ft1_0.colecao is not null and ft1_0.colecao<>'' group by ft1_0.colecao order by ft1_0.colecao
Hibernate: select i1_0.id,i1_0.nome from insumo i1_0
Hibernate: select i1_0.id,i1_0.nome from insumo i1_0
Hibernate: select ft1_0.id,ft1_0.categoria_produto,ft1_0.codigo,ft1_0.codigo_siscomex,ft1_0.colecao,ft1_0.composicao,ft1_0.contrato_cambio_adiant,ft1_0.contrato_cambio_pgto_final,ft1_0.cor,ft1_0.data_amostra_cor,ft1_0.data_amostra_producao,ft1_0.data_aprovacao_amostra_cor,ft1_0.data_aprovacao_amostra_producao,ft1_0.data_chegada_destino,ft1_0.data_colocacao_pedido,ft1_0.data_saida_origem,ft1_0.descricao,ft1_0.descricao_produto,ft1_0.duimp_di,ft1_0.estagio,ft1_0.fornecedor,ft1_0.foto_path,ft1_0.gramatura,ft1_0.largura,ft1_0.marca,ft1_0.marca_que_comprou,ft1_0.marca_que_utiliza,ft1_0.minimo,ft1_0.minimo_compra,ft1_0.ncm,ft1_0.nome_navio,ft1_0.numero_pedido,ft1_0.observacao_amostra_cor,ft1_0.observacao_amostra_producao,ft1_0.preco_reais,ft1_0.preco_usd,ft1_0.qti_pct,ft1_0.quantidade_comprada,ft1_0.ref_fornecedor,ft1_0.ref_texcotton,ft1_0.referencia,ft1_0.rendimento,ft1_0.status_amostra_cor,ft1_0.status_amostra_producao,ft1_0.status_colecao,ft1_0.status_pedido,ft1_0.tipo,ft1_0.tipo_solicitacao,ft1_0.unidade_medida from ficha_tecnica ft1_0 where ft1_0.id=?
Hibernate: select m1_0.id,m1_0.nome from marca m1_0
Hibernate: select c1_0.id,c1_0.nome from colecao c1_0
Hibernate: select f1_0.id,f1_0.nome from fornecedor f1_0
Hibernate: select c1_0.id,c1_0.nome from categoria c1_0
Hibernate: select i1_0.id,i1_0.nome from insumo i1_0
Hibernate: select ft1_0.id,ft1_0.categoria_produto,ft1_0.codigo,ft1_0.codigo_siscomex,ft1_0.colecao,ft1_0.composicao,ft1_0.contrato_cambio_adiant,ft1_0.contrato_cambio_pgto_final,ft1_0.cor,ft1_0.data_amostra_cor,ft1_0.data_amostra_producao,ft1_0.data_aprovacao_amostra_cor,ft1_0.data_aprovacao_amostra_producao,ft1_0.data_chegada_destino,ft1_0.data_colocacao_pedido,ft1_0.data_saida_origem,ft1_0.descricao,ft1_0.descricao_produto,ft1_0.duimp_di,ft1_0.estagio,ft1_0.fornecedor,ft1_0.foto_path,ft1_0.gramatura,ft1_0.largura,ft1_0.marca,ft1_0.marca_que_comprou,ft1_0.marca_que_utiliza,ft1_0.minimo,ft1_0.minimo_compra,ft1_0.ncm,ft1_0.nome_navio,ft1_0.numero_pedido,ft1_0.observacao_amostra_cor,ft1_0.observacao_amostra_producao,ft1_0.preco_reais,ft1_0.preco_usd,ft1_0.qti_pct,ft1_0.quantidade_comprada,ft1_0.ref_fornecedor,ft1_0.ref_texcotton,ft1_0.referencia,ft1_0.rendimento,ft1_0.status_amostra_cor,ft1_0.status_amostra_producao,ft1_0.status_colecao,ft1_0.status_pedido,ft1_0.tipo,ft1_0.tipo_solicitacao,ft1_0.unidade_medida from ficha_tecnica ft1_0 where ft1_0.id=?
Hibernate: update ficha_tecnica set categoria_produto=?,codigo=?,codigo_siscomex=?,colecao=?,composicao=?,contrato_cambio_adiant=?,contrato_cambio_pgto_final=?,cor=?,data_amostra_cor=?,data_amostra_producao=?,data_aprovacao_amostra_cor=?,data_aprovacao_amostra_producao=?,data_chegada_destino=?,data_colocacao_pedido=?,data_saida_origem=?,descricao=?,descricao_produto=?,duimp_di=?,estagio=?,fornecedor=?,foto_path=?,gramatura=?,largura=?,marca=?,marca_que_comprou=?,marca_que_utiliza=?,minimo=?,minimo_compra=?,ncm=?,nome_navio=?,numero_pedido=?,observacao_amostra_cor=?,observacao_amostra_producao=?,preco_reais=?,preco_usd=?,qti_pct=?,quantidade_comprada=?,ref_fornecedor=?,ref_texcotton=?,referencia=?,rendimento=?,status_amostra_cor=?,status_amostra_producao=?,status_colecao=?,status_pedido=?,tipo=?,tipo_solicitacao=?,unidade_medida=? where id=?
Hibernate: select i1_0.id,i1_0.nome from insumo i1_0
Hibernate: select ft1_0.id,ft1_0.categoria_produto,ft1_0.codigo,ft1_0.codigo_siscomex,ft1_0.colecao,ft1_0.composicao,ft1_0.contrato_cambio_adiant,ft1_0.contrato_cambio_pgto_final,ft1_0.cor,ft1_0.data_amostra_cor,ft1_0.data_amostra_producao,ft1_0.data_aprovacao_amostra_cor,ft1_0.data_aprovacao_amostra_producao,ft1_0.data_chegada_destino,ft1_0.data_colocacao_pedido,ft1_0.data_saida_origem,ft1_0.descricao,ft1_0.descricao_produto,ft1_0.duimp_di,ft1_0.estagio,ft1_0.fornecedor,ft1_0.foto_path,ft1_0.gramatura,ft1_0.largura,ft1_0.marca,ft1_0.marca_que_comprou,ft1_0.marca_que_utiliza,ft1_0.minimo,ft1_0.minimo_compra,ft1_0.ncm,ft1_0.nome_navio,ft1_0.numero_pedido,ft1_0.observacao_amostra_cor,ft1_0.observacao_amostra_producao,ft1_0.preco_reais,ft1_0.preco_usd,ft1_0.qti_pct,ft1_0.quantidade_comprada,ft1_0.ref_fornecedor,ft1_0.ref_texcotton,ft1_0.referencia,ft1_0.rendimento,ft1_0.status_amostra_cor,ft1_0.status_amostra_producao,ft1_0.status_colecao,ft1_0.status_pedido,ft1_0.tipo,ft1_0.tipo_solicitacao,ft1_0.unidade_medida from ficha_tecnica ft1_0 order by ft1_0.id desc
Hibernate: select c1_0.id,c1_0.nome from colecao c1_0
Hibernate: select f1_0.id,f1_0.nome from fornecedor f1_0
Hibernate: select ft1_0.colecao,count(ft1_0.id) from ficha_tecnica ft1_0 where ft1_0.colecao is not null and ft1_0.colecao<>'' group by ft1_0.colecao order by ft1_0.colecao
Hibernate: select i1_0.id,i1_0.nome from insumo i1_0
Hibernate: select i1_0.id,i1_0.nome from insumo i1_0
Hibernate: select ft1_0.id,ft1_0.categoria_produto,ft1_0.codigo,ft1_0.codigo_siscomex,ft1_0.colecao,ft1_0.composicao,ft1_0.contrato_cambio_adiant,ft1_0.contrato_cambio_pgto_final,ft1_0.cor,ft1_0.data_amostra_cor,ft1_0.data_amostra_producao,ft1_0.data_aprovacao_amostra_cor,ft1_0.data_aprovacao_amostra_producao,ft1_0.data_chegada_destino,ft1_0.data_colocacao_pedido,ft1_0.data_saida_origem,ft1_0.descricao,ft1_0.descricao_produto,ft1_0.duimp_di,ft1_0.estagio,ft1_0.fornecedor,ft1_0.foto_path,ft1_0.gramatura,ft1_0.largura,ft1_0.marca,ft1_0.marca_que_comprou,ft1_0.marca_que_utiliza,ft1_0.minimo,ft1_0.minimo_compra,ft1_0.ncm,ft1_0.nome_navio,ft1_0.numero_pedido,ft1_0.observacao_amostra_cor,ft1_0.observacao_amostra_producao,ft1_0.preco_reais,ft1_0.preco_usd,ft1_0.qti_pct,ft1_0.quantidade_comprada,ft1_0.ref_fornecedor,ft1_0.ref_texcotton,ft1_0.referencia,ft1_0.rendimento,ft1_0.status_amostra_cor,ft1_0.status_amostra_producao,ft1_0.status_colecao,ft1_0.status_pedido,ft1_0.tipo,ft1_0.tipo_solicitacao,ft1_0.unidade_medida from ficha_tecnica ft1_0 where ft1_0.id=?
Hibernate: select m1_0.id,m1_0.nome from marca m1_0
Hibernate: select c1_0.id,c1_0.nome from colecao c1_0
Hibernate: select f1_0.id,f1_0.nome from fornecedor f1_0
Hibernate: select c1_0.id,c1_0.nome from categoria c1_0
Hibernate: select i1_0.id,i1_0.nome from insumo i1_0
Hibernate: select ft1_0.id,ft1_0.categoria_produto,ft1_0.codigo,ft1_0.codigo_siscomex,ft1_0.colecao,ft1_0.composicao,ft1_0.contrato_cambio_adiant,ft1_0.contrato_cambio_pgto_final,ft1_0.cor,ft1_0.data_amostra_cor,ft1_0.data_amostra_producao,ft1_0.data_aprovacao_amostra_cor,ft1_0.data_aprovacao_amostra_producao,ft1_0.data_chegada_destino,ft1_0.data_colocacao_pedido,ft1_0.data_saida_origem,ft1_0.descricao,ft1_0.descricao_produto,ft1_0.duimp_di,ft1_0.estagio,ft1_0.fornecedor,ft1_0.foto_path,ft1_0.gramatura,ft1_0.largura,ft1_0.marca,ft1_0.marca_que_comprou,ft1_0.marca_que_utiliza,ft1_0.minimo,ft1_0.minimo_compra,ft1_0.ncm,ft1_0.nome_navio,ft1_0.numero_pedido,ft1_0.observacao_amostra_cor,ft1_0.observacao_amostra_producao,ft1_0.preco_reais,ft1_0.preco_usd,ft1_0.qti_pct,ft1_0.quantidade_comprada,ft1_0.ref_fornecedor,ft1_0.ref_texcotton,ft1_0.referencia,ft1_0.rendimento,ft1_0.status_amostra_cor,ft1_0.status_amostra_producao,ft1_0.status_colecao,ft1_0.status_pedido,ft1_0.tipo,ft1_0.tipo_solicitacao,ft1_0.unidade_medida from ficha_tecnica ft1_0 order by ft1_0.id desc
Hibernate: select c1_0.id,c1_0.nome from colecao c1_0
Hibernate: select f1_0.id,f1_0.nome from fornecedor f1_0
Hibernate: select ft1_0.colecao,count(ft1_0.id) from ficha_tecnica ft1_0 where ft1_0.colecao is not null and ft1_0.colecao<>'' group by ft1_0.colecao order by ft1_0.colecao
Hibernate: select i1_0.id,i1_0.nome from insumo i1_0
Hibernate: select i1_0.id,i1_0.nome from insumo i1_0
Hibernate: select ft1_0.id,ft1_0.categoria_produto,ft1_0.codigo,ft1_0.codigo_siscomex,ft1_0.colecao,ft1_0.composicao,ft1_0.contrato_cambio_adiant,ft1_0.contrato_cambio_pgto_final,ft1_0.cor,ft1_0.data_amostra_cor,ft1_0.data_amostra_producao,ft1_0.data_aprovacao_amostra_cor,ft1_0.data_aprovacao_amostra_producao,ft1_0.data_chegada_destino,ft1_0.data_colocacao_pedido,ft1_0.data_saida_origem,ft1_0.descricao,ft1_0.descricao_produto,ft1_0.duimp_di,ft1_0.estagio,ft1_0.fornecedor,ft1_0.foto_path,ft1_0.gramatura,ft1_0.largura,ft1_0.marca,ft1_0.marca_que_comprou,ft1_0.marca_que_utiliza,ft1_0.minimo,ft1_0.minimo_compra,ft1_0.ncm,ft1_0.nome_navio,ft1_0.numero_pedido,ft1_0.observacao_amostra_cor,ft1_0.observacao_amostra_producao,ft1_0.preco_reais,ft1_0.preco_usd,ft1_0.qti_pct,ft1_0.quantidade_comprada,ft1_0.ref_fornecedor,ft1_0.ref_texcotton,ft1_0.referencia,ft1_0.rendimento,ft1_0.status_amostra_cor,ft1_0.status_amostra_producao,ft1_0.status_colecao,ft1_0.status_pedido,ft1_0.tipo,ft1_0.tipo_solicitacao,ft1_0.unidade_medida from ficha_tecnica ft1_0 where (? is null or lower(ft1_0.colecao) like lower(('%'||?||'%')) escape '') and (? is null or ft1_0.tipo=?) and (? is null or ft1_0.status_pedido=?) and (? is null or ft1_0.data_colocacao_pedido>=?) and (? is null or ft1_0.data_colocacao_pedido<=?) and (? is null or lower(ft1_0.duimp_di) like lower(('%'||?||'%')) escape '') and (? is null or lower(ft1_0.contrato_cambio_adiant) like lower(('%'||?||'%')) escape '' or lower(ft1_0.contrato_cambio_pgto_final) like lower(('%'||?||'%')) escape '') and (? is null or lower(ft1_0.ref_texcotton) like lower(('%'||?||'%')) escape '' or lower(ft1_0.codigo) like lower(('%'||?||'%')) escape '' or lower(ft1_0.ref_fornecedor) like lower(('%'||?||'%')) escape '') and (? is null or lower(ft1_0.numero_pedido) like lower(('%'||?||'%')) escape '') and (? is null or lower(ft1_0.fornecedor) like lower(('%'||?||'%')) escape '') order by ft1_0.id desc
Hibernate: select c1_0.id,c1_0.nome from colecao c1_0
Hibernate: select f1_0.id,f1_0.nome from fornecedor f1_0
Hibernate: select ft1_0.colecao,count(ft1_0.id) from ficha_tecnica ft1_0 where ft1_0.colecao is not null and ft1_0.colecao<>'' group by ft1_0.colecao order by ft1_0.colecao
Hibernate: select i1_0.id,i1_0.nome from insumo i1_0
Hibernate: select i1_0.id,i1_0.nome from insumo i1_0
Hibernate: select ft1_0.id,ft1_0.categoria_produto,ft1_0.codigo,ft1_0.codigo_siscomex,ft1_0.colecao,ft1_0.composicao,ft1_0.contrato_cambio_adiant,ft1_0.contrato_cambio_pgto_final,ft1_0.cor,ft1_0.data_amostra_cor,ft1_0.data_amostra_producao,ft1_0.data_aprovacao_amostra_cor,ft1_0.data_aprovacao_amostra_producao,ft1_0.data_chegada_destino,ft1_0.data_colocacao_pedido,ft1_0.data_saida_origem,ft1_0.descricao,ft1_0.descricao_produto,ft1_0.duimp_di,ft1_0.estagio,ft1_0.fornecedor,ft1_0.foto_path,ft1_0.gramatura,ft1_0.largura,ft1_0.marca,ft1_0.marca_que_comprou,ft1_0.marca_que_utiliza,ft1_0.minimo,ft1_0.minimo_compra,ft1_0.ncm,ft1_0.nome_navio,ft1_0.numero_pedido,ft1_0.observacao_amostra_cor,ft1_0.observacao_amostra_producao,ft1_0.preco_reais,ft1_0.preco_usd,ft1_0.qti_pct,ft1_0.quantidade_comprada,ft1_0.ref_fornecedor,ft1_0.ref_texcotton,ft1_0.referencia,ft1_0.rendimento,ft1_0.status_amostra_cor,ft1_0.status_amostra_producao,ft1_0.status_colecao,ft1_0.status_pedido,ft1_0.tipo,ft1_0.tipo_solicitacao,ft1_0.unidade_medida from ficha_tecnica ft1_0 where (? is null or lower(ft1_0.colecao) like lower(('%'||?||'%')) escape '') and (? is null or ft1_0.tipo=?) and (? is null or ft1_0.status_pedido=?) and (? is null or ft1_0.data_colocacao_pedido>=?) and (? is null or ft1_0.data_colocacao_pedido<=?) and (? is null or lower(ft1_0.duimp_di) like lower(('%'||?||'%')) escape '') and (? is null or lower(ft1_0.contrato_cambio_adiant) like lower(('%'||?||'%')) escape '' or lower(ft1_0.contrato_cambio_pgto_final) like lower(('%'||?||'%')) escape '') and (? is null or lower(ft1_0.ref_texcotton) like lower(('%'||?||'%')) escape '' or lower(ft1_0.codigo) like lower(('%'||?||'%')) escape '' or lower(ft1_0.ref_fornecedor) like lower(('%'||?||'%')) escape '') and (? is null or lower(ft1_0.numero_pedido) like lower(('%'||?||'%')) escape '') and (? is null or lower(ft1_0.fornecedor) like lower(('%'||?||'%')) escape '') order by ft1_0.id desc
Hibernate: select c1_0.id,c1_0.nome from colecao c1_0
Hibernate: select f1_0.id,f1_0.nome from fornecedor f1_0
Hibernate: select ft1_0.colecao,count(ft1_0.id) from ficha_tecnica ft1_0 where ft1_0.colecao is not null and ft1_0.colecao<>'' group by ft1_0.colecao order by ft1_0.colecao
Hibernate: select i1_0.id,i1_0.nome from insumo i1_0
Hibernate: select ft1_0.id,ft1_0.categoria_produto,ft1_0.codigo,ft1_0.codigo_siscomex,ft1_0.colecao,ft1_0.composicao,ft1_0.contrato_cambio_adiant,ft1_0.contrato_cambio_pgto_final,ft1_0.cor,ft1_0.data_amostra_cor,ft1_0.data_amostra_producao,ft1_0.data_aprovacao_amostra_cor,ft1_0.data_aprovacao_amostra_producao,ft1_0.data_chegada_destino,ft1_0.data_colocacao_pedido,ft1_0.data_saida_origem,ft1_0.descricao,ft1_0.descricao_produto,ft1_0.duimp_di,ft1_0.estagio,ft1_0.fornecedor,ft1_0.foto_path,ft1_0.gramatura,ft1_0.largura,ft1_0.marca,ft1_0.marca_que_comprou,ft1_0.marca_que_utiliza,ft1_0.minimo,ft1_0.minimo_compra,ft1_0.ncm,ft1_0.nome_navio,ft1_0.numero_pedido,ft1_0.observacao_amostra_cor,ft1_0.observacao_amostra_producao,ft1_0.preco_reais,ft1_0.preco_usd,ft1_0.qti_pct,ft1_0.quantidade_comprada,ft1_0.ref_fornecedor,ft1_0.ref_texcotton,ft1_0.referencia,ft1_0.rendimento,ft1_0.status_amostra_cor,ft1_0.status_amostra_producao,ft1_0.status_colecao,ft1_0.status_pedido,ft1_0.tipo,ft1_0.tipo_solicitacao,ft1_0.unidade_medida from ficha_tecnica ft1_0 where (? is null or lower(ft1_0.colecao) like lower(('%'||?||'%')) escape '') and (? is null or ft1_0.tipo=?) and (? is null or ft1_0.status_pedido=?) and (? is null or ft1_0.data_colocacao_pedido>=?) and (? is null or ft1_0.data_colocacao_pedido<=?) and (? is null or lower(ft1_0.duimp_di) like lower(('%'||?||'%')) escape '') and (? is null or lower(ft1_0.contrato_cambio_adiant) like lower(('%'||?||'%')) escape '' or lower(ft1_0.contrato_cambio_pgto_final) like lower(('%'||?||'%')) escape '') and (? is null or lower(ft1_0.ref_texcotton) like lower(('%'||?||'%')) escape '' or lower(ft1_0.codigo) like lower(('%'||?||'%')) escape '' or lower(ft1_0.ref_fornecedor) like lower(('%'||?||'%')) escape '') and (? is null or lower(ft1_0.numero_pedido) like lower(('%'||?||'%')) escape '') and (? is null or lower(ft1_0.fornecedor) like lower(('%'||?||'%')) escape '') order by ft1_0.id desc
Hibernate: select c1_0.id,c1_0.nome from colecao c1_0
Hibernate: select f1_0.id,f1_0.nome from fornecedor f1_0
Hibernate: select ft1_0.colecao,count(ft1_0.id) from ficha_tecnica ft1_0 where ft1_0.colecao is not null and ft1_0.colecao<>'' group by ft1_0.colecao order by ft1_0.colecao
Hibernate: select i1_0.id,i1_0.nome from insumo i1_0
Hibernate: select ft1_0.id,ft1_0.categoria_produto,ft1_0.codigo,ft1_0.codigo_siscomex,ft1_0.colecao,ft1_0.composicao,ft1_0.contrato_cambio_adiant,ft1_0.contrato_cambio_pgto_final,ft1_0.cor,ft1_0.data_amostra_cor,ft1_0.data_amostra_producao,ft1_0.data_aprovacao_amostra_cor,ft1_0.data_aprovacao_amostra_producao,ft1_0.data_chegada_destino,ft1_0.data_colocacao_pedido,ft1_0.data_saida_origem,ft1_0.descricao,ft1_0.descricao_produto,ft1_0.duimp_di,ft1_0.estagio,ft1_0.fornecedor,ft1_0.foto_path,ft1_0.gramatura,ft1_0.largura,ft1_0.marca,ft1_0.marca_que_comprou,ft1_0.marca_que_utiliza,ft1_0.minimo,ft1_0.minimo_compra,ft1_0.ncm,ft1_0.nome_navio,ft1_0.numero_pedido,ft1_0.observacao_amostra_cor,ft1_0.observacao_amostra_producao,ft1_0.preco_reais,ft1_0.preco_usd,ft1_0.qti_pct,ft1_0.quantidade_comprada,ft1_0.ref_fornecedor,ft1_0.ref_texcotton,ft1_0.referencia,ft1_0.rendimento,ft1_0.status_amostra_cor,ft1_0.status_amostra_producao,ft1_0.status_colecao,ft1_0.status_pedido,ft1_0.tipo,ft1_0.tipo_solicitacao,ft1_0.unidade_medida from ficha_tecnica ft1_0 where ft1_0.id=?
Hibernate: select m1_0.id,m1_0.nome from marca m1_0
Hibernate: select c1_0.id,c1_0.nome from colecao c1_0
Hibernate: select f1_0.id,f1_0.nome from fornecedor f1_0
Hibernate: select c1_0.id,c1_0.nome from categoria c1_0
Hibernate: select i1_0.id,i1_0.nome from insumo i1_0
Hibernate: select ft1_0.id,ft1_0.categoria_produto,ft1_0.codigo,ft1_0.codigo_siscomex,ft1_0.colecao,ft1_0.composicao,ft1_0.contrato_cambio_adiant,ft1_0.contrato_cambio_pgto_final,ft1_0.cor,ft1_0.data_amostra_cor,ft1_0.data_amostra_producao,ft1_0.data_aprovacao_amostra_cor,ft1_0.data_aprovacao_amostra_producao,ft1_0.data_chegada_destino,ft1_0.data_colocacao_pedido,ft1_0.data_saida_origem,ft1_0.descricao,ft1_0.descricao_produto,ft1_0.duimp_di,ft1_0.estagio,ft1_0.fornecedor,ft1_0.foto_path,ft1_0.gramatura,ft1_0.largura,ft1_0.marca,ft1_0.marca_que_comprou,ft1_0.marca_que_utiliza,ft1_0.minimo,ft1_0.minimo_compra,ft1_0.ncm,ft1_0.nome_navio,ft1_0.numero_pedido,ft1_0.observacao_amostra_cor,ft1_0.observacao_amostra_producao,ft1_0.preco_reais,ft1_0.preco_usd,ft1_0.qti_pct,ft1_0.quantidade_comprada,ft1_0.ref_fornecedor,ft1_0.ref_texcotton,ft1_0.referencia,ft1_0.rendimento,ft1_0.status_amostra_cor,ft1_0.status_amostra_producao,ft1_0.status_colecao,ft1_0.status_pedido,ft1_0.tipo,ft1_0.tipo_solicitacao,ft1_0.unidade_medida from ficha_tecnica ft1_0 where ft1_0.id=?
Hibernate: update ficha_tecnica set categoria_produto=?,codigo=?,codigo_siscomex=?,colecao=?,composicao=?,contrato_cambio_adiant=?,contrato_cambio_pgto_final=?,cor=?,data_amostra_cor=?,data_amostra_producao=?,data_aprovacao_amostra_cor=?,data_aprovacao_amostra_producao=?,data_chegada_destino=?,data_colocacao_pedido=?,data_saida_origem=?,descricao=?,descricao_produto=?,duimp_di=?,estagio=?,fornecedor=?,foto_path=?,gramatura=?,largura=?,marca=?,marca_que_comprou=?,marca_que_utiliza=?,minimo=?,minimo_compra=?,ncm=?,nome_navio=?,numero_pedido=?,observacao_amostra_cor=?,observacao_amostra_producao=?,preco_reais=?,preco_usd=?,qti_pct=?,quantidade_comprada=?,ref_fornecedor=?,ref_texcotton=?,referencia=?,rendimento=?,status_amostra_cor=?,status_amostra_producao=?,status_colecao=?,status_pedido=?,tipo=?,tipo_solicitacao=?,unidade_medida=? where id=?
Hibernate: select i1_0.id,i1_0.nome from insumo i1_0
Hibernate: select ft1_0.id,ft1_0.categoria_produto,ft1_0.codigo,ft1_0.codigo_siscomex,ft1_0.colecao,ft1_0.composicao,ft1_0.contrato_cambio_adiant,ft1_0.contrato_cambio_pgto_final,ft1_0.cor,ft1_0.data_amostra_cor,ft1_0.data_amostra_producao,ft1_0.data_aprovacao_amostra_cor,ft1_0.data_aprovacao_amostra_producao,ft1_0.data_chegada_destino,ft1_0.data_colocacao_pedido,ft1_0.data_saida_origem,ft1_0.descricao,ft1_0.descricao_produto,ft1_0.duimp_di,ft1_0.estagio,ft1_0.fornecedor,ft1_0.foto_path,ft1_0.gramatura,ft1_0.largura,ft1_0.marca,ft1_0.marca_que_comprou,ft1_0.marca_que_utiliza,ft1_0.minimo,ft1_0.minimo_compra,ft1_0.ncm,ft1_0.nome_navio,ft1_0.numero_pedido,ft1_0.observacao_amostra_cor,ft1_0.observacao_amostra_producao,ft1_0.preco_reais,ft1_0.preco_usd,ft1_0.qti_pct,ft1_0.quantidade_comprada,ft1_0.ref_fornecedor,ft1_0.ref_texcotton,ft1_0.referencia,ft1_0.rendimento,ft1_0.status_amostra_cor,ft1_0.status_amostra_producao,ft1_0.status_colecao,ft1_0.status_pedido,ft1_0.tipo,ft1_0.tipo_solicitacao,ft1_0.unidade_medida from ficha_tecnica ft1_0 where (? is null or lower(ft1_0.colecao) like lower(('%'||?||'%')) escape '') and (? is null or ft1_0.tipo=?) and (? is null or ft1_0.status_pedido=?) and (? is null or ft1_0.data_colocacao_pedido>=?) and (? is null or ft1_0.data_colocacao_pedido<=?) and (? is null or lower(ft1_0.duimp_di) like lower(('%'||?||'%')) escape '') and (? is null or lower(ft1_0.contrato_cambio_adiant) like lower(('%'||?||'%')) escape '' or lower(ft1_0.contrato_cambio_pgto_final) like lower(('%'||?||'%')) escape '') and (? is null or lower(ft1_0.ref_texcotton) like lower(('%'||?||'%')) escape '' or lower(ft1_0.codigo) like lower(('%'||?||'%')) escape '' or lower(ft1_0.ref_fornecedor) like lower(('%'||?||'%')) escape '') and (? is null or lower(ft1_0.numero_pedido) like lower(('%'||?||'%')) escape '') and (? is null or lower(ft1_0.fornecedor) like lower(('%'||?||'%')) escape '') order by ft1_0.id desc
Hibernate: select c1_0.id,c1_0.nome from colecao c1_0
Hibernate: select f1_0.id,f1_0.nome from fornecedor f1_0
Hibernate: select ft1_0.colecao,count(ft1_0.id) from ficha_tecnica ft1_0 where ft1_0.colecao is not null and ft1_0.colecao<>'' group by ft1_0.colecao order by ft1_0.colecao
Hibernate: select i1_0.id,i1_0.nome from insumo i1_0
Hibernate: select ft1_0.id,ft1_0.categoria_produto,ft1_0.codigo,ft1_0.codigo_siscomex,ft1_0.colecao,ft1_0.composicao,ft1_0.contrato_cambio_adiant,ft1_0.contrato_cambio_pgto_final,ft1_0.cor,ft1_0.data_amostra_cor,ft1_0.data_amostra_producao,ft1_0.data_aprovacao_amostra_cor,ft1_0.data_aprovacao_amostra_producao,ft1_0.data_chegada_destino,ft1_0.data_colocacao_pedido,ft1_0.data_saida_origem,ft1_0.descricao,ft1_0.descricao_produto,ft1_0.duimp_di,ft1_0.estagio,ft1_0.fornecedor,ft1_0.foto_path,ft1_0.gramatura,ft1_0.largura,ft1_0.marca,ft1_0.marca_que_comprou,ft1_0.marca_que_utiliza,ft1_0.minimo,ft1_0.minimo_compra,ft1_0.ncm,ft1_0.nome_navio,ft1_0.numero_pedido,ft1_0.observacao_amostra_cor,ft1_0.observacao_amostra_producao,ft1_0.preco_reais,ft1_0.preco_usd,ft1_0.qti_pct,ft1_0.quantidade_comprada,ft1_0.ref_fornecedor,ft1_0.ref_texcotton,ft1_0.referencia,ft1_0.rendimento,ft1_0.status_amostra_cor,ft1_0.status_amostra_producao,ft1_0.status_colecao,ft1_0.status_pedido,ft1_0.tipo,ft1_0.tipo_solicitacao,ft1_0.unidade_medida from ficha_tecnica ft1_0 where ft1_0.id=?
Hibernate: select m1_0.id,m1_0.nome from marca m1_0
Hibernate: select c1_0.id,c1_0.nome from colecao c1_0
Hibernate: select f1_0.id,f1_0.nome from fornecedor f1_0
Hibernate: select c1_0.id,c1_0.nome from categoria c1_0
Hibernate: select i1_0.id,i1_0.nome from insumo i1_0
Hibernate: select ft1_0.id,ft1_0.categoria_produto,ft1_0.codigo,ft1_0.codigo_siscomex,ft1_0.colecao,ft1_0.composicao,ft1_0.contrato_cambio_adiant,ft1_0.contrato_cambio_pgto_final,ft1_0.cor,ft1_0.data_amostra_cor,ft1_0.data_amostra_producao,ft1_0.data_aprovacao_amostra_cor,ft1_0.data_aprovacao_amostra_producao,ft1_0.data_chegada_destino,ft1_0.data_colocacao_pedido,ft1_0.data_saida_origem,ft1_0.descricao,ft1_0.descricao_produto,ft1_0.duimp_di,ft1_0.estagio,ft1_0.fornecedor,ft1_0.foto_path,ft1_0.gramatura,ft1_0.largura,ft1_0.marca,ft1_0.marca_que_comprou,ft1_0.marca_que_utiliza,ft1_0.minimo,ft1_0.minimo_compra,ft1_0.ncm,ft1_0.nome_navio,ft1_0.numero_pedido,ft1_0.observacao_amostra_cor,ft1_0.observacao_amostra_producao,ft1_0.preco_reais,ft1_0.preco_usd,ft1_0.qti_pct,ft1_0.quantidade_comprada,ft1_0.ref_fornecedor,ft1_0.ref_texcotton,ft1_0.referencia,ft1_0.rendimento,ft1_0.status_amostra_cor,ft1_0.status_amostra_producao,ft1_0.status_colecao,ft1_0.status_pedido,ft1_0.tipo,ft1_0.tipo_solicitacao,ft1_0.unidade_medida from ficha_tecnica ft1_0 where ft1_0.id=?
Hibernate: update ficha_tecnica set categoria_produto=?,codigo=?,codigo_siscomex=?,colecao=?,composicao=?,contrato_cambio_adiant=?,contrato_cambio_pgto_final=?,cor=?,data_amostra_cor=?,data_amostra_producao=?,data_aprovacao_amostra_cor=?,data_aprovacao_amostra_producao=?,data_chegada_destino=?,data_colocacao_pedido=?,data_saida_origem=?,descricao=?,descricao_produto=?,duimp_di=?,estagio=?,fornecedor=?,foto_path=?,gramatura=?,largura=?,marca=?,marca_que_comprou=?,marca_que_utiliza=?,minimo=?,minimo_compra=?,ncm=?,nome_navio=?,numero_pedido=?,observacao_amostra_cor=?,observacao_amostra_producao=?,preco_reais=?,preco_usd=?,qti_pct=?,quantidade_comprada=?,ref_fornecedor=?,ref_texcotton=?,referencia=?,rendimento=?,status_amostra_cor=?,status_amostra_producao=?,status_colecao=?,status_pedido=?,tipo=?,tipo_solicitacao=?,unidade_medida=? where id=?
Hibernate: select i1_0.id,i1_0.nome from insumo i1_0
Hibernate: select ft1_0.id,ft1_0.categoria_produto,ft1_0.codigo,ft1_0.codigo_siscomex,ft1_0.colecao,ft1_0.composicao,ft1_0.contrato_cambio_adiant,ft1_0.contrato_cambio_pgto_final,ft1_0.cor,ft1_0.data_amostra_cor,ft1_0.data_amostra_producao,ft1_0.data_aprovacao_amostra_cor,ft1_0.data_aprovacao_amostra_producao,ft1_0.data_chegada_destino,ft1_0.data_colocacao_pedido,ft1_0.data_saida_origem,ft1_0.descricao,ft1_0.descricao_produto,ft1_0.duimp_di,ft1_0.estagio,ft1_0.fornecedor,ft1_0.foto_path,ft1_0.gramatura,ft1_0.largura,ft1_0.marca,ft1_0.marca_que_comprou,ft1_0.marca_que_utiliza,ft1_0.minimo,ft1_0.minimo_compra,ft1_0.ncm,ft1_0.nome_navio,ft1_0.numero_pedido,ft1_0.observacao_amostra_cor,ft1_0.observacao_amostra_producao,ft1_0.preco_reais,ft1_0.preco_usd,ft1_0.qti_pct,ft1_0.quantidade_comprada,ft1_0.ref_fornecedor,ft1_0.ref_texcotton,ft1_0.referencia,ft1_0.rendimento,ft1_0.status_amostra_cor,ft1_0.status_amostra_producao,ft1_0.status_colecao,ft1_0.status_pedido,ft1_0.tipo,ft1_0.tipo_solicitacao,ft1_0.unidade_medida from ficha_tecnica ft1_0 where (? is null or lower(ft1_0.colecao) like lower(('%'||?||'%')) escape '') and (? is null or ft1_0.tipo=?) and (? is null or ft1_0.status_pedido=?) and (? is null or ft1_0.data_colocacao_pedido>=?) and (? is null or ft1_0.data_colocacao_pedido<=?) and (? is null or lower(ft1_0.duimp_di) like lower(('%'||?||'%')) escape '') and (? is null or lower(ft1_0.contrato_cambio_adiant) like lower(('%'||?||'%')) escape '' or lower(ft1_0.contrato_cambio_pgto_final) like lower(('%'||?||'%')) escape '') and (? is null or lower(ft1_0.ref_texcotton) like lower(('%'||?||'%')) escape '' or lower(ft1_0.codigo) like lower(('%'||?||'%')) escape '' or lower(ft1_0.ref_fornecedor) like lower(('%'||?||'%')) escape '') and (? is null or lower(ft1_0.numero_pedido) like lower(('%'||?||'%')) escape '') and (? is null or lower(ft1_0.fornecedor) like lower(('%'||?||'%')) escape '') order by ft1_0.id desc
Hibernate: select c1_0.id,c1_0.nome from colecao c1_0
Hibernate: select f1_0.id,f1_0.nome from fornecedor f1_0
Hibernate: select ft1_0.colecao,count(ft1_0.id) from ficha_tecnica ft1_0 where ft1_0.colecao is not null and ft1_0.colecao<>'' group by ft1_0.colecao order by ft1_0.colecao
Hibernate: select i1_0.id,i1_0.nome from insumo i1_0
Hibernate: select ft1_0.id,ft1_0.categoria_produto,ft1_0.codigo,ft1_0.codigo_siscomex,ft1_0.colecao,ft1_0.composicao,ft1_0.contrato_cambio_adiant,ft1_0.contrato_cambio_pgto_final,ft1_0.cor,ft1_0.data_amostra_cor,ft1_0.data_amostra_producao,ft1_0.data_aprovacao_amostra_cor,ft1_0.data_aprovacao_amostra_producao,ft1_0.data_chegada_destino,ft1_0.data_colocacao_pedido,ft1_0.data_saida_origem,ft1_0.descricao,ft1_0.descricao_produto,ft1_0.duimp_di,ft1_0.estagio,ft1_0.fornecedor,ft1_0.foto_path,ft1_0.gramatura,ft1_0.largura,ft1_0.marca,ft1_0.marca_que_comprou,ft1_0.marca_que_utiliza,ft1_0.minimo,ft1_0.minimo_compra,ft1_0.ncm,ft1_0.nome_navio,ft1_0.numero_pedido,ft1_0.observacao_amostra_cor,ft1_0.observacao_amostra_producao,ft1_0.preco_reais,ft1_0.preco_usd,ft1_0.qti_pct,ft1_0.quantidade_comprada,ft1_0.ref_fornecedor,ft1_0.ref_texcotton,ft1_0.referencia,ft1_0.rendimento,ft1_0.status_amostra_cor,ft1_0.status_amostra_producao,ft1_0.status_colecao,ft1_0.status_pedido,ft1_0.tipo,ft1_0.tipo_solicitacao,ft1_0.unidade_medida from ficha_tecnica ft1_0 where ft1_0.id=?
Hibernate: select m1_0.id,m1_0.nome from marca m1_0
Hibernate: select c1_0.id,c1_0.nome from colecao c1_0
Hibernate: select f1_0.id,f1_0.nome from fornecedor f1_0
Hibernate: select c1_0.id,c1_0.nome from categoria c1_0
Hibernate: select i1_0.id,i1_0.nome from insumo i1_0
Hibernate: select ft1_0.id,ft1_0.categoria_produto,ft1_0.codigo,ft1_0.codigo_siscomex,ft1_0.colecao,ft1_0.composicao,ft1_0.contrato_cambio_adiant,ft1_0.contrato_cambio_pgto_final,ft1_0.cor,ft1_0.data_amostra_cor,ft1_0.data_amostra_producao,ft1_0.data_aprovacao_amostra_cor,ft1_0.data_aprovacao_amostra_producao,ft1_0.data_chegada_destino,ft1_0.data_colocacao_pedido,ft1_0.data_saida_origem,ft1_0.descricao,ft1_0.descricao_produto,ft1_0.duimp_di,ft1_0.estagio,ft1_0.fornecedor,ft1_0.foto_path,ft1_0.gramatura,ft1_0.largura,ft1_0.marca,ft1_0.marca_que_comprou,ft1_0.marca_que_utiliza,ft1_0.minimo,ft1_0.minimo_compra,ft1_0.ncm,ft1_0.nome_navio,ft1_0.numero_pedido,ft1_0.observacao_amostra_cor,ft1_0.observacao_amostra_producao,ft1_0.preco_reais,ft1_0.preco_usd,ft1_0.qti_pct,ft1_0.quantidade_comprada,ft1_0.ref_fornecedor,ft1_0.ref_texcotton,ft1_0.referencia,ft1_0.rendimento,ft1_0.status_amostra_cor,ft1_0.status_amostra_producao,ft1_0.status_colecao,ft1_0.status_pedido,ft1_0.tipo,ft1_0.tipo_solicitacao,ft1_0.unidade_medida from ficha_tecnica ft1_0 where ft1_0.id=?
Hibernate: select i1_0.id,i1_0.nome from insumo i1_0
Hibernate: select ft1_0.id,ft1_0.categoria_produto,ft1_0.codigo,ft1_0.codigo_siscomex,ft1_0.colecao,ft1_0.composicao,ft1_0.contrato_cambio_adiant,ft1_0.contrato_cambio_pgto_final,ft1_0.cor,ft1_0.data_amostra_cor,ft1_0.data_amostra_producao,ft1_0.data_aprovacao_amostra_cor,ft1_0.data_aprovacao_amostra_producao,ft1_0.data_chegada_destino,ft1_0.data_colocacao_pedido,ft1_0.data_saida_origem,ft1_0.descricao,ft1_0.descricao_produto,ft1_0.duimp_di,ft1_0.estagio,ft1_0.fornecedor,ft1_0.foto_path,ft1_0.gramatura,ft1_0.largura,ft1_0.marca,ft1_0.marca_que_comprou,ft1_0.marca_que_utiliza,ft1_0.minimo,ft1_0.minimo_compra,ft1_0.ncm,ft1_0.nome_navio,ft1_0.numero_pedido,ft1_0.observacao_amostra_cor,ft1_0.observacao_amostra_producao,ft1_0.preco_reais,ft1_0.preco_usd,ft1_0.qti_pct,ft1_0.quantidade_comprada,ft1_0.ref_fornecedor,ft1_0.ref_texcotton,ft1_0.referencia,ft1_0.rendimento,ft1_0.status_amostra_cor,ft1_0.status_amostra_producao,ft1_0.status_colecao,ft1_0.status_pedido,ft1_0.tipo,ft1_0.tipo_solicitacao,ft1_0.unidade_medida from ficha_tecnica ft1_0 where (? is null or lower(ft1_0.colecao) like lower(('%'||?||'%')) escape '') and (? is null or ft1_0.tipo=?) and (? is null or ft1_0.status_pedido=?) and (? is null or ft1_0.data_colocacao_pedido>=?) and (? is null or ft1_0.data_colocacao_pedido<=?) and (? is null or lower(ft1_0.duimp_di) like lower(('%'||?||'%')) escape '') and (? is null or lower(ft1_0.contrato_cambio_adiant) like lower(('%'||?||'%')) escape '' or lower(ft1_0.contrato_cambio_pgto_final) like lower(('%'||?||'%')) escape '') and (? is null or lower(ft1_0.ref_texcotton) like lower(('%'||?||'%')) escape '' or lower(ft1_0.codigo) like lower(('%'||?||'%')) escape '' or lower(ft1_0.ref_fornecedor) like lower(('%'||?||'%')) escape '') and (? is null or lower(ft1_0.numero_pedido) like lower(('%'||?||'%')) escape '') and (? is null or lower(ft1_0.fornecedor) like lower(('%'||?||'%')) escape '') order by ft1_0.id desc
Hibernate: select c1_0.id,c1_0.nome from colecao c1_0
Hibernate: select f1_0.id,f1_0.nome from fornecedor f1_0
Hibernate: select ft1_0.colecao,count(ft1_0.id) from ficha_tecnica ft1_0 where ft1_0.colecao is not null and ft1_0.colecao<>'' group by ft1_0.colecao order by ft1_0.colecao
Hibernate: select i1_0.id,i1_0.nome from insumo i1_0
Hibernate: select ft1_0.id,ft1_0.categoria_produto,ft1_0.codigo,ft1_0.codigo_siscomex,ft1_0.colecao,ft1_0.composicao,ft1_0.contrato_cambio_adiant,ft1_0.contrato_cambio_pgto_final,ft1_0.cor,ft1_0.data_amostra_cor,ft1_0.data_amostra_producao,ft1_0.data_aprovacao_amostra_cor,ft1_0.data_aprovacao_amostra_producao,ft1_0.data_chegada_destino,ft1_0.data_colocacao_pedido,ft1_0.data_saida_origem,ft1_0.descricao,ft1_0.descricao_produto,ft1_0.duimp_di,ft1_0.estagio,ft1_0.fornecedor,ft1_0.foto_path,ft1_0.gramatura,ft1_0.largura,ft1_0.marca,ft1_0.marca_que_comprou,ft1_0.marca_que_utiliza,ft1_0.minimo,ft1_0.minimo_compra,ft1_0.ncm,ft1_0.nome_navio,ft1_0.numero_pedido,ft1_0.observacao_amostra_cor,ft1_0.observacao_amostra_producao,ft1_0.preco_reais,ft1_0.preco_usd,ft1_0.qti_pct,ft1_0.quantidade_comprada,ft1_0.ref_fornecedor,ft1_0.ref_texcotton,ft1_0.referencia,ft1_0.rendimento,ft1_0.status_amostra_cor,ft1_0.status_amostra_producao,ft1_0.status_colecao,ft1_0.status_pedido,ft1_0.tipo,ft1_0.tipo_solicitacao,ft1_0.unidade_medida from ficha_tecnica ft1_0 where (? is null or lower(ft1_0.colecao) like lower(('%'||?||'%')) escape '') and (? is null or ft1_0.tipo=?) and (? is null or ft1_0.status_pedido=?) and (? is null or ft1_0.data_colocacao_pedido>=?) and (? is null or ft1_0.data_colocacao_pedido<=?) and (? is null or lower(ft1_0.duimp_di) like lower(('%'||?||'%')) escape '') and (? is null or lower(ft1_0.contrato_cambio_adiant) like lower(('%'||?||'%')) escape '' or lower(ft1_0.contrato_cambio_pgto_final) like lower(('%'||?||'%')) escape '') and (? is null or lower(ft1_0.ref_texcotton) like lower(('%'||?||'%')) escape '' or lower(ft1_0.codigo) like lower(('%'||?||'%')) escape '' or lower(ft1_0.ref_fornecedor) like lower(('%'||?||'%')) escape '') and (? is null or lower(ft1_0.numero_pedido) like lower(('%'||?||'%')) escape '') and (? is null or lower(ft1_0.fornecedor) like lower(('%'||?||'%')) escape '') order by ft1_0.id desc
Hibernate: select c1_0.id,c1_0.nome from colecao c1_0
Hibernate: select f1_0.id,f1_0.nome from fornecedor f1_0
Hibernate: select ft1_0.colecao,count(ft1_0.id) from ficha_tecnica ft1_0 where ft1_0.colecao is not null and ft1_0.colecao<>'' group by ft1_0.colecao order by ft1_0.colecao
Hibernate: select i1_0.id,i1_0.nome from insumo i1_0
Hibernate: select ft1_0.id,ft1_0.categoria_produto,ft1_0.codigo,ft1_0.codigo_siscomex,ft1_0.colecao,ft1_0.composicao,ft1_0.contrato_cambio_adiant,ft1_0.contrato_cambio_pgto_final,ft1_0.cor,ft1_0.data_amostra_cor,ft1_0.data_amostra_producao,ft1_0.data_aprovacao_amostra_cor,ft1_0.data_aprovacao_amostra_producao,ft1_0.data_chegada_destino,ft1_0.data_colocacao_pedido,ft1_0.data_saida_origem,ft1_0.descricao,ft1_0.descricao_produto,ft1_0.duimp_di,ft1_0.estagio,ft1_0.fornecedor,ft1_0.foto_path,ft1_0.gramatura,ft1_0.largura,ft1_0.marca,ft1_0.marca_que_comprou,ft1_0.marca_que_utiliza,ft1_0.minimo,ft1_0.minimo_compra,ft1_0.ncm,ft1_0.nome_navio,ft1_0.numero_pedido,ft1_0.observacao_amostra_cor,ft1_0.observacao_amostra_producao,ft1_0.preco_reais,ft1_0.preco_usd,ft1_0.qti_pct,ft1_0.quantidade_comprada,ft1_0.ref_fornecedor,ft1_0.ref_texcotton,ft1_0.referencia,ft1_0.rendimento,ft1_0.status_amostra_cor,ft1_0.status_amostra_producao,ft1_0.status_colecao,ft1_0.status_pedido,ft1_0.tipo,ft1_0.tipo_solicitacao,ft1_0.unidade_medida from ficha_tecnica ft1_0 where ft1_0.id=?
Hibernate: select m1_0.id,m1_0.nome from marca m1_0
Hibernate: select c1_0.id,c1_0.nome from colecao c1_0
Hibernate: select f1_0.id,f1_0.nome from fornecedor f1_0
Hibernate: select c1_0.id,c1_0.nome from categoria c1_0
Hibernate: select i1_0.id,i1_0.nome from insumo i1_0
Hibernate: select ft1_0.id,ft1_0.categoria_produto,ft1_0.codigo,ft1_0.codigo_siscomex,ft1_0.colecao,ft1_0.composicao,ft1_0.contrato_cambio_adiant,ft1_0.contrato_cambio_pgto_final,ft1_0.cor,ft1_0.data_amostra_cor,ft1_0.data_amostra_producao,ft1_0.data_aprovacao_amostra_cor,ft1_0.data_aprovacao_amostra_producao,ft1_0.data_chegada_destino,ft1_0.data_colocacao_pedido,ft1_0.data_saida_origem,ft1_0.descricao,ft1_0.descricao_produto,ft1_0.duimp_di,ft1_0.estagio,ft1_0.fornecedor,ft1_0.foto_path,ft1_0.gramatura,ft1_0.largura,ft1_0.marca,ft1_0.marca_que_comprou,ft1_0.marca_que_utiliza,ft1_0.minimo,ft1_0.minimo_compra,ft1_0.ncm,ft1_0.nome_navio,ft1_0.numero_pedido,ft1_0.observacao_amostra_cor,ft1_0.observacao_amostra_producao,ft1_0.preco_reais,ft1_0.preco_usd,ft1_0.qti_pct,ft1_0.quantidade_comprada,ft1_0.ref_fornecedor,ft1_0.ref_texcotton,ft1_0.referencia,ft1_0.rendimento,ft1_0.status_amostra_cor,ft1_0.status_amostra_producao,ft1_0.status_colecao,ft1_0.status_pedido,ft1_0.tipo,ft1_0.tipo_solicitacao,ft1_0.unidade_medida from ficha_tecnica ft1_0 where ft1_0.id=?
Hibernate: update ficha_tecnica set categoria_produto=?,codigo=?,codigo_siscomex=?,colecao=?,composicao=?,contrato_cambio_adiant=?,contrato_cambio_pgto_final=?,cor=?,data_amostra_cor=?,data_amostra_producao=?,data_aprovacao_amostra_cor=?,data_aprovacao_amostra_producao=?,data_chegada_destino=?,data_colocacao_pedido=?,data_saida_origem=?,descricao=?,descricao_produto=?,duimp_di=?,estagio=?,fornecedor=?,foto_path=?,gramatura=?,largura=?,marca=?,marca_que_comprou=?,marca_que_utiliza=?,minimo=?,minimo_compra=?,ncm=?,nome_navio=?,numero_pedido=?,observacao_amostra_cor=?,observacao_amostra_producao=?,preco_reais=?,preco_usd=?,qti_pct=?,quantidade_comprada=?,ref_fornecedor=?,ref_texcotton=?,referencia=?,rendimento=?,status_amostra_cor=?,status_amostra_producao=?,status_colecao=?,status_pedido=?,tipo=?,tipo_solicitacao=?,unidade_medida=? where id=?
Hibernate: select i1_0.id,i1_0.nome from insumo i1_0
Hibernate: select ft1_0.id,ft1_0.categoria_produto,ft1_0.codigo,ft1_0.codigo_siscomex,ft1_0.colecao,ft1_0.composicao,ft1_0.contrato_cambio_adiant,ft1_0.contrato_cambio_pgto_final,ft1_0.cor,ft1_0.data_amostra_cor,ft1_0.data_amostra_producao,ft1_0.data_aprovacao_amostra_cor,ft1_0.data_aprovacao_amostra_producao,ft1_0.data_chegada_destino,ft1_0.data_colocacao_pedido,ft1_0.data_saida_origem,ft1_0.descricao,ft1_0.descricao_produto,ft1_0.duimp_di,ft1_0.estagio,ft1_0.fornecedor,ft1_0.foto_path,ft1_0.gramatura,ft1_0.largura,ft1_0.marca,ft1_0.marca_que_comprou,ft1_0.marca_que_utiliza,ft1_0.minimo,ft1_0.minimo_compra,ft1_0.ncm,ft1_0.nome_navio,ft1_0.numero_pedido,ft1_0.observacao_amostra_cor,ft1_0.observacao_amostra_producao,ft1_0.preco_reais,ft1_0.preco_usd,ft1_0.qti_pct,ft1_0.quantidade_comprada,ft1_0.ref_fornecedor,ft1_0.ref_texcotton,ft1_0.referencia,ft1_0.rendimento,ft1_0.status_amostra_cor,ft1_0.status_amostra_producao,ft1_0.status_colecao,ft1_0.status_pedido,ft1_0.tipo,ft1_0.tipo_solicitacao,ft1_0.unidade_medida from ficha_tecnica ft1_0 where (? is null or lower(ft1_0.colecao) like lower(('%'||?||'%')) escape '') and (? is null or ft1_0.tipo=?) and (? is null or ft1_0.status_pedido=?) and (? is null or ft1_0.data_colocacao_pedido>=?) and (? is null or ft1_0.data_colocacao_pedido<=?) and (? is null or lower(ft1_0.duimp_di) like lower(('%'||?||'%')) escape '') and (? is null or lower(ft1_0.contrato_cambio_adiant) like lower(('%'||?||'%')) escape '' or lower(ft1_0.contrato_cambio_pgto_final) like lower(('%'||?||'%')) escape '') and (? is null or lower(ft1_0.ref_texcotton) like lower(('%'||?||'%')) escape '' or lower(ft1_0.codigo) like lower(('%'||?||'%')) escape '' or lower(ft1_0.ref_fornecedor) like lower(('%'||?||'%')) escape '') and (? is null or lower(ft1_0.numero_pedido) like lower(('%'||?||'%')) escape '') and (? is null or lower(ft1_0.fornecedor) like lower(('%'||?||'%')) escape '') order by ft1_0.id desc
Hibernate: select c1_0.id,c1_0.nome from colecao c1_0
Hibernate: select f1_0.id,f1_0.nome from fornecedor f1_0
Hibernate: select ft1_0.colecao,count(ft1_0.id) from ficha_tecnica ft1_0 where ft1_0.colecao is not null and ft1_0.colecao<>'' group by ft1_0.colecao order by ft1_0.colecao
Hibernate: select i1_0.id,i1_0.nome from insumo i1_0
Hibernate: select ft1_0.id,ft1_0.categoria_produto,ft1_0.codigo,ft1_0.codigo_siscomex,ft1_0.colecao,ft1_0.composicao,ft1_0.contrato_cambio_adiant,ft1_0.contrato_cambio_pgto_final,ft1_0.cor,ft1_0.data_amostra_cor,ft1_0.data_amostra_producao,ft1_0.data_aprovacao_amostra_cor,ft1_0.data_aprovacao_amostra_producao,ft1_0.data_chegada_destino,ft1_0.data_colocacao_pedido,ft1_0.data_saida_origem,ft1_0.descricao,ft1_0.descricao_produto,ft1_0.duimp_di,ft1_0.estagio,ft1_0.fornecedor,ft1_0.foto_path,ft1_0.gramatura,ft1_0.largura,ft1_0.marca,ft1_0.marca_que_comprou,ft1_0.marca_que_utiliza,ft1_0.minimo,ft1_0.minimo_compra,ft1_0.ncm,ft1_0.nome_navio,ft1_0.numero_pedido,ft1_0.observacao_amostra_cor,ft1_0.observacao_amostra_producao,ft1_0.preco_reais,ft1_0.preco_usd,ft1_0.qti_pct,ft1_0.quantidade_comprada,ft1_0.ref_fornecedor,ft1_0.ref_texcotton,ft1_0.referencia,ft1_0.rendimento,ft1_0.status_amostra_cor,ft1_0.status_amostra_producao,ft1_0.status_colecao,ft1_0.status_pedido,ft1_0.tipo,ft1_0.tipo_solicitacao,ft1_0.unidade_medida from ficha_tecnica ft1_0 where ft1_0.id=?
Hibernate: select m1_0.id,m1_0.nome from marca m1_0
Hibernate: select c1_0.id,c1_0.nome from colecao c1_0
Hibernate: select f1_0.id,f1_0.nome from fornecedor f1_0
Hibernate: select c1_0.id,c1_0.nome from categoria c1_0
Hibernate: select i1_0.id,i1_0.nome from insumo i1_0
Hibernate: select ft1_0.id,ft1_0.categoria_produto,ft1_0.codigo,ft1_0.codigo_siscomex,ft1_0.colecao,ft1_0.composicao,ft1_0.contrato_cambio_adiant,ft1_0.contrato_cambio_pgto_final,ft1_0.cor,ft1_0.data_amostra_cor,ft1_0.data_amostra_producao,ft1_0.data_aprovacao_amostra_cor,ft1_0.data_aprovacao_amostra_producao,ft1_0.data_chegada_destino,ft1_0.data_colocacao_pedido,ft1_0.data_saida_origem,ft1_0.descricao,ft1_0.descricao_produto,ft1_0.duimp_di,ft1_0.estagio,ft1_0.fornecedor,ft1_0.foto_path,ft1_0.gramatura,ft1_0.largura,ft1_0.marca,ft1_0.marca_que_comprou,ft1_0.marca_que_utiliza,ft1_0.minimo,ft1_0.minimo_compra,ft1_0.ncm,ft1_0.nome_navio,ft1_0.numero_pedido,ft1_0.observacao_amostra_cor,ft1_0.observacao_amostra_producao,ft1_0.preco_reais,ft1_0.preco_usd,ft1_0.qti_pct,ft1_0.quantidade_comprada,ft1_0.ref_fornecedor,ft1_0.ref_texcotton,ft1_0.referencia,ft1_0.rendimento,ft1_0.status_amostra_cor,ft1_0.status_amostra_producao,ft1_0.status_colecao,ft1_0.status_pedido,ft1_0.tipo,ft1_0.tipo_solicitacao,ft1_0.unidade_medida from ficha_tecnica ft1_0 where ft1_0.id=?
Hibernate: update ficha_tecnica set categoria_produto=?,codigo=?,codigo_siscomex=?,colecao=?,composicao=?,contrato_cambio_adiant=?,contrato_cambio_pgto_final=?,cor=?,data_amostra_cor=?,data_amostra_producao=?,data_aprovacao_amostra_cor=?,data_aprovacao_amostra_producao=?,data_chegada_destino=?,data_colocacao_pedido=?,data_saida_origem=?,descricao=?,descricao_produto=?,duimp_di=?,estagio=?,fornecedor=?,foto_path=?,gramatura=?,largura=?,marca=?,marca_que_comprou=?,marca_que_utiliza=?,minimo=?,minimo_compra=?,ncm=?,nome_navio=?,numero_pedido=?,observacao_amostra_cor=?,observacao_amostra_producao=?,preco_reais=?,preco_usd=?,qti_pct=?,quantidade_comprada=?,ref_fornecedor=?,ref_texcotton=?,referencia=?,rendimento=?,status_amostra_cor=?,status_amostra_producao=?,status_colecao=?,status_pedido=?,tipo=?,tipo_solicitacao=?,unidade_medida=? where id=?
Hibernate: select i1_0.id,i1_0.nome from insumo i1_0
Hibernate: select ft1_0.id,ft1_0.categoria_produto,ft1_0.codigo,ft1_0.codigo_siscomex,ft1_0.colecao,ft1_0.composicao,ft1_0.contrato_cambio_adiant,ft1_0.contrato_cambio_pgto_final,ft1_0.cor,ft1_0.data_amostra_cor,ft1_0.data_amostra_producao,ft1_0.data_aprovacao_amostra_cor,ft1_0.data_aprovacao_amostra_producao,ft1_0.data_chegada_destino,ft1_0.data_colocacao_pedido,ft1_0.data_saida_origem,ft1_0.descricao,ft1_0.descricao_produto,ft1_0.duimp_di,ft1_0.estagio,ft1_0.fornecedor,ft1_0.foto_path,ft1_0.gramatura,ft1_0.largura,ft1_0.marca,ft1_0.marca_que_comprou,ft1_0.marca_que_utiliza,ft1_0.minimo,ft1_0.minimo_compra,ft1_0.ncm,ft1_0.nome_navio,ft1_0.numero_pedido,ft1_0.observacao_amostra_cor,ft1_0.observacao_amostra_producao,ft1_0.preco_reais,ft1_0.preco_usd,ft1_0.qti_pct,ft1_0.quantidade_comprada,ft1_0.ref_fornecedor,ft1_0.ref_texcotton,ft1_0.referencia,ft1_0.rendimento,ft1_0.status_amostra_cor,ft1_0.status_amostra_producao,ft1_0.status_colecao,ft1_0.status_pedido,ft1_0.tipo,ft1_0.tipo_solicitacao,ft1_0.unidade_medida from ficha_tecnica ft1_0 where (? is null or lower(ft1_0.colecao) like lower(('%'||?||'%')) escape '') and (? is null or ft1_0.tipo=?) and (? is null or ft1_0.status_pedido=?) and (? is null or ft1_0.data_colocacao_pedido>=?) and (? is null or ft1_0.data_colocacao_pedido<=?) and (? is null or lower(ft1_0.duimp_di) like lower(('%'||?||'%')) escape '') and (? is null or lower(ft1_0.contrato_cambio_adiant) like lower(('%'||?||'%')) escape '' or lower(ft1_0.contrato_cambio_pgto_final) like lower(('%'||?||'%')) escape '') and (? is null or lower(ft1_0.ref_texcotton) like lower(('%'||?||'%')) escape '' or lower(ft1_0.codigo) like lower(('%'||?||'%')) escape '' or lower(ft1_0.ref_fornecedor) like lower(('%'||?||'%')) escape '') and (? is null or lower(ft1_0.numero_pedido) like lower(('%'||?||'%')) escape '') and (? is null or lower(ft1_0.fornecedor) like lower(('%'||?||'%')) escape '') order by ft1_0.id desc
Hibernate: select c1_0.id,c1_0.nome from colecao c1_0
Hibernate: select f1_0.id,f1_0.nome from fornecedor f1_0
Hibernate: select ft1_0.colecao,count(ft1_0.id) from ficha_tecnica ft1_0 where ft1_0.colecao is not null and ft1_0.colecao<>'' group by ft1_0.colecao order by ft1_0.colecao
Hibernate: select i1_0.id,i1_0.nome from insumo i1_0
Hibernate: select ft1_0.id,ft1_0.categoria_produto,ft1_0.codigo,ft1_0.codigo_siscomex,ft1_0.colecao,ft1_0.composicao,ft1_0.contrato_cambio_adiant,ft1_0.contrato_cambio_pgto_final,ft1_0.cor,ft1_0.data_amostra_cor,ft1_0.data_amostra_producao,ft1_0.data_aprovacao_amostra_cor,ft1_0.data_aprovacao_amostra_producao,ft1_0.data_chegada_destino,ft1_0.data_colocacao_pedido,ft1_0.data_saida_origem,ft1_0.descricao,ft1_0.descricao_produto,ft1_0.duimp_di,ft1_0.estagio,ft1_0.fornecedor,ft1_0.foto_path,ft1_0.gramatura,ft1_0.largura,ft1_0.marca,ft1_0.marca_que_comprou,ft1_0.marca_que_utiliza,ft1_0.minimo,ft1_0.minimo_compra,ft1_0.ncm,ft1_0.nome_navio,ft1_0.numero_pedido,ft1_0.observacao_amostra_cor,ft1_0.observacao_amostra_producao,ft1_0.preco_reais,ft1_0.preco_usd,ft1_0.qti_pct,ft1_0.quantidade_comprada,ft1_0.ref_fornecedor,ft1_0.ref_texcotton,ft1_0.referencia,ft1_0.rendimento,ft1_0.status_amostra_cor,ft1_0.status_amostra_producao,ft1_0.status_colecao,ft1_0.status_pedido,ft1_0.tipo,ft1_0.tipo_solicitacao,ft1_0.unidade_medida from ficha_tecnica ft1_0 where ft1_0.id=?
Hibernate: select m1_0.id,m1_0.nome from marca m1_0
Hibernate: select c1_0.id,c1_0.nome from colecao c1_0
Hibernate: select f1_0.id,f1_0.nome from fornecedor f1_0
Hibernate: select c1_0.id,c1_0.nome from categoria c1_0
Hibernate: select i1_0.id,i1_0.nome from insumo i1_0
Hibernate: select ft1_0.id,ft1_0.categoria_produto,ft1_0.codigo,ft1_0.codigo_siscomex,ft1_0.colecao,ft1_0.composicao,ft1_0.contrato_cambio_adiant,ft1_0.contrato_cambio_pgto_final,ft1_0.cor,ft1_0.data_amostra_cor,ft1_0.data_amostra_producao,ft1_0.data_aprovacao_amostra_cor,ft1_0.data_aprovacao_amostra_producao,ft1_0.data_chegada_destino,ft1_0.data_colocacao_pedido,ft1_0.data_saida_origem,ft1_0.descricao,ft1_0.descricao_produto,ft1_0.duimp_di,ft1_0.estagio,ft1_0.fornecedor,ft1_0.foto_path,ft1_0.gramatura,ft1_0.largura,ft1_0.marca,ft1_0.marca_que_comprou,ft1_0.marca_que_utiliza,ft1_0.minimo,ft1_0.minimo_compra,ft1_0.ncm,ft1_0.nome_navio,ft1_0.numero_pedido,ft1_0.observacao_amostra_cor,ft1_0.observacao_amostra_producao,ft1_0.preco_reais,ft1_0.preco_usd,ft1_0.qti_pct,ft1_0.quantidade_comprada,ft1_0.ref_fornecedor,ft1_0.ref_texcotton,ft1_0.referencia,ft1_0.rendimento,ft1_0.status_amostra_cor,ft1_0.status_amostra_producao,ft1_0.status_colecao,ft1_0.status_pedido,ft1_0.tipo,ft1_0.tipo_solicitacao,ft1_0.unidade_medida from ficha_tecnica ft1_0 where ft1_0.id=?
Hibernate: update ficha_tecnica set categoria_produto=?,codigo=?,codigo_siscomex=?,colecao=?,composicao=?,contrato_cambio_adiant=?,contrato_cambio_pgto_final=?,cor=?,data_amostra_cor=?,data_amostra_producao=?,data_aprovacao_amostra_cor=?,data_aprovacao_amostra_producao=?,data_chegada_destino=?,data_colocacao_pedido=?,data_saida_origem=?,descricao=?,descricao_produto=?,duimp_di=?,estagio=?,fornecedor=?,foto_path=?,gramatura=?,largura=?,marca=?,marca_que_comprou=?,marca_que_utiliza=?,minimo=?,minimo_compra=?,ncm=?,nome_navio=?,numero_pedido=?,observacao_amostra_cor=?,observacao_amostra_producao=?,preco_reais=?,preco_usd=?,qti_pct=?,quantidade_comprada=?,ref_fornecedor=?,ref_texcotton=?,referencia=?,rendimento=?,status_amostra_cor=?,status_amostra_producao=?,status_colecao=?,status_pedido=?,tipo=?,tipo_solicitacao=?,unidade_medida=? where id=?
Hibernate: select i1_0.id,i1_0.nome from insumo i1_0
Hibernate: select ft1_0.id,ft1_0.categoria_produto,ft1_0.codigo,ft1_0.codigo_siscomex,ft1_0.colecao,ft1_0.composicao,ft1_0.contrato_cambio_adiant,ft1_0.contrato_cambio_pgto_final,ft1_0.cor,ft1_0.data_amostra_cor,ft1_0.data_amostra_producao,ft1_0.data_aprovacao_amostra_cor,ft1_0.data_aprovacao_amostra_producao,ft1_0.data_chegada_destino,ft1_0.data_colocacao_pedido,ft1_0.data_saida_origem,ft1_0.descricao,ft1_0.descricao_produto,ft1_0.duimp_di,ft1_0.estagio,ft1_0.fornecedor,ft1_0.foto_path,ft1_0.gramatura,ft1_0.largura,ft1_0.marca,ft1_0.marca_que_comprou,ft1_0.marca_que_utiliza,ft1_0.minimo,ft1_0.minimo_compra,ft1_0.ncm,ft1_0.nome_navio,ft1_0.numero_pedido,ft1_0.observacao_amostra_cor,ft1_0.observacao_amostra_producao,ft1_0.preco_reais,ft1_0.preco_usd,ft1_0.qti_pct,ft1_0.quantidade_comprada,ft1_0.ref_fornecedor,ft1_0.ref_texcotton,ft1_0.referencia,ft1_0.rendimento,ft1_0.status_amostra_cor,ft1_0.status_amostra_producao,ft1_0.status_colecao,ft1_0.status_pedido,ft1_0.tipo,ft1_0.tipo_solicitacao,ft1_0.unidade_medida from ficha_tecnica ft1_0 where (? is null or lower(ft1_0.colecao) like lower(('%'||?||'%')) escape '') and (? is null or ft1_0.tipo=?) and (? is null or ft1_0.status_pedido=?) and (? is null or ft1_0.data_colocacao_pedido>=?) and (? is null or ft1_0.data_colocacao_pedido<=?) and (? is null or lower(ft1_0.duimp_di) like lower(('%'||?||'%')) escape '') and (? is null or lower(ft1_0.contrato_cambio_adiant) like lower(('%'||?||'%')) escape '' or lower(ft1_0.contrato_cambio_pgto_final) like lower(('%'||?||'%')) escape '') and (? is null or lower(ft1_0.ref_texcotton) like lower(('%'||?||'%')) escape '' or lower(ft1_0.codigo) like lower(('%'||?||'%')) escape '' or lower(ft1_0.ref_fornecedor) like lower(('%'||?||'%')) escape '') and (? is null or lower(ft1_0.numero_pedido) like lower(('%'||?||'%')) escape '') and (? is null or lower(ft1_0.fornecedor) like lower(('%'||?||'%')) escape '') order by ft1_0.id desc
Hibernate: select c1_0.id,c1_0.nome from colecao c1_0
Hibernate: select f1_0.id,f1_0.nome from fornecedor f1_0
Hibernate: select ft1_0.colecao,count(ft1_0.id) from ficha_tecnica ft1_0 where ft1_0.colecao is not null and ft1_0.colecao<>'' group by ft1_0.colecao order by ft1_0.colecao
Hibernate: select i1_0.id,i1_0.nome from insumo i1_0
Hibernate: select ft1_0.id,ft1_0.categoria_produto,ft1_0.codigo,ft1_0.codigo_siscomex,ft1_0.colecao,ft1_0.composicao,ft1_0.contrato_cambio_adiant,ft1_0.contrato_cambio_pgto_final,ft1_0.cor,ft1_0.data_amostra_cor,ft1_0.data_amostra_producao,ft1_0.data_aprovacao_amostra_cor,ft1_0.data_aprovacao_amostra_producao,ft1_0.data_chegada_destino,ft1_0.data_colocacao_pedido,ft1_0.data_saida_origem,ft1_0.descricao,ft1_0.descricao_produto,ft1_0.duimp_di,ft1_0.estagio,ft1_0.fornecedor,ft1_0.foto_path,ft1_0.gramatura,ft1_0.largura,ft1_0.marca,ft1_0.marca_que_comprou,ft1_0.marca_que_utiliza,ft1_0.minimo,ft1_0.minimo_compra,ft1_0.ncm,ft1_0.nome_navio,ft1_0.numero_pedido,ft1_0.observacao_amostra_cor,ft1_0.observacao_amostra_producao,ft1_0.preco_reais,ft1_0.preco_usd,ft1_0.qti_pct,ft1_0.quantidade_comprada,ft1_0.ref_fornecedor,ft1_0.ref_texcotton,ft1_0.referencia,ft1_0.rendimento,ft1_0.status_amostra_cor,ft1_0.status_amostra_producao,ft1_0.status_colecao,ft1_0.status_pedido,ft1_0.tipo,ft1_0.tipo_solicitacao,ft1_0.unidade_medida from ficha_tecnica ft1_0 where ft1_0.id=?
Hibernate: select m1_0.id,m1_0.nome from marca m1_0
Hibernate: select c1_0.id,c1_0.nome from colecao c1_0
Hibernate: select f1_0.id,f1_0.nome from fornecedor f1_0
Hibernate: select c1_0.id,c1_0.nome from categoria c1_0
Hibernate: select i1_0.id,i1_0.nome from insumo i1_0
Hibernate: select ft1_0.id,ft1_0.categoria_produto,ft1_0.codigo,ft1_0.codigo_siscomex,ft1_0.colecao,ft1_0.composicao,ft1_0.contrato_cambio_adiant,ft1_0.contrato_cambio_pgto_final,ft1_0.cor,ft1_0.data_amostra_cor,ft1_0.data_amostra_producao,ft1_0.data_aprovacao_amostra_cor,ft1_0.data_aprovacao_amostra_producao,ft1_0.data_chegada_destino,ft1_0.data_colocacao_pedido,ft1_0.data_saida_origem,ft1_0.descricao,ft1_0.descricao_produto,ft1_0.duimp_di,ft1_0.estagio,ft1_0.fornecedor,ft1_0.foto_path,ft1_0.gramatura,ft1_0.largura,ft1_0.marca,ft1_0.marca_que_comprou,ft1_0.marca_que_utiliza,ft1_0.minimo,ft1_0.minimo_compra,ft1_0.ncm,ft1_0.nome_navio,ft1_0.numero_pedido,ft1_0.observacao_amostra_cor,ft1_0.observacao_amostra_producao,ft1_0.preco_reais,ft1_0.preco_usd,ft1_0.qti_pct,ft1_0.quantidade_comprada,ft1_0.ref_fornecedor,ft1_0.ref_texcotton,ft1_0.referencia,ft1_0.rendimento,ft1_0.status_amostra_cor,ft1_0.status_amostra_producao,ft1_0.status_colecao,ft1_0.status_pedido,ft1_0.tipo,ft1_0.tipo_solicitacao,ft1_0.unidade_medida from ficha_tecnica ft1_0 where ft1_0.id=?
Hibernate: update ficha_tecnica set categoria_produto=?,codigo=?,codigo_siscomex=?,colecao=?,composicao=?,contrato_cambio_adiant=?,contrato_cambio_pgto_final=?,cor=?,data_amostra_cor=?,data_amostra_producao=?,data_aprovacao_amostra_cor=?,data_aprovacao_amostra_producao=?,data_chegada_destino=?,data_colocacao_pedido=?,data_saida_origem=?,descricao=?,descricao_produto=?,duimp_di=?,estagio=?,fornecedor=?,foto_path=?,gramatura=?,largura=?,marca=?,marca_que_comprou=?,marca_que_utiliza=?,minimo=?,minimo_compra=?,ncm=?,nome_navio=?,numero_pedido=?,observacao_amostra_cor=?,observacao_amostra_producao=?,preco_reais=?,preco_usd=?,qti_pct=?,quantidade_comprada=?,ref_fornecedor=?,ref_texcotton=?,referencia=?,rendimento=?,status_amostra_cor=?,status_amostra_producao=?,status_colecao=?,status_pedido=?,tipo=?,tipo_solicitacao=?,unidade_medida=? where id=?
Hibernate: select i1_0.id,i1_0.nome from insumo i1_0
Hibernate: select ft1_0.id,ft1_0.categoria_produto,ft1_0.codigo,ft1_0.codigo_siscomex,ft1_0.colecao,ft1_0.composicao,ft1_0.contrato_cambio_adiant,ft1_0.contrato_cambio_pgto_final,ft1_0.cor,ft1_0.data_amostra_cor,ft1_0.data_amostra_producao,ft1_0.data_aprovacao_amostra_cor,ft1_0.data_aprovacao_amostra_producao,ft1_0.data_chegada_destino,ft1_0.data_colocacao_pedido,ft1_0.data_saida_origem,ft1_0.descricao,ft1_0.descricao_produto,ft1_0.duimp_di,ft1_0.estagio,ft1_0.fornecedor,ft1_0.foto_path,ft1_0.gramatura,ft1_0.largura,ft1_0.marca,ft1_0.marca_que_comprou,ft1_0.marca_que_utiliza,ft1_0.minimo,ft1_0.minimo_compra,ft1_0.ncm,ft1_0.nome_navio,ft1_0.numero_pedido,ft1_0.observacao_amostra_cor,ft1_0.observacao_amostra_producao,ft1_0.preco_reais,ft1_0.preco_usd,ft1_0.qti_pct,ft1_0.quantidade_comprada,ft1_0.ref_fornecedor,ft1_0.ref_texcotton,ft1_0.referencia,ft1_0.rendimento,ft1_0.status_amostra_cor,ft1_0.status_amostra_producao,ft1_0.status_colecao,ft1_0.status_pedido,ft1_0.tipo,ft1_0.tipo_solicitacao,ft1_0.unidade_medida from ficha_tecnica ft1_0 where (? is null or lower(ft1_0.colecao) like lower(('%'||?||'%')) escape '') and (? is null or ft1_0.tipo=?) and (? is null or ft1_0.status_pedido=?) and (? is null or ft1_0.data_colocacao_pedido>=?) and (? is null or ft1_0.data_colocacao_pedido<=?) and (? is null or lower(ft1_0.duimp_di) like lower(('%'||?||'%')) escape '') and (? is null or lower(ft1_0.contrato_cambio_adiant) like lower(('%'||?||'%')) escape '' or lower(ft1_0.contrato_cambio_pgto_final) like lower(('%'||?||'%')) escape '') and (? is null or lower(ft1_0.ref_texcotton) like lower(('%'||?||'%')) escape '' or lower(ft1_0.codigo) like lower(('%'||?||'%')) escape '' or lower(ft1_0.ref_fornecedor) like lower(('%'||?||'%')) escape '') and (? is null or lower(ft1_0.numero_pedido) like lower(('%'||?||'%')) escape '') and (? is null or lower(ft1_0.fornecedor) like lower(('%'||?||'%')) escape '') order by ft1_0.id desc
Hibernate: select c1_0.id,c1_0.nome from colecao c1_0
Hibernate: select f1_0.id,f1_0.nome from fornecedor f1_0
Hibernate: select ft1_0.colecao,count(ft1_0.id) from ficha_tecnica ft1_0 where ft1_0.colecao is not null and ft1_0.colecao<>'' group by ft1_0.colecao order by ft1_0.colecao
Hibernate: select i1_0.id,i1_0.nome from insumo i1_0
Hibernate: select ft1_0.id,ft1_0.categoria_produto,ft1_0.codigo,ft1_0.codigo_siscomex,ft1_0.colecao,ft1_0.composicao,ft1_0.contrato_cambio_adiant,ft1_0.contrato_cambio_pgto_final,ft1_0.cor,ft1_0.data_amostra_cor,ft1_0.data_amostra_producao,ft1_0.data_aprovacao_amostra_cor,ft1_0.data_aprovacao_amostra_producao,ft1_0.data_chegada_destino,ft1_0.data_colocacao_pedido,ft1_0.data_saida_origem,ft1_0.descricao,ft1_0.descricao_produto,ft1_0.duimp_di,ft1_0.estagio,ft1_0.fornecedor,ft1_0.foto_path,ft1_0.gramatura,ft1_0.largura,ft1_0.marca,ft1_0.marca_que_comprou,ft1_0.marca_que_utiliza,ft1_0.minimo,ft1_0.minimo_compra,ft1_0.ncm,ft1_0.nome_navio,ft1_0.numero_pedido,ft1_0.observacao_amostra_cor,ft1_0.observacao_amostra_producao,ft1_0.preco_reais,ft1_0.preco_usd,ft1_0.qti_pct,ft1_0.quantidade_comprada,ft1_0.ref_fornecedor,ft1_0.ref_texcotton,ft1_0.referencia,ft1_0.rendimento,ft1_0.status_amostra_cor,ft1_0.status_amostra_producao,ft1_0.status_colecao,ft1_0.status_pedido,ft1_0.tipo,ft1_0.tipo_solicitacao,ft1_0.unidade_medida from ficha_tecnica ft1_0 where ft1_0.id=?
Hibernate: select m1_0.id,m1_0.nome from marca m1_0
Hibernate: select c1_0.id,c1_0.nome from colecao c1_0
Hibernate: select f1_0.id,f1_0.nome from fornecedor f1_0
Hibernate: select c1_0.id,c1_0.nome from categoria c1_0
Hibernate: select i1_0.id,i1_0.nome from insumo i1_0
Hibernate: select ft1_0.id,ft1_0.categoria_produto,ft1_0.codigo,ft1_0.codigo_siscomex,ft1_0.colecao,ft1_0.composicao,ft1_0.contrato_cambio_adiant,ft1_0.contrato_cambio_pgto_final,ft1_0.cor,ft1_0.data_amostra_cor,ft1_0.data_amostra_producao,ft1_0.data_aprovacao_amostra_cor,ft1_0.data_aprovacao_amostra_producao,ft1_0.data_chegada_destino,ft1_0.data_colocacao_pedido,ft1_0.data_saida_origem,ft1_0.descricao,ft1_0.descricao_produto,ft1_0.duimp_di,ft1_0.estagio,ft1_0.fornecedor,ft1_0.foto_path,ft1_0.gramatura,ft1_0.largura,ft1_0.marca,ft1_0.marca_que_comprou,ft1_0.marca_que_utiliza,ft1_0.minimo,ft1_0.minimo_compra,ft1_0.ncm,ft1_0.nome_navio,ft1_0.numero_pedido,ft1_0.observacao_amostra_cor,ft1_0.observacao_amostra_producao,ft1_0.preco_reais,ft1_0.preco_usd,ft1_0.qti_pct,ft1_0.quantidade_comprada,ft1_0.ref_fornecedor,ft1_0.ref_texcotton,ft1_0.referencia,ft1_0.rendimento,ft1_0.status_amostra_cor,ft1_0.status_amostra_producao,ft1_0.status_colecao,ft1_0.status_pedido,ft1_0.tipo,ft1_0.tipo_solicitacao,ft1_0.unidade_medida from ficha_tecnica ft1_0 where ft1_0.id=?
Hibernate: update ficha_tecnica set categoria_produto=?,codigo=?,codigo_siscomex=?,colecao=?,composicao=?,contrato_cambio_adiant=?,contrato_cambio_pgto_final=?,cor=?,data_amostra_cor=?,data_amostra_producao=?,data_aprovacao_amostra_cor=?,data_aprovacao_amostra_producao=?,data_chegada_destino=?,data_colocacao_pedido=?,data_saida_origem=?,descricao=?,descricao_produto=?,duimp_di=?,estagio=?,fornecedor=?,foto_path=?,gramatura=?,largura=?,marca=?,marca_que_comprou=?,marca_que_utiliza=?,minimo=?,minimo_compra=?,ncm=?,nome_navio=?,numero_pedido=?,observacao_amostra_cor=?,observacao_amostra_producao=?,preco_reais=?,preco_usd=?,qti_pct=?,quantidade_comprada=?,ref_fornecedor=?,ref_texcotton=?,referencia=?,rendimento=?,status_amostra_cor=?,status_amostra_producao=?,status_colecao=?,status_pedido=?,tipo=?,tipo_solicitacao=?,unidade_medida=? where id=?
Hibernate: select i1_0.id,i1_0.nome from insumo i1_0
Hibernate: select ft1_0.id,ft1_0.categoria_produto,ft1_0.codigo,ft1_0.codigo_siscomex,ft1_0.colecao,ft1_0.composicao,ft1_0.contrato_cambio_adiant,ft1_0.contrato_cambio_pgto_final,ft1_0.cor,ft1_0.data_amostra_cor,ft1_0.data_amostra_producao,ft1_0.data_aprovacao_amostra_cor,ft1_0.data_aprovacao_amostra_producao,ft1_0.data_chegada_destino,ft1_0.data_colocacao_pedido,ft1_0.data_saida_origem,ft1_0.descricao,ft1_0.descricao_produto,ft1_0.duimp_di,ft1_0.estagio,ft1_0.fornecedor,ft1_0.foto_path,ft1_0.gramatura,ft1_0.largura,ft1_0.marca,ft1_0.marca_que_comprou,ft1_0.marca_que_utiliza,ft1_0.minimo,ft1_0.minimo_compra,ft1_0.ncm,ft1_0.nome_navio,ft1_0.numero_pedido,ft1_0.observacao_amostra_cor,ft1_0.observacao_amostra_producao,ft1_0.preco_reais,ft1_0.preco_usd,ft1_0.qti_pct,ft1_0.quantidade_comprada,ft1_0.ref_fornecedor,ft1_0.ref_texcotton,ft1_0.referencia,ft1_0.rendimento,ft1_0.status_amostra_cor,ft1_0.status_amostra_producao,ft1_0.status_colecao,ft1_0.status_pedido,ft1_0.tipo,ft1_0.tipo_solicitacao,ft1_0.unidade_medida from ficha_tecnica ft1_0 where (? is null or lower(ft1_0.colecao) like lower(('%'||?||'%')) escape '') and (? is null or ft1_0.tipo=?) and (? is null or ft1_0.status_pedido=?) and (? is null or ft1_0.data_colocacao_pedido>=?) and (? is null or ft1_0.data_colocacao_pedido<=?) and (? is null or lower(ft1_0.duimp_di) like lower(('%'||?||'%')) escape '') and (? is null or lower(ft1_0.contrato_cambio_adiant) like lower(('%'||?||'%')) escape '' or lower(ft1_0.contrato_cambio_pgto_final) like lower(('%'||?||'%')) escape '') and (? is null or lower(ft1_0.ref_texcotton) like lower(('%'||?||'%')) escape '' or lower(ft1_0.codigo) like lower(('%'||?||'%')) escape '' or lower(ft1_0.ref_fornecedor) like lower(('%'||?||'%')) escape '') and (? is null or lower(ft1_0.numero_pedido) like lower(('%'||?||'%')) escape '') and (? is null or lower(ft1_0.fornecedor) like lower(('%'||?||'%')) escape '') order by ft1_0.id desc
Hibernate: select c1_0.id,c1_0.nome from colecao c1_0
Hibernate: select f1_0.id,f1_0.nome from fornecedor f1_0
Hibernate: select ft1_0.colecao,count(ft1_0.id) from ficha_tecnica ft1_0 where ft1_0.colecao is not null and ft1_0.colecao<>'' group by ft1_0.colecao order by ft1_0.colecao
Hibernate: select i1_0.id,i1_0.nome from insumo i1_0
Hibernate: select ft1_0.id,ft1_0.categoria_produto,ft1_0.codigo,ft1_0.codigo_siscomex,ft1_0.colecao,ft1_0.composicao,ft1_0.contrato_cambio_adiant,ft1_0.contrato_cambio_pgto_final,ft1_0.cor,ft1_0.data_amostra_cor,ft1_0.data_amostra_producao,ft1_0.data_aprovacao_amostra_cor,ft1_0.data_aprovacao_amostra_producao,ft1_0.data_chegada_destino,ft1_0.data_colocacao_pedido,ft1_0.data_saida_origem,ft1_0.descricao,ft1_0.descricao_produto,ft1_0.duimp_di,ft1_0.estagio,ft1_0.fornecedor,ft1_0.foto_path,ft1_0.gramatura,ft1_0.largura,ft1_0.marca,ft1_0.marca_que_comprou,ft1_0.marca_que_utiliza,ft1_0.minimo,ft1_0.minimo_compra,ft1_0.ncm,ft1_0.nome_navio,ft1_0.numero_pedido,ft1_0.observacao_amostra_cor,ft1_0.observacao_amostra_producao,ft1_0.preco_reais,ft1_0.preco_usd,ft1_0.qti_pct,ft1_0.quantidade_comprada,ft1_0.ref_fornecedor,ft1_0.ref_texcotton,ft1_0.referencia,ft1_0.rendimento,ft1_0.status_amostra_cor,ft1_0.status_amostra_producao,ft1_0.status_colecao,ft1_0.status_pedido,ft1_0.tipo,ft1_0.tipo_solicitacao,ft1_0.unidade_medida from ficha_tecnica ft1_0 where ft1_0.id=?
Hibernate: select m1_0.id,m1_0.nome from marca m1_0
Hibernate: select c1_0.id,c1_0.nome from colecao c1_0
Hibernate: select f1_0.id,f1_0.nome from fornecedor f1_0
Hibernate: select c1_0.id,c1_0.nome from categoria c1_0
Hibernate: select i1_0.id,i1_0.nome from insumo i1_0
Hibernate: select ft1_0.id,ft1_0.categoria_produto,ft1_0.codigo,ft1_0.codigo_siscomex,ft1_0.colecao,ft1_0.composicao,ft1_0.contrato_cambio_adiant,ft1_0.contrato_cambio_pgto_final,ft1_0.cor,ft1_0.data_amostra_cor,ft1_0.data_amostra_producao,ft1_0.data_aprovacao_amostra_cor,ft1_0.data_aprovacao_amostra_producao,ft1_0.data_chegada_destino,ft1_0.data_colocacao_pedido,ft1_0.data_saida_origem,ft1_0.descricao,ft1_0.descricao_produto,ft1_0.duimp_di,ft1_0.estagio,ft1_0.fornecedor,ft1_0.foto_path,ft1_0.gramatura,ft1_0.largura,ft1_0.marca,ft1_0.marca_que_comprou,ft1_0.marca_que_utiliza,ft1_0.minimo,ft1_0.minimo_compra,ft1_0.ncm,ft1_0.nome_navio,ft1_0.numero_pedido,ft1_0.observacao_amostra_cor,ft1_0.observacao_amostra_producao,ft1_0.preco_reais,ft1_0.preco_usd,ft1_0.qti_pct,ft1_0.quantidade_comprada,ft1_0.ref_fornecedor,ft1_0.ref_texcotton,ft1_0.referencia,ft1_0.rendimento,ft1_0.status_amostra_cor,ft1_0.status_amostra_producao,ft1_0.status_colecao,ft1_0.status_pedido,ft1_0.tipo,ft1_0.tipo_solicitacao,ft1_0.unidade_medida from ficha_tecnica ft1_0 where ft1_0.id=?
Hibernate: update ficha_tecnica set categoria_produto=?,codigo=?,codigo_siscomex=?,colecao=?,composicao=?,contrato_cambio_adiant=?,contrato_cambio_pgto_final=?,cor=?,data_amostra_cor=?,data_amostra_producao=?,data_aprovacao_amostra_cor=?,data_aprovacao_amostra_producao=?,data_chegada_destino=?,data_colocacao_pedido=?,data_saida_origem=?,descricao=?,descricao_produto=?,duimp_di=?,estagio=?,fornecedor=?,foto_path=?,gramatura=?,largura=?,marca=?,marca_que_comprou=?,marca_que_utiliza=?,minimo=?,minimo_compra=?,ncm=?,nome_navio=?,numero_pedido=?,observacao_amostra_cor=?,observacao_amostra_producao=?,preco_reais=?,preco_usd=?,qti_pct=?,quantidade_comprada=?,ref_fornecedor=?,ref_texcotton=?,referencia=?,rendimento=?,status_amostra_cor=?,status_amostra_producao=?,status_colecao=?,status_pedido=?,tipo=?,tipo_solicitacao=?,unidade_medida=? where id=?
Hibernate: select i1_0.id,i1_0.nome from insumo i1_0
Hibernate: select ft1_0.id,ft1_0.categoria_produto,ft1_0.codigo,ft1_0.codigo_siscomex,ft1_0.colecao,ft1_0.composicao,ft1_0.contrato_cambio_adiant,ft1_0.contrato_cambio_pgto_final,ft1_0.cor,ft1_0.data_amostra_cor,ft1_0.data_amostra_producao,ft1_0.data_aprovacao_amostra_cor,ft1_0.data_aprovacao_amostra_producao,ft1_0.data_chegada_destino,ft1_0.data_colocacao_pedido,ft1_0.data_saida_origem,ft1_0.descricao,ft1_0.descricao_produto,ft1_0.duimp_di,ft1_0.estagio,ft1_0.fornecedor,ft1_0.foto_path,ft1_0.gramatura,ft1_0.largura,ft1_0.marca,ft1_0.marca_que_comprou,ft1_0.marca_que_utiliza,ft1_0.minimo,ft1_0.minimo_compra,ft1_0.ncm,ft1_0.nome_navio,ft1_0.numero_pedido,ft1_0.observacao_amostra_cor,ft1_0.observacao_amostra_producao,ft1_0.preco_reais,ft1_0.preco_usd,ft1_0.qti_pct,ft1_0.quantidade_comprada,ft1_0.ref_fornecedor,ft1_0.ref_texcotton,ft1_0.referencia,ft1_0.rendimento,ft1_0.status_amostra_cor,ft1_0.status_amostra_producao,ft1_0.status_colecao,ft1_0.status_pedido,ft1_0.tipo,ft1_0.tipo_solicitacao,ft1_0.unidade_medida from ficha_tecnica ft1_0 where (? is null or lower(ft1_0.colecao) like lower(('%'||?||'%')) escape '') and (? is null or ft1_0.tipo=?) and (? is null or ft1_0.status_pedido=?) and (? is null or ft1_0.data_colocacao_pedido>=?) and (? is null or ft1_0.data_colocacao_pedido<=?) and (? is null or lower(ft1_0.duimp_di) like lower(('%'||?||'%')) escape '') and (? is null or lower(ft1_0.contrato_cambio_adiant) like lower(('%'||?||'%')) escape '' or lower(ft1_0.contrato_cambio_pgto_final) like lower(('%'||?||'%')) escape '') and (? is null or lower(ft1_0.ref_texcotton) like lower(('%'||?||'%')) escape '' or lower(ft1_0.codigo) like lower(('%'||?||'%')) escape '' or lower(ft1_0.ref_fornecedor) like lower(('%'||?||'%')) escape '') and (? is null or lower(ft1_0.numero_pedido) like lower(('%'||?||'%')) escape '') and (? is null or lower(ft1_0.fornecedor) like lower(('%'||?||'%')) escape '') order by ft1_0.id desc
Hibernate: select c1_0.id,c1_0.nome from colecao c1_0
Hibernate: select f1_0.id,f1_0.nome from fornecedor f1_0
Hibernate: select ft1_0.colecao,count(ft1_0.id) from ficha_tecnica ft1_0 where ft1_0.colecao is not null and ft1_0.colecao<>'' group by ft1_0.colecao order by ft1_0.colecao
Hibernate: select i1_0.id,i1_0.nome from insumo i1_0
Hibernate: select ft1_0.id,ft1_0.categoria_produto,ft1_0.codigo,ft1_0.codigo_siscomex,ft1_0.colecao,ft1_0.composicao,ft1_0.contrato_cambio_adiant,ft1_0.contrato_cambio_pgto_final,ft1_0.cor,ft1_0.data_amostra_cor,ft1_0.data_amostra_producao,ft1_0.data_aprovacao_amostra_cor,ft1_0.data_aprovacao_amostra_producao,ft1_0.data_chegada_destino,ft1_0.data_colocacao_pedido,ft1_0.data_saida_origem,ft1_0.descricao,ft1_0.descricao_produto,ft1_0.duimp_di,ft1_0.estagio,ft1_0.fornecedor,ft1_0.foto_path,ft1_0.gramatura,ft1_0.largura,ft1_0.marca,ft1_0.marca_que_comprou,ft1_0.marca_que_utiliza,ft1_0.minimo,ft1_0.minimo_compra,ft1_0.ncm,ft1_0.nome_navio,ft1_0.numero_pedido,ft1_0.observacao_amostra_cor,ft1_0.observacao_amostra_producao,ft1_0.preco_reais,ft1_0.preco_usd,ft1_0.qti_pct,ft1_0.quantidade_comprada,ft1_0.ref_fornecedor,ft1_0.ref_texcotton,ft1_0.referencia,ft1_0.rendimento,ft1_0.status_amostra_cor,ft1_0.status_amostra_producao,ft1_0.status_colecao,ft1_0.status_pedido,ft1_0.tipo,ft1_0.tipo_solicitacao,ft1_0.unidade_medida from ficha_tecnica ft1_0 where ft1_0.id=?
Hibernate: select m1_0.id,m1_0.nome from marca m1_0
Hibernate: select c1_0.id,c1_0.nome from colecao c1_0
Hibernate: select f1_0.id,f1_0.nome from fornecedor f1_0
Hibernate: select c1_0.id,c1_0.nome from categoria c1_0
Hibernate: select i1_0.id,i1_0.nome from insumo i1_0
Hibernate: select ft1_0.id,ft1_0.categoria_produto,ft1_0.codigo,ft1_0.codigo_siscomex,ft1_0.colecao,ft1_0.composicao,ft1_0.contrato_cambio_adiant,ft1_0.contrato_cambio_pgto_final,ft1_0.cor,ft1_0.data_amostra_cor,ft1_0.data_amostra_producao,ft1_0.data_aprovacao_amostra_cor,ft1_0.data_aprovacao_amostra_producao,ft1_0.data_chegada_destino,ft1_0.data_colocacao_pedido,ft1_0.data_saida_origem,ft1_0.descricao,ft1_0.descricao_produto,ft1_0.duimp_di,ft1_0.estagio,ft1_0.fornecedor,ft1_0.foto_path,ft1_0.gramatura,ft1_0.largura,ft1_0.marca,ft1_0.marca_que_comprou,ft1_0.marca_que_utiliza,ft1_0.minimo,ft1_0.minimo_compra,ft1_0.ncm,ft1_0.nome_navio,ft1_0.numero_pedido,ft1_0.observacao_amostra_cor,ft1_0.observacao_amostra_producao,ft1_0.preco_reais,ft1_0.preco_usd,ft1_0.qti_pct,ft1_0.quantidade_comprada,ft1_0.ref_fornecedor,ft1_0.ref_texcotton,ft1_0.referencia,ft1_0.rendimento,ft1_0.status_amostra_cor,ft1_0.status_amostra_producao,ft1_0.status_colecao,ft1_0.status_pedido,ft1_0.tipo,ft1_0.tipo_solicitacao,ft1_0.unidade_medida from ficha_tecnica ft1_0 where ft1_0.id=?
Hibernate: update ficha_tecnica set categoria_produto=?,codigo=?,codigo_siscomex=?,colecao=?,composicao=?,contrato_cambio_adiant=?,contrato_cambio_pgto_final=?,cor=?,data_amostra_cor=?,data_amostra_producao=?,data_aprovacao_amostra_cor=?,data_aprovacao_amostra_producao=?,data_chegada_destino=?,data_colocacao_pedido=?,data_saida_origem=?,descricao=?,descricao_produto=?,duimp_di=?,estagio=?,fornecedor=?,foto_path=?,gramatura=?,largura=?,marca=?,marca_que_comprou=?,marca_que_utiliza=?,minimo=?,minimo_compra=?,ncm=?,nome_navio=?,numero_pedido=?,observacao_amostra_cor=?,observacao_amostra_producao=?,preco_reais=?,preco_usd=?,qti_pct=?,quantidade_comprada=?,ref_fornecedor=?,ref_texcotton=?,referencia=?,rendimento=?,status_amostra_cor=?,status_amostra_producao=?,status_colecao=?,status_pedido=?,tipo=?,tipo_solicitacao=?,unidade_medida=? where id=?
Hibernate: select i1_0.id,i1_0.nome from insumo i1_0
Hibernate: select ft1_0.id,ft1_0.categoria_produto,ft1_0.codigo,ft1_0.codigo_siscomex,ft1_0.colecao,ft1_0.composicao,ft1_0.contrato_cambio_adiant,ft1_0.contrato_cambio_pgto_final,ft1_0.cor,ft1_0.data_amostra_cor,ft1_0.data_amostra_producao,ft1_0.data_aprovacao_amostra_cor,ft1_0.data_aprovacao_amostra_producao,ft1_0.data_chegada_destino,ft1_0.data_colocacao_pedido,ft1_0.data_saida_origem,ft1_0.descricao,ft1_0.descricao_produto,ft1_0.duimp_di,ft1_0.estagio,ft1_0.fornecedor,ft1_0.foto_path,ft1_0.gramatura,ft1_0.largura,ft1_0.marca,ft1_0.marca_que_comprou,ft1_0.marca_que_utiliza,ft1_0.minimo,ft1_0.minimo_compra,ft1_0.ncm,ft1_0.nome_navio,ft1_0.numero_pedido,ft1_0.observacao_amostra_cor,ft1_0.observacao_amostra_producao,ft1_0.preco_reais,ft1_0.preco_usd,ft1_0.qti_pct,ft1_0.quantidade_comprada,ft1_0.ref_fornecedor,ft1_0.ref_texcotton,ft1_0.referencia,ft1_0.rendimento,ft1_0.status_amostra_cor,ft1_0.status_amostra_producao,ft1_0.status_colecao,ft1_0.status_pedido,ft1_0.tipo,ft1_0.tipo_solicitacao,ft1_0.unidade_medida from ficha_tecnica ft1_0 where (? is null or lower(ft1_0.colecao) like lower(('%'||?||'%')) escape '') and (? is null or ft1_0.tipo=?) and (? is null or ft1_0.status_pedido=?) and (? is null or ft1_0.data_colocacao_pedido>=?) and (? is null or ft1_0.data_colocacao_pedido<=?) and (? is null or lower(ft1_0.duimp_di) like lower(('%'||?||'%')) escape '') and (? is null or lower(ft1_0.contrato_cambio_adiant) like lower(('%'||?||'%')) escape '' or lower(ft1_0.contrato_cambio_pgto_final) like lower(('%'||?||'%')) escape '') and (? is null or lower(ft1_0.ref_texcotton) like lower(('%'||?||'%')) escape '' or lower(ft1_0.codigo) like lower(('%'||?||'%')) escape '' or lower(ft1_0.ref_fornecedor) like lower(('%'||?||'%')) escape '') and (? is null or lower(ft1_0.numero_pedido) like lower(('%'||?||'%')) escape '') and (? is null or lower(ft1_0.fornecedor) like lower(('%'||?||'%')) escape '') order by ft1_0.id desc
Hibernate: select c1_0.id,c1_0.nome from colecao c1_0
Hibernate: select f1_0.id,f1_0.nome from fornecedor f1_0
Hibernate: select ft1_0.colecao,count(ft1_0.id) from ficha_tecnica ft1_0 where ft1_0.colecao is not null and ft1_0.colecao<>'' group by ft1_0.colecao order by ft1_0.colecao
Hibernate: select i1_0.id,i1_0.nome from insumo i1_0
Hibernate: select ft1_0.id,ft1_0.categoria_produto,ft1_0.codigo,ft1_0.codigo_siscomex,ft1_0.colecao,ft1_0.composicao,ft1_0.contrato_cambio_adiant,ft1_0.contrato_cambio_pgto_final,ft1_0.cor,ft1_0.data_amostra_cor,ft1_0.data_amostra_producao,ft1_0.data_aprovacao_amostra_cor,ft1_0.data_aprovacao_amostra_producao,ft1_0.data_chegada_destino,ft1_0.data_colocacao_pedido,ft1_0.data_saida_origem,ft1_0.descricao,ft1_0.descricao_produto,ft1_0.duimp_di,ft1_0.estagio,ft1_0.fornecedor,ft1_0.foto_path,ft1_0.gramatura,ft1_0.largura,ft1_0.marca,ft1_0.marca_que_comprou,ft1_0.marca_que_utiliza,ft1_0.minimo,ft1_0.minimo_compra,ft1_0.ncm,ft1_0.nome_navio,ft1_0.numero_pedido,ft1_0.observacao_amostra_cor,ft1_0.observacao_amostra_producao,ft1_0.preco_reais,ft1_0.preco_usd,ft1_0.qti_pct,ft1_0.quantidade_comprada,ft1_0.ref_fornecedor,ft1_0.ref_texcotton,ft1_0.referencia,ft1_0.rendimento,ft1_0.status_amostra_cor,ft1_0.status_amostra_producao,ft1_0.status_colecao,ft1_0.status_pedido,ft1_0.tipo,ft1_0.tipo_solicitacao,ft1_0.unidade_medida from ficha_tecnica ft1_0 where ft1_0.id=?
Hibernate: select m1_0.id,m1_0.nome from marca m1_0
Hibernate: select c1_0.id,c1_0.nome from colecao c1_0
Hibernate: select f1_0.id,f1_0.nome from fornecedor f1_0
Hibernate: select c1_0.id,c1_0.nome from categoria c1_0
Hibernate: select ft1_0.id,ft1_0.categoria_produto,ft1_0.codigo,ft1_0.codigo_siscomex,ft1_0.colecao,ft1_0.composicao,ft1_0.contrato_cambio_adiant,ft1_0.contrato_cambio_pgto_final,ft1_0.cor,ft1_0.data_amostra_cor,ft1_0.data_amostra_producao,ft1_0.data_aprovacao_amostra_cor,ft1_0.data_aprovacao_amostra_producao,ft1_0.data_chegada_destino,ft1_0.data_colocacao_pedido,ft1_0.data_saida_origem,ft1_0.descricao,ft1_0.descricao_produto,ft1_0.duimp_di,ft1_0.estagio,ft1_0.fornecedor,ft1_0.foto_path,ft1_0.gramatura,ft1_0.largura,ft1_0.marca,ft1_0.marca_que_comprou,ft1_0.marca_que_utiliza,ft1_0.minimo,ft1_0.minimo_compra,ft1_0.ncm,ft1_0.nome_navio,ft1_0.numero_pedido,ft1_0.observacao_amostra_cor,ft1_0.observacao_amostra_producao,ft1_0.preco_reais,ft1_0.preco_usd,ft1_0.qti_pct,ft1_0.quantidade_comprada,ft1_0.ref_fornecedor,ft1_0.ref_texcotton,ft1_0.referencia,ft1_0.rendimento,ft1_0.status_amostra_cor,ft1_0.status_amostra_producao,ft1_0.status_colecao,ft1_0.status_pedido,ft1_0.tipo,ft1_0.tipo_solicitacao,ft1_0.unidade_medida from ficha_tecnica ft1_0
Hibernate: select m1_0.id,m1_0.nome from marca m1_0
Hibernate: select c1_0.id,c1_0.nome from colecao c1_0
Hibernate: select i1_0.id,i1_0.nome from insumo i1_0
Hibernate: select f1_0.id,f1_0.nome from fornecedor f1_0
Hibernate: select c1_0.id,c1_0.nome from categoria c1_0
Hibernate: select bn1_0.id,bn1_0.colecao,bn1_0.fornecedor,bn1_0.insumo,bn1_0.quantidade from bandeira_novidade bn1_0
Hibernate: select qp1_0.id,qp1_0.anime_aprovado,qp1_0.anime_cancelado,qp1_0.anime_cotado,qp1_0.authoria_aprovado,qp1_0.authoria_cancelado,qp1_0.authoria_cotado,qp1_0.bimbi_aprovado,qp1_0.bimbi_cancelado,qp1_0.bimbi_cotado,qp1_0.colecao,qp1_0.momi_aprovado,qp1_0.momi_cancelado,qp1_0.momi_cotado,qp1_0.tipo_solicitacao,qp1_0.youcciecancelado,qp1_0.youcciecotado,qp1_0.youcciee_aprovado from quadro_planejamento qp1_0
Hibernate: select cp1_0.id,cp1_0.colecao,cp1_0.insumo,cp1_0.marca from cadastro_previo cp1_0
2026-10-01T10:03:30.928-03:00  INFO 12700 --- [projeto] [   scheduling-1] c.e.projeto.service.CsvBackupService     : Backup CSV concluído em C:\Users\sabrina.00858\IdeaProjects\projetoMichele\backups (131 registros no total).
Hibernate: select i1_0.id,i1_0.nome from insumo i1_0
Hibernate: select ft1_0.id,ft1_0.categoria_produto,ft1_0.codigo,ft1_0.codigo_siscomex,ft1_0.colecao,ft1_0.composicao,ft1_0.contrato_cambio_adiant,ft1_0.contrato_cambio_pgto_final,ft1_0.cor,ft1_0.data_amostra_cor,ft1_0.data_amostra_producao,ft1_0.data_aprovacao_amostra_cor,ft1_0.data_aprovacao_amostra_producao,ft1_0.data_chegada_destino,ft1_0.data_colocacao_pedido,ft1_0.data_saida_origem,ft1_0.descricao,ft1_0.descricao_produto,ft1_0.duimp_di,ft1_0.estagio,ft1_0.fornecedor,ft1_0.foto_path,ft1_0.gramatura,ft1_0.largura,ft1_0.marca,ft1_0.marca_que_comprou,ft1_0.marca_que_utiliza,ft1_0.minimo,ft1_0.minimo_compra,ft1_0.ncm,ft1_0.nome_navio,ft1_0.numero_pedido,ft1_0.observacao_amostra_cor,ft1_0.observacao_amostra_producao,ft1_0.preco_reais,ft1_0.preco_usd,ft1_0.qti_pct,ft1_0.quantidade_comprada,ft1_0.ref_fornecedor,ft1_0.ref_texcotton,ft1_0.referencia,ft1_0.rendimento,ft1_0.status_amostra_cor,ft1_0.status_amostra_producao,ft1_0.status_colecao,ft1_0.status_pedido,ft1_0.tipo,ft1_0.tipo_solicitacao,ft1_0.unidade_medida from ficha_tecnica ft1_0 where ft1_0.id=?
Hibernate: update ficha_tecnica set categoria_produto=?,codigo=?,codigo_siscomex=?,colecao=?,composicao=?,contrato_cambio_adiant=?,contrato_cambio_pgto_final=?,cor=?,data_amostra_cor=?,data_amostra_producao=?,data_aprovacao_amostra_cor=?,data_aprovacao_amostra_producao=?,data_chegada_destino=?,data_colocacao_pedido=?,data_saida_origem=?,descricao=?,descricao_produto=?,duimp_di=?,estagio=?,fornecedor=?,foto_path=?,gramatura=?,largura=?,marca=?,marca_que_comprou=?,marca_que_utiliza=?,minimo=?,minimo_compra=?,ncm=?,nome_navio=?,numero_pedido=?,observacao_amostra_cor=?,observacao_amostra_producao=?,preco_reais=?,preco_usd=?,qti_pct=?,quantidade_comprada=?,ref_fornecedor=?,ref_texcotton=?,referencia=?,rendimento=?,status_amostra_cor=?,status_amostra_producao=?,status_colecao=?,status_pedido=?,tipo=?,tipo_solicitacao=?,unidade_medida=? where id=?
Hibernate: select i1_0.id,i1_0.nome from insumo i1_0
Hibernate: select ft1_0.id,ft1_0.categoria_produto,ft1_0.codigo,ft1_0.codigo_siscomex,ft1_0.colecao,ft1_0.composicao,ft1_0.contrato_cambio_adiant,ft1_0.contrato_cambio_pgto_final,ft1_0.cor,ft1_0.data_amostra_cor,ft1_0.data_amostra_producao,ft1_0.data_aprovacao_amostra_cor,ft1_0.data_aprovacao_amostra_producao,ft1_0.data_chegada_destino,ft1_0.data_colocacao_pedido,ft1_0.data_saida_origem,ft1_0.descricao,ft1_0.descricao_produto,ft1_0.duimp_di,ft1_0.estagio,ft1_0.fornecedor,ft1_0.foto_path,ft1_0.gramatura,ft1_0.largura,ft1_0.marca,ft1_0.marca_que_comprou,ft1_0.marca_que_utiliza,ft1_0.minimo,ft1_0.minimo_compra,ft1_0.ncm,ft1_0.nome_navio,ft1_0.numero_pedido,ft1_0.observacao_amostra_cor,ft1_0.observacao_amostra_producao,ft1_0.preco_reais,ft1_0.preco_usd,ft1_0.qti_pct,ft1_0.quantidade_comprada,ft1_0.ref_fornecedor,ft1_0.ref_texcotton,ft1_0.referencia,ft1_0.rendimento,ft1_0.status_amostra_cor,ft1_0.status_amostra_producao,ft1_0.status_colecao,ft1_0.status_pedido,ft1_0.tipo,ft1_0.tipo_solicitacao,ft1_0.unidade_medida from ficha_tecnica ft1_0 where (? is null or lower(ft1_0.colecao) like lower(('%'||?||'%')) escape '') and (? is null or ft1_0.tipo=?) and (? is null or ft1_0.status_pedido=?) and (? is null or ft1_0.data_colocacao_pedido>=?) and (? is null or ft1_0.data_colocacao_pedido<=?) and (? is null or lower(ft1_0.duimp_di) like lower(('%'||?||'%')) escape '') and (? is null or lower(ft1_0.contrato_cambio_adiant) like lower(('%'||?||'%')) escape '' or lower(ft1_0.contrato_cambio_pgto_final) like lower(('%'||?||'%')) escape '') and (? is null or lower(ft1_0.ref_texcotton) like lower(('%'||?||'%')) escape '' or lower(ft1_0.codigo) like lower(('%'||?||'%')) escape '' or lower(ft1_0.ref_fornecedor) like lower(('%'||?||'%')) escape '') and (? is null or lower(ft1_0.numero_pedido) like lower(('%'||?||'%')) escape '') and (? is null or lower(ft1_0.fornecedor) like lower(('%'||?||'%')) escape '') order by ft1_0.id desc
Hibernate: select c1_0.id,c1_0.nome from colecao c1_0
Hibernate: select f1_0.id,f1_0.nome from fornecedor f1_0
Hibernate: select ft1_0.colecao,count(ft1_0.id) from ficha_tecnica ft1_0 where ft1_0.colecao is not null and ft1_0.colecao<>'' group by ft1_0.colecao order by ft1_0.colecao
Hibernate: select i1_0.id,i1_0.nome from insumo i1_0
Hibernate: select ft1_0.id,ft1_0.categoria_produto,ft1_0.codigo,ft1_0.codigo_siscomex,ft1_0.colecao,ft1_0.composicao,ft1_0.contrato_cambio_adiant,ft1_0.contrato_cambio_pgto_final,ft1_0.cor,ft1_0.data_amostra_cor,ft1_0.data_amostra_producao,ft1_0.data_aprovacao_amostra_cor,ft1_0.data_aprovacao_amostra_producao,ft1_0.data_chegada_destino,ft1_0.data_colocacao_pedido,ft1_0.data_saida_origem,ft1_0.descricao,ft1_0.descricao_produto,ft1_0.duimp_di,ft1_0.estagio,ft1_0.fornecedor,ft1_0.foto_path,ft1_0.gramatura,ft1_0.largura,ft1_0.marca,ft1_0.marca_que_comprou,ft1_0.marca_que_utiliza,ft1_0.minimo,ft1_0.minimo_compra,ft1_0.ncm,ft1_0.nome_navio,ft1_0.numero_pedido,ft1_0.observacao_amostra_cor,ft1_0.observacao_amostra_producao,ft1_0.preco_reais,ft1_0.preco_usd,ft1_0.qti_pct,ft1_0.quantidade_comprada,ft1_0.ref_fornecedor,ft1_0.ref_texcotton,ft1_0.referencia,ft1_0.rendimento,ft1_0.status_amostra_cor,ft1_0.status_amostra_producao,ft1_0.status_colecao,ft1_0.status_pedido,ft1_0.tipo,ft1_0.tipo_solicitacao,ft1_0.unidade_medida from ficha_tecnica ft1_0 where ft1_0.id=?
Hibernate: select m1_0.id,m1_0.nome from marca m1_0
Hibernate: select c1_0.id,c1_0.nome from colecao c1_0
Hibernate: select f1_0.id,f1_0.nome from fornecedor f1_0
Hibernate: select c1_0.id,c1_0.nome from categoria c1_0
Hibernate: select i1_0.id,i1_0.nome from insumo i1_0
Hibernate: select ft1_0.id,ft1_0.categoria_produto,ft1_0.codigo,ft1_0.codigo_siscomex,ft1_0.colecao,ft1_0.composicao,ft1_0.contrato_cambio_adiant,ft1_0.contrato_cambio_pgto_final,ft1_0.cor,ft1_0.data_amostra_cor,ft1_0.data_amostra_producao,ft1_0.data_aprovacao_amostra_cor,ft1_0.data_aprovacao_amostra_producao,ft1_0.data_chegada_destino,ft1_0.data_colocacao_pedido,ft1_0.data_saida_origem,ft1_0.descricao,ft1_0.descricao_produto,ft1_0.duimp_di,ft1_0.estagio,ft1_0.fornecedor,ft1_0.foto_path,ft1_0.gramatura,ft1_0.largura,ft1_0.marca,ft1_0.marca_que_comprou,ft1_0.marca_que_utiliza,ft1_0.minimo,ft1_0.minimo_compra,ft1_0.ncm,ft1_0.nome_navio,ft1_0.numero_pedido,ft1_0.observacao_amostra_cor,ft1_0.observacao_amostra_producao,ft1_0.preco_reais,ft1_0.preco_usd,ft1_0.qti_pct,ft1_0.quantidade_comprada,ft1_0.ref_fornecedor,ft1_0.ref_texcotton,ft1_0.referencia,ft1_0.rendimento,ft1_0.status_amostra_cor,ft1_0.status_amostra_producao,ft1_0.status_colecao,ft1_0.status_pedido,ft1_0.tipo,ft1_0.tipo_solicitacao,ft1_0.unidade_medida from ficha_tecnica ft1_0 where ft1_0.id=?
Hibernate: update ficha_tecnica set categoria_produto=?,codigo=?,codigo_siscomex=?,colecao=?,composicao=?,contrato_cambio_adiant=?,contrato_cambio_pgto_final=?,cor=?,data_amostra_cor=?,data_amostra_producao=?,data_aprovacao_amostra_cor=?,data_aprovacao_amostra_producao=?,data_chegada_destino=?,data_colocacao_pedido=?,data_saida_origem=?,descricao=?,descricao_produto=?,duimp_di=?,estagio=?,fornecedor=?,foto_path=?,gramatura=?,largura=?,marca=?,marca_que_comprou=?,marca_que_utiliza=?,minimo=?,minimo_compra=?,ncm=?,nome_navio=?,numero_pedido=?,observacao_amostra_cor=?,observacao_amostra_producao=?,preco_reais=?,preco_usd=?,qti_pct=?,quantidade_comprada=?,ref_fornecedor=?,ref_texcotton=?,referencia=?,rendimento=?,status_amostra_cor=?,status_amostra_producao=?,status_colecao=?,status_pedido=?,tipo=?,tipo_solicitacao=?,unidade_medida=? where id=?
Hibernate: select i1_0.id,i1_0.nome from insumo i1_0
Hibernate: select ft1_0.id,ft1_0.categoria_produto,ft1_0.codigo,ft1_0.codigo_siscomex,ft1_0.colecao,ft1_0.composicao,ft1_0.contrato_cambio_adiant,ft1_0.contrato_cambio_pgto_final,ft1_0.cor,ft1_0.data_amostra_cor,ft1_0.data_amostra_producao,ft1_0.data_aprovacao_amostra_cor,ft1_0.data_aprovacao_amostra_producao,ft1_0.data_chegada_destino,ft1_0.data_colocacao_pedido,ft1_0.data_saida_origem,ft1_0.descricao,ft1_0.descricao_produto,ft1_0.duimp_di,ft1_0.estagio,ft1_0.fornecedor,ft1_0.foto_path,ft1_0.gramatura,ft1_0.largura,ft1_0.marca,ft1_0.marca_que_comprou,ft1_0.marca_que_utiliza,ft1_0.minimo,ft1_0.minimo_compra,ft1_0.ncm,ft1_0.nome_navio,ft1_0.numero_pedido,ft1_0.observacao_amostra_cor,ft1_0.observacao_amostra_producao,ft1_0.preco_reais,ft1_0.preco_usd,ft1_0.qti_pct,ft1_0.quantidade_comprada,ft1_0.ref_fornecedor,ft1_0.ref_texcotton,ft1_0.referencia,ft1_0.rendimento,ft1_0.status_amostra_cor,ft1_0.status_amostra_producao,ft1_0.status_colecao,ft1_0.status_pedido,ft1_0.tipo,ft1_0.tipo_solicitacao,ft1_0.unidade_medida from ficha_tecnica ft1_0 where (? is null or lower(ft1_0.colecao) like lower(('%'||?||'%')) escape '') and (? is null or ft1_0.tipo=?) and (? is null or ft1_0.status_pedido=?) and (? is null or ft1_0.data_colocacao_pedido>=?) and (? is null or ft1_0.data_colocacao_pedido<=?) and (? is null or lower(ft1_0.duimp_di) like lower(('%'||?||'%')) escape '') and (? is null or lower(ft1_0.contrato_cambio_adiant) like lower(('%'||?||'%')) escape '' or lower(ft1_0.contrato_cambio_pgto_final) like lower(('%'||?||'%')) escape '') and (? is null or lower(ft1_0.ref_texcotton) like lower(('%'||?||'%')) escape '' or lower(ft1_0.codigo) like lower(('%'||?||'%')) escape '' or lower(ft1_0.ref_fornecedor) like lower(('%'||?||'%')) escape '') and (? is null or lower(ft1_0.numero_pedido) like lower(('%'||?||'%')) escape '') and (? is null or lower(ft1_0.fornecedor) like lower(('%'||?||'%')) escape '') order by ft1_0.id desc
Hibernate: select c1_0.id,c1_0.nome from colecao c1_0
Hibernate: select f1_0.id,f1_0.nome from fornecedor f1_0
Hibernate: select ft1_0.colecao,count(ft1_0.id) from ficha_tecnica ft1_0 where ft1_0.colecao is not null and ft1_0.colecao<>'' group by ft1_0.colecao order by ft1_0.colecao
Hibernate: select i1_0.id,i1_0.nome from insumo i1_0
Hibernate: select ft1_0.id,ft1_0.categoria_produto,ft1_0.codigo,ft1_0.codigo_siscomex,ft1_0.colecao,ft1_0.composicao,ft1_0.contrato_cambio_adiant,ft1_0.contrato_cambio_pgto_final,ft1_0.cor,ft1_0.data_amostra_cor,ft1_0.data_amostra_producao,ft1_0.data_aprovacao_amostra_cor,ft1_0.data_aprovacao_amostra_producao,ft1_0.data_chegada_destino,ft1_0.data_colocacao_pedido,ft1_0.data_saida_origem,ft1_0.descricao,ft1_0.descricao_produto,ft1_0.duimp_di,ft1_0.estagio,ft1_0.fornecedor,ft1_0.foto_path,ft1_0.gramatura,ft1_0.largura,ft1_0.marca,ft1_0.marca_que_comprou,ft1_0.marca_que_utiliza,ft1_0.minimo,ft1_0.minimo_compra,ft1_0.ncm,ft1_0.nome_navio,ft1_0.numero_pedido,ft1_0.observacao_amostra_cor,ft1_0.observacao_amostra_producao,ft1_0.preco_reais,ft1_0.preco_usd,ft1_0.qti_pct,ft1_0.quantidade_comprada,ft1_0.ref_fornecedor,ft1_0.ref_texcotton,ft1_0.referencia,ft1_0.rendimento,ft1_0.status_amostra_cor,ft1_0.status_amostra_producao,ft1_0.status_colecao,ft1_0.status_pedido,ft1_0.tipo,ft1_0.tipo_solicitacao,ft1_0.unidade_medida from ficha_tecnica ft1_0 where ft1_0.id=?
Hibernate: select m1_0.id,m1_0.nome from marca m1_0
Hibernate: select c1_0.id,c1_0.nome from colecao c1_0
Hibernate: select f1_0.id,f1_0.nome from fornecedor f1_0
Hibernate: select c1_0.id,c1_0.nome from categoria c1_0
Hibernate: select i1_0.id,i1_0.nome from insumo i1_0
Hibernate: select ft1_0.id,ft1_0.categoria_produto,ft1_0.codigo,ft1_0.codigo_siscomex,ft1_0.colecao,ft1_0.composicao,ft1_0.contrato_cambio_adiant,ft1_0.contrato_cambio_pgto_final,ft1_0.cor,ft1_0.data_amostra_cor,ft1_0.data_amostra_producao,ft1_0.data_aprovacao_amostra_cor,ft1_0.data_aprovacao_amostra_producao,ft1_0.data_chegada_destino,ft1_0.data_colocacao_pedido,ft1_0.data_saida_origem,ft1_0.descricao,ft1_0.descricao_produto,ft1_0.duimp_di,ft1_0.estagio,ft1_0.fornecedor,ft1_0.foto_path,ft1_0.gramatura,ft1_0.largura,ft1_0.marca,ft1_0.marca_que_comprou,ft1_0.marca_que_utiliza,ft1_0.minimo,ft1_0.minimo_compra,ft1_0.ncm,ft1_0.nome_navio,ft1_0.numero_pedido,ft1_0.observacao_amostra_cor,ft1_0.observacao_amostra_producao,ft1_0.preco_reais,ft1_0.preco_usd,ft1_0.qti_pct,ft1_0.quantidade_comprada,ft1_0.ref_fornecedor,ft1_0.ref_texcotton,ft1_0.referencia,ft1_0.rendimento,ft1_0.status_amostra_cor,ft1_0.status_amostra_producao,ft1_0.status_colecao,ft1_0.status_pedido,ft1_0.tipo,ft1_0.tipo_solicitacao,ft1_0.unidade_medida from ficha_tecnica ft1_0 where ft1_0.id=?
Hibernate: update ficha_tecnica set categoria_produto=?,codigo=?,codigo_siscomex=?,colecao=?,composicao=?,contrato_cambio_adiant=?,contrato_cambio_pgto_final=?,cor=?,data_amostra_cor=?,data_amostra_producao=?,data_aprovacao_amostra_cor=?,data_aprovacao_amostra_producao=?,data_chegada_destino=?,data_colocacao_pedido=?,data_saida_origem=?,descricao=?,descricao_produto=?,duimp_di=?,estagio=?,fornecedor=?,foto_path=?,gramatura=?,largura=?,marca=?,marca_que_comprou=?,marca_que_utiliza=?,minimo=?,minimo_compra=?,ncm=?,nome_navio=?,numero_pedido=?,observacao_amostra_cor=?,observacao_amostra_producao=?,preco_reais=?,preco_usd=?,qti_pct=?,quantidade_comprada=?,ref_fornecedor=?,ref_texcotton=?,referencia=?,rendimento=?,status_amostra_cor=?,status_amostra_producao=?,status_colecao=?,status_pedido=?,tipo=?,tipo_solicitacao=?,unidade_medida=? where id=?
Hibernate: select i1_0.id,i1_0.nome from insumo i1_0
Hibernate: select ft1_0.id,ft1_0.categoria_produto,ft1_0.codigo,ft1_0.codigo_siscomex,ft1_0.colecao,ft1_0.composicao,ft1_0.contrato_cambio_adiant,ft1_0.contrato_cambio_pgto_final,ft1_0.cor,ft1_0.data_amostra_cor,ft1_0.data_amostra_producao,ft1_0.data_aprovacao_amostra_cor,ft1_0.data_aprovacao_amostra_producao,ft1_0.data_chegada_destino,ft1_0.data_colocacao_pedido,ft1_0.data_saida_origem,ft1_0.descricao,ft1_0.descricao_produto,ft1_0.duimp_di,ft1_0.estagio,ft1_0.fornecedor,ft1_0.foto_path,ft1_0.gramatura,ft1_0.largura,ft1_0.marca,ft1_0.marca_que_comprou,ft1_0.marca_que_utiliza,ft1_0.minimo,ft1_0.minimo_compra,ft1_0.ncm,ft1_0.nome_navio,ft1_0.numero_pedido,ft1_0.observacao_amostra_cor,ft1_0.observacao_amostra_producao,ft1_0.preco_reais,ft1_0.preco_usd,ft1_0.qti_pct,ft1_0.quantidade_comprada,ft1_0.ref_fornecedor,ft1_0.ref_texcotton,ft1_0.referencia,ft1_0.rendimento,ft1_0.status_amostra_cor,ft1_0.status_amostra_producao,ft1_0.status_colecao,ft1_0.status_pedido,ft1_0.tipo,ft1_0.tipo_solicitacao,ft1_0.unidade_medida from ficha_tecnica ft1_0 where (? is null or lower(ft1_0.colecao) like lower(('%'||?||'%')) escape '') and (? is null or ft1_0.tipo=?) and (? is null or ft1_0.status_pedido=?) and (? is null or ft1_0.data_colocacao_pedido>=?) and (? is null or ft1_0.data_colocacao_pedido<=?) and (? is null or lower(ft1_0.duimp_di) like lower(('%'||?||'%')) escape '') and (? is null or lower(ft1_0.contrato_cambio_adiant) like lower(('%'||?||'%')) escape '' or lower(ft1_0.contrato_cambio_pgto_final) like lower(('%'||?||'%')) escape '') and (? is null or lower(ft1_0.ref_texcotton) like lower(('%'||?||'%')) escape '' or lower(ft1_0.codigo) like lower(('%'||?||'%')) escape '' or lower(ft1_0.ref_fornecedor) like lower(('%'||?||'%')) escape '') and (? is null or lower(ft1_0.numero_pedido) like lower(('%'||?||'%')) escape '') and (? is null or lower(ft1_0.fornecedor) like lower(('%'||?||'%')) escape '') order by ft1_0.id desc
Hibernate: select c1_0.id,c1_0.nome from colecao c1_0
Hibernate: select f1_0.id,f1_0.nome from fornecedor f1_0
Hibernate: select ft1_0.colecao,count(ft1_0.id) from ficha_tecnica ft1_0 where ft1_0.colecao is not null and ft1_0.colecao<>'' group by ft1_0.colecao order by ft1_0.colecao
Hibernate: select i1_0.id,i1_0.nome from insumo i1_0
Hibernate: select ft1_0.id,ft1_0.categoria_produto,ft1_0.codigo,ft1_0.codigo_siscomex,ft1_0.colecao,ft1_0.composicao,ft1_0.contrato_cambio_adiant,ft1_0.contrato_cambio_pgto_final,ft1_0.cor,ft1_0.data_amostra_cor,ft1_0.data_amostra_producao,ft1_0.data_aprovacao_amostra_cor,ft1_0.data_aprovacao_amostra_producao,ft1_0.data_chegada_destino,ft1_0.data_colocacao_pedido,ft1_0.data_saida_origem,ft1_0.descricao,ft1_0.descricao_produto,ft1_0.duimp_di,ft1_0.estagio,ft1_0.fornecedor,ft1_0.foto_path,ft1_0.gramatura,ft1_0.largura,ft1_0.marca,ft1_0.marca_que_comprou,ft1_0.marca_que_utiliza,ft1_0.minimo,ft1_0.minimo_compra,ft1_0.ncm,ft1_0.nome_navio,ft1_0.numero_pedido,ft1_0.observacao_amostra_cor,ft1_0.observacao_amostra_producao,ft1_0.preco_reais,ft1_0.preco_usd,ft1_0.qti_pct,ft1_0.quantidade_comprada,ft1_0.ref_fornecedor,ft1_0.ref_texcotton,ft1_0.referencia,ft1_0.rendimento,ft1_0.status_amostra_cor,ft1_0.status_amostra_producao,ft1_0.status_colecao,ft1_0.status_pedido,ft1_0.tipo,ft1_0.tipo_solicitacao,ft1_0.unidade_medida from ficha_tecnica ft1_0 where ft1_0.id=?
Hibernate: select m1_0.id,m1_0.nome from marca m1_0
Hibernate: select c1_0.id,c1_0.nome from colecao c1_0
Hibernate: select f1_0.id,f1_0.nome from fornecedor f1_0
Hibernate: select c1_0.id,c1_0.nome from categoria c1_0
Hibernate: select i1_0.id,i1_0.nome from insumo i1_0
Hibernate: select ft1_0.id,ft1_0.categoria_produto,ft1_0.codigo,ft1_0.codigo_siscomex,ft1_0.colecao,ft1_0.composicao,ft1_0.contrato_cambio_adiant,ft1_0.contrato_cambio_pgto_final,ft1_0.cor,ft1_0.data_amostra_cor,ft1_0.data_amostra_producao,ft1_0.data_aprovacao_amostra_cor,ft1_0.data_aprovacao_amostra_producao,ft1_0.data_chegada_destino,ft1_0.data_colocacao_pedido,ft1_0.data_saida_origem,ft1_0.descricao,ft1_0.descricao_produto,ft1_0.duimp_di,ft1_0.estagio,ft1_0.fornecedor,ft1_0.foto_path,ft1_0.gramatura,ft1_0.largura,ft1_0.marca,ft1_0.marca_que_comprou,ft1_0.marca_que_utiliza,ft1_0.minimo,ft1_0.minimo_compra,ft1_0.ncm,ft1_0.nome_navio,ft1_0.numero_pedido,ft1_0.observacao_amostra_cor,ft1_0.observacao_amostra_producao,ft1_0.preco_reais,ft1_0.preco_usd,ft1_0.qti_pct,ft1_0.quantidade_comprada,ft1_0.ref_fornecedor,ft1_0.ref_texcotton,ft1_0.referencia,ft1_0.rendimento,ft1_0.status_amostra_cor,ft1_0.status_amostra_producao,ft1_0.status_colecao,ft1_0.status_pedido,ft1_0.tipo,ft1_0.tipo_solicitacao,ft1_0.unidade_medida from ficha_tecnica ft1_0 where ft1_0.id=?
Hibernate: update ficha_tecnica set categoria_produto=?,codigo=?,codigo_siscomex=?,colecao=?,composicao=?,contrato_cambio_adiant=?,contrato_cambio_pgto_final=?,cor=?,data_amostra_cor=?,data_amostra_producao=?,data_aprovacao_amostra_cor=?,data_aprovacao_amostra_producao=?,data_chegada_destino=?,data_colocacao_pedido=?,data_saida_origem=?,descricao=?,descricao_produto=?,duimp_di=?,estagio=?,fornecedor=?,foto_path=?,gramatura=?,largura=?,marca=?,marca_que_comprou=?,marca_que_utiliza=?,minimo=?,minimo_compra=?,ncm=?,nome_navio=?,numero_pedido=?,observacao_amostra_cor=?,observacao_amostra_producao=?,preco_reais=?,preco_usd=?,qti_pct=?,quantidade_comprada=?,ref_fornecedor=?,ref_texcotton=?,referencia=?,rendimento=?,status_amostra_cor=?,status_amostra_producao=?,status_colecao=?,status_pedido=?,tipo=?,tipo_solicitacao=?,unidade_medida=? where id=?
Hibernate: select i1_0.id,i1_0.nome from insumo i1_0
Hibernate: select ft1_0.id,ft1_0.categoria_produto,ft1_0.codigo,ft1_0.codigo_siscomex,ft1_0.colecao,ft1_0.composicao,ft1_0.contrato_cambio_adiant,ft1_0.contrato_cambio_pgto_final,ft1_0.cor,ft1_0.data_amostra_cor,ft1_0.data_amostra_producao,ft1_0.data_aprovacao_amostra_cor,ft1_0.data_aprovacao_amostra_producao,ft1_0.data_chegada_destino,ft1_0.data_colocacao_pedido,ft1_0.data_saida_origem,ft1_0.descricao,ft1_0.descricao_produto,ft1_0.duimp_di,ft1_0.estagio,ft1_0.fornecedor,ft1_0.foto_path,ft1_0.gramatura,ft1_0.largura,ft1_0.marca,ft1_0.marca_que_comprou,ft1_0.marca_que_utiliza,ft1_0.minimo,ft1_0.minimo_compra,ft1_0.ncm,ft1_0.nome_navio,ft1_0.numero_pedido,ft1_0.observacao_amostra_cor,ft1_0.observacao_amostra_producao,ft1_0.preco_reais,ft1_0.preco_usd,ft1_0.qti_pct,ft1_0.quantidade_comprada,ft1_0.ref_fornecedor,ft1_0.ref_texcotton,ft1_0.referencia,ft1_0.rendimento,ft1_0.status_amostra_cor,ft1_0.status_amostra_producao,ft1_0.status_colecao,ft1_0.status_pedido,ft1_0.tipo,ft1_0.tipo_solicitacao,ft1_0.unidade_medida from ficha_tecnica ft1_0 where (? is null or lower(ft1_0.colecao) like lower(('%'||?||'%')) escape '') and (? is null or ft1_0.tipo=?) and (? is null or ft1_0.status_pedido=?) and (? is null or ft1_0.data_colocacao_pedido>=?) and (? is null or ft1_0.data_colocacao_pedido<=?) and (? is null or lower(ft1_0.duimp_di) like lower(('%'||?||'%')) escape '') and (? is null or lower(ft1_0.contrato_cambio_adiant) like lower(('%'||?||'%')) escape '' or lower(ft1_0.contrato_cambio_pgto_final) like lower(('%'||?||'%')) escape '') and (? is null or lower(ft1_0.ref_texcotton) like lower(('%'||?||'%')) escape '' or lower(ft1_0.codigo) like lower(('%'||?||'%')) escape '' or lower(ft1_0.ref_fornecedor) like lower(('%'||?||'%')) escape '') and (? is null or lower(ft1_0.numero_pedido) like lower(('%'||?||'%')) escape '') and (? is null or lower(ft1_0.fornecedor) like lower(('%'||?||'%')) escape '') order by ft1_0.id desc
Hibernate: select c1_0.id,c1_0.nome from colecao c1_0
Hibernate: select f1_0.id,f1_0.nome from fornecedor f1_0
Hibernate: select ft1_0.colecao,count(ft1_0.id) from ficha_tecnica ft1_0 where ft1_0.colecao is not null and ft1_0.colecao<>'' group by ft1_0.colecao order by ft1_0.colecao
Hibernate: select i1_0.id,i1_0.nome from insumo i1_0
Hibernate: select ft1_0.id,ft1_0.categoria_produto,ft1_0.codigo,ft1_0.codigo_siscomex,ft1_0.colecao,ft1_0.composicao,ft1_0.contrato_cambio_adiant,ft1_0.contrato_cambio_pgto_final,ft1_0.cor,ft1_0.data_amostra_cor,ft1_0.data_amostra_producao,ft1_0.data_aprovacao_amostra_cor,ft1_0.data_aprovacao_amostra_producao,ft1_0.data_chegada_destino,ft1_0.data_colocacao_pedido,ft1_0.data_saida_origem,ft1_0.descricao,ft1_0.descricao_produto,ft1_0.duimp_di,ft1_0.estagio,ft1_0.fornecedor,ft1_0.foto_path,ft1_0.gramatura,ft1_0.largura,ft1_0.marca,ft1_0.marca_que_comprou,ft1_0.marca_que_utiliza,ft1_0.minimo,ft1_0.minimo_compra,ft1_0.ncm,ft1_0.nome_navio,ft1_0.numero_pedido,ft1_0.observacao_amostra_cor,ft1_0.observacao_amostra_producao,ft1_0.preco_reais,ft1_0.preco_usd,ft1_0.qti_pct,ft1_0.quantidade_comprada,ft1_0.ref_fornecedor,ft1_0.ref_texcotton,ft1_0.referencia,ft1_0.rendimento,ft1_0.status_amostra_cor,ft1_0.status_amostra_producao,ft1_0.status_colecao,ft1_0.status_pedido,ft1_0.tipo,ft1_0.tipo_solicitacao,ft1_0.unidade_medida from ficha_tecnica ft1_0 where (? is null or lower(ft1_0.colecao) like lower(('%'||?||'%')) escape '') and (? is null or ft1_0.tipo=?) and (? is null or ft1_0.status_pedido=?) and (? is null or ft1_0.data_colocacao_pedido>=?) and (? is null or ft1_0.data_colocacao_pedido<=?) and (? is null or lower(ft1_0.duimp_di) like lower(('%'||?||'%')) escape '') and (? is null or lower(ft1_0.contrato_cambio_adiant) like lower(('%'||?||'%')) escape '' or lower(ft1_0.contrato_cambio_pgto_final) like lower(('%'||?||'%')) escape '') and (? is null or lower(ft1_0.ref_texcotton) like lower(('%'||?||'%')) escape '' or lower(ft1_0.codigo) like lower(('%'||?||'%')) escape '' or lower(ft1_0.ref_fornecedor) like lower(('%'||?||'%')) escape '') and (? is null or lower(ft1_0.numero_pedido) like lower(('%'||?||'%')) escape '') and (? is null or lower(ft1_0.fornecedor) like lower(('%'||?||'%')) escape '') order by ft1_0.id desc
Hibernate: select c1_0.id,c1_0.nome from colecao c1_0
Hibernate: select f1_0.id,f1_0.nome from fornecedor f1_0
Hibernate: select ft1_0.colecao,count(ft1_0.id) from ficha_tecnica ft1_0 where ft1_0.colecao is not null and ft1_0.colecao<>'' group by ft1_0.colecao order by ft1_0.colecao
Hibernate: select i1_0.id,i1_0.nome from insumo i1_0
Hibernate: select ft1_0.id,ft1_0.categoria_produto,ft1_0.codigo,ft1_0.codigo_siscomex,ft1_0.colecao,ft1_0.composicao,ft1_0.contrato_cambio_adiant,ft1_0.contrato_cambio_pgto_final,ft1_0.cor,ft1_0.data_amostra_cor,ft1_0.data_amostra_producao,ft1_0.data_aprovacao_amostra_cor,ft1_0.data_aprovacao_amostra_producao,ft1_0.data_chegada_destino,ft1_0.data_colocacao_pedido,ft1_0.data_saida_origem,ft1_0.descricao,ft1_0.descricao_produto,ft1_0.duimp_di,ft1_0.estagio,ft1_0.fornecedor,ft1_0.foto_path,ft1_0.gramatura,ft1_0.largura,ft1_0.marca,ft1_0.marca_que_comprou,ft1_0.marca_que_utiliza,ft1_0.minimo,ft1_0.minimo_compra,ft1_0.ncm,ft1_0.nome_navio,ft1_0.numero_pedido,ft1_0.observacao_amostra_cor,ft1_0.observacao_amostra_producao,ft1_0.preco_reais,ft1_0.preco_usd,ft1_0.qti_pct,ft1_0.quantidade_comprada,ft1_0.ref_fornecedor,ft1_0.ref_texcotton,ft1_0.referencia,ft1_0.rendimento,ft1_0.status_amostra_cor,ft1_0.status_amostra_producao,ft1_0.status_colecao,ft1_0.status_pedido,ft1_0.tipo,ft1_0.tipo_solicitacao,ft1_0.unidade_medida from ficha_tecnica ft1_0 where ft1_0.id=?
Hibernate: select m1_0.id,m1_0.nome from marca m1_0
Hibernate: select c1_0.id,c1_0.nome from colecao c1_0
Hibernate: select f1_0.id,f1_0.nome from fornecedor f1_0
Hibernate: select c1_0.id,c1_0.nome from categoria c1_0
Hibernate: select i1_0.id,i1_0.nome from insumo i1_0
Hibernate: select ft1_0.id,ft1_0.categoria_produto,ft1_0.codigo,ft1_0.codigo_siscomex,ft1_0.colecao,ft1_0.composicao,ft1_0.contrato_cambio_adiant,ft1_0.contrato_cambio_pgto_final,ft1_0.cor,ft1_0.data_amostra_cor,ft1_0.data_amostra_producao,ft1_0.data_aprovacao_amostra_cor,ft1_0.data_aprovacao_amostra_producao,ft1_0.data_chegada_destino,ft1_0.data_colocacao_pedido,ft1_0.data_saida_origem,ft1_0.descricao,ft1_0.descricao_produto,ft1_0.duimp_di,ft1_0.estagio,ft1_0.fornecedor,ft1_0.foto_path,ft1_0.gramatura,ft1_0.largura,ft1_0.marca,ft1_0.marca_que_comprou,ft1_0.marca_que_utiliza,ft1_0.minimo,ft1_0.minimo_compra,ft1_0.ncm,ft1_0.nome_navio,ft1_0.numero_pedido,ft1_0.observacao_amostra_cor,ft1_0.observacao_amostra_producao,ft1_0.preco_reais,ft1_0.preco_usd,ft1_0.qti_pct,ft1_0.quantidade_comprada,ft1_0.ref_fornecedor,ft1_0.ref_texcotton,ft1_0.referencia,ft1_0.rendimento,ft1_0.status_amostra_cor,ft1_0.status_amostra_producao,ft1_0.status_colecao,ft1_0.status_pedido,ft1_0.tipo,ft1_0.tipo_solicitacao,ft1_0.unidade_medida from ficha_tecnica ft1_0 where ft1_0.id=?
Hibernate: update ficha_tecnica set categoria_produto=?,codigo=?,codigo_siscomex=?,colecao=?,composicao=?,contrato_cambio_adiant=?,contrato_cambio_pgto_final=?,cor=?,data_amostra_cor=?,data_amostra_producao=?,data_aprovacao_amostra_cor=?,data_aprovacao_amostra_producao=?,data_chegada_destino=?,data_colocacao_pedido=?,data_saida_origem=?,descricao=?,descricao_produto=?,duimp_di=?,estagio=?,fornecedor=?,foto_path=?,gramatura=?,largura=?,marca=?,marca_que_comprou=?,marca_que_utiliza=?,minimo=?,minimo_compra=?,ncm=?,nome_navio=?,numero_pedido=?,observacao_amostra_cor=?,observacao_amostra_producao=?,preco_reais=?,preco_usd=?,qti_pct=?,quantidade_comprada=?,ref_fornecedor=?,ref_texcotton=?,referencia=?,rendimento=?,status_amostra_cor=?,status_amostra_producao=?,status_colecao=?,status_pedido=?,tipo=?,tipo_solicitacao=?,unidade_medida=? where id=?
Hibernate: select i1_0.id,i1_0.nome from insumo i1_0
Hibernate: select ft1_0.id,ft1_0.categoria_produto,ft1_0.codigo,ft1_0.codigo_siscomex,ft1_0.colecao,ft1_0.composicao,ft1_0.contrato_cambio_adiant,ft1_0.contrato_cambio_pgto_final,ft1_0.cor,ft1_0.data_amostra_cor,ft1_0.data_amostra_producao,ft1_0.data_aprovacao_amostra_cor,ft1_0.data_aprovacao_amostra_producao,ft1_0.data_chegada_destino,ft1_0.data_colocacao_pedido,ft1_0.data_saida_origem,ft1_0.descricao,ft1_0.descricao_produto,ft1_0.duimp_di,ft1_0.estagio,ft1_0.fornecedor,ft1_0.foto_path,ft1_0.gramatura,ft1_0.largura,ft1_0.marca,ft1_0.marca_que_comprou,ft1_0.marca_que_utiliza,ft1_0.minimo,ft1_0.minimo_compra,ft1_0.ncm,ft1_0.nome_navio,ft1_0.numero_pedido,ft1_0.observacao_amostra_cor,ft1_0.observacao_amostra_producao,ft1_0.preco_reais,ft1_0.preco_usd,ft1_0.qti_pct,ft1_0.quantidade_comprada,ft1_0.ref_fornecedor,ft1_0.ref_texcotton,ft1_0.referencia,ft1_0.rendimento,ft1_0.status_amostra_cor,ft1_0.status_amostra_producao,ft1_0.status_colecao,ft1_0.status_pedido,ft1_0.tipo,ft1_0.tipo_solicitacao,ft1_0.unidade_medida from ficha_tecnica ft1_0 where (? is null or lower(ft1_0.colecao) like lower(('%'||?||'%')) escape '') and (? is null or ft1_0.tipo=?) and (? is null or ft1_0.status_pedido=?) and (? is null or ft1_0.data_colocacao_pedido>=?) and (? is null or ft1_0.data_colocacao_pedido<=?) and (? is null or lower(ft1_0.duimp_di) like lower(('%'||?||'%')) escape '') and (? is null or lower(ft1_0.contrato_cambio_adiant) like lower(('%'||?||'%')) escape '' or lower(ft1_0.contrato_cambio_pgto_final) like lower(('%'||?||'%')) escape '') and (? is null or lower(ft1_0.ref_texcotton) like lower(('%'||?||'%')) escape '' or lower(ft1_0.codigo) like lower(('%'||?||'%')) escape '' or lower(ft1_0.ref_fornecedor) like lower(('%'||?||'%')) escape '') and (? is null or lower(ft1_0.numero_pedido) like lower(('%'||?||'%')) escape '') and (? is null or lower(ft1_0.fornecedor) like lower(('%'||?||'%')) escape '') order by ft1_0.id desc
Hibernate: select c1_0.id,c1_0.nome from colecao c1_0
Hibernate: select f1_0.id,f1_0.nome from fornecedor f1_0
Hibernate: select ft1_0.colecao,count(ft1_0.id) from ficha_tecnica ft1_0 where ft1_0.colecao is not null and ft1_0.colecao<>'' group by ft1_0.colecao order by ft1_0.colecao
Hibernate: select i1_0.id,i1_0.nome from insumo i1_0
Hibernate: select ft1_0.id,ft1_0.categoria_produto,ft1_0.codigo,ft1_0.codigo_siscomex,ft1_0.colecao,ft1_0.composicao,ft1_0.contrato_cambio_adiant,ft1_0.contrato_cambio_pgto_final,ft1_0.cor,ft1_0.data_amostra_cor,ft1_0.data_amostra_producao,ft1_0.data_aprovacao_amostra_cor,ft1_0.data_aprovacao_amostra_producao,ft1_0.data_chegada_destino,ft1_0.data_colocacao_pedido,ft1_0.data_saida_origem,ft1_0.descricao,ft1_0.descricao_produto,ft1_0.duimp_di,ft1_0.estagio,ft1_0.fornecedor,ft1_0.foto_path,ft1_0.gramatura,ft1_0.largura,ft1_0.marca,ft1_0.marca_que_comprou,ft1_0.marca_que_utiliza,ft1_0.minimo,ft1_0.minimo_compra,ft1_0.ncm,ft1_0.nome_navio,ft1_0.numero_pedido,ft1_0.observacao_amostra_cor,ft1_0.observacao_amostra_producao,ft1_0.preco_reais,ft1_0.preco_usd,ft1_0.qti_pct,ft1_0.quantidade_comprada,ft1_0.ref_fornecedor,ft1_0.ref_texcotton,ft1_0.referencia,ft1_0.rendimento,ft1_0.status_amostra_cor,ft1_0.status_amostra_producao,ft1_0.status_colecao,ft1_0.status_pedido,ft1_0.tipo,ft1_0.tipo_solicitacao,ft1_0.unidade_medida from ficha_tecnica ft1_0 where ft1_0.id=?
Hibernate: select m1_0.id,m1_0.nome from marca m1_0
Hibernate: select c1_0.id,c1_0.nome from colecao c1_0
Hibernate: select f1_0.id,f1_0.nome from fornecedor f1_0
Hibernate: select c1_0.id,c1_0.nome from categoria c1_0
Hibernate: select i1_0.id,i1_0.nome from insumo i1_0
Hibernate: select ft1_0.id,ft1_0.categoria_produto,ft1_0.codigo,ft1_0.codigo_siscomex,ft1_0.colecao,ft1_0.composicao,ft1_0.contrato_cambio_adiant,ft1_0.contrato_cambio_pgto_final,ft1_0.cor,ft1_0.data_amostra_cor,ft1_0.data_amostra_producao,ft1_0.data_aprovacao_amostra_cor,ft1_0.data_aprovacao_amostra_producao,ft1_0.data_chegada_destino,ft1_0.data_colocacao_pedido,ft1_0.data_saida_origem,ft1_0.descricao,ft1_0.descricao_produto,ft1_0.duimp_di,ft1_0.estagio,ft1_0.fornecedor,ft1_0.foto_path,ft1_0.gramatura,ft1_0.largura,ft1_0.marca,ft1_0.marca_que_comprou,ft1_0.marca_que_utiliza,ft1_0.minimo,ft1_0.minimo_compra,ft1_0.ncm,ft1_0.nome_navio,ft1_0.numero_pedido,ft1_0.observacao_amostra_cor,ft1_0.observacao_amostra_producao,ft1_0.preco_reais,ft1_0.preco_usd,ft1_0.qti_pct,ft1_0.quantidade_comprada,ft1_0.ref_fornecedor,ft1_0.ref_texcotton,ft1_0.referencia,ft1_0.rendimento,ft1_0.status_amostra_cor,ft1_0.status_amostra_producao,ft1_0.status_colecao,ft1_0.status_pedido,ft1_0.tipo,ft1_0.tipo_solicitacao,ft1_0.unidade_medida from ficha_tecnica ft1_0 where ft1_0.id=?
Hibernate: update ficha_tecnica set categoria_produto=?,codigo=?,codigo_siscomex=?,colecao=?,composicao=?,contrato_cambio_adiant=?,contrato_cambio_pgto_final=?,cor=?,data_amostra_cor=?,data_amostra_producao=?,data_aprovacao_amostra_cor=?,data_aprovacao_amostra_producao=?,data_chegada_destino=?,data_colocacao_pedido=?,data_saida_origem=?,descricao=?,descricao_produto=?,duimp_di=?,estagio=?,fornecedor=?,foto_path=?,gramatura=?,largura=?,marca=?,marca_que_comprou=?,marca_que_utiliza=?,minimo=?,minimo_compra=?,ncm=?,nome_navio=?,numero_pedido=?,observacao_amostra_cor=?,observacao_amostra_producao=?,preco_reais=?,preco_usd=?,qti_pct=?,quantidade_comprada=?,ref_fornecedor=?,ref_texcotton=?,referencia=?,rendimento=?,status_amostra_cor=?,status_amostra_producao=?,status_colecao=?,status_pedido=?,tipo=?,tipo_solicitacao=?,unidade_medida=? where id=?
Hibernate: select i1_0.id,i1_0.nome from insumo i1_0
Hibernate: select ft1_0.id,ft1_0.categoria_produto,ft1_0.codigo,ft1_0.codigo_siscomex,ft1_0.colecao,ft1_0.composicao,ft1_0.contrato_cambio_adiant,ft1_0.contrato_cambio_pgto_final,ft1_0.cor,ft1_0.data_amostra_cor,ft1_0.data_amostra_producao,ft1_0.data_aprovacao_amostra_cor,ft1_0.data_aprovacao_amostra_producao,ft1_0.data_chegada_destino,ft1_0.data_colocacao_pedido,ft1_0.data_saida_origem,ft1_0.descricao,ft1_0.descricao_produto,ft1_0.duimp_di,ft1_0.estagio,ft1_0.fornecedor,ft1_0.foto_path,ft1_0.gramatura,ft1_0.largura,ft1_0.marca,ft1_0.marca_que_comprou,ft1_0.marca_que_utiliza,ft1_0.minimo,ft1_0.minimo_compra,ft1_0.ncm,ft1_0.nome_navio,ft1_0.numero_pedido,ft1_0.observacao_amostra_cor,ft1_0.observacao_amostra_producao,ft1_0.preco_reais,ft1_0.preco_usd,ft1_0.qti_pct,ft1_0.quantidade_comprada,ft1_0.ref_fornecedor,ft1_0.ref_texcotton,ft1_0.referencia,ft1_0.rendimento,ft1_0.status_amostra_cor,ft1_0.status_amostra_producao,ft1_0.status_colecao,ft1_0.status_pedido,ft1_0.tipo,ft1_0.tipo_solicitacao,ft1_0.unidade_medida from ficha_tecnica ft1_0 where (? is null or lower(ft1_0.colecao) like lower(('%'||?||'%')) escape '') and (? is null or ft1_0.tipo=?) and (? is null or ft1_0.status_pedido=?) and (? is null or ft1_0.data_colocacao_pedido>=?) and (? is null or ft1_0.data_colocacao_pedido<=?) and (? is null or lower(ft1_0.duimp_di) like lower(('%'||?||'%')) escape '') and (? is null or lower(ft1_0.contrato_cambio_adiant) like lower(('%'||?||'%')) escape '' or lower(ft1_0.contrato_cambio_pgto_final) like lower(('%'||?||'%')) escape '') and (? is null or lower(ft1_0.ref_texcotton) like lower(('%'||?||'%')) escape '' or lower(ft1_0.codigo) like lower(('%'||?||'%')) escape '' or lower(ft1_0.ref_fornecedor) like lower(('%'||?||'%')) escape '') and (? is null or lower(ft1_0.numero_pedido) like lower(('%'||?||'%')) escape '') and (? is null or lower(ft1_0.fornecedor) like lower(('%'||?||'%')) escape '') order by ft1_0.id desc
Hibernate: select c1_0.id,c1_0.nome from colecao c1_0
Hibernate: select f1_0.id,f1_0.nome from fornecedor f1_0
Hibernate: select ft1_0.colecao,count(ft1_0.id) from ficha_tecnica ft1_0 where ft1_0.colecao is not null and ft1_0.colecao<>'' group by ft1_0.colecao order by ft1_0.colecao
Hibernate: select i1_0.id,i1_0.nome from insumo i1_0
Hibernate: select ft1_0.id,ft1_0.categoria_produto,ft1_0.codigo,ft1_0.codigo_siscomex,ft1_0.colecao,ft1_0.composicao,ft1_0.contrato_cambio_adiant,ft1_0.contrato_cambio_pgto_final,ft1_0.cor,ft1_0.data_amostra_cor,ft1_0.data_amostra_producao,ft1_0.data_aprovacao_amostra_cor,ft1_0.data_aprovacao_amostra_producao,ft1_0.data_chegada_destino,ft1_0.data_colocacao_pedido,ft1_0.data_saida_origem,ft1_0.descricao,ft1_0.descricao_produto,ft1_0.duimp_di,ft1_0.estagio,ft1_0.fornecedor,ft1_0.foto_path,ft1_0.gramatura,ft1_0.largura,ft1_0.marca,ft1_0.marca_que_comprou,ft1_0.marca_que_utiliza,ft1_0.minimo,ft1_0.minimo_compra,ft1_0.ncm,ft1_0.nome_navio,ft1_0.numero_pedido,ft1_0.observacao_amostra_cor,ft1_0.observacao_amostra_producao,ft1_0.preco_reais,ft1_0.preco_usd,ft1_0.qti_pct,ft1_0.quantidade_comprada,ft1_0.ref_fornecedor,ft1_0.ref_texcotton,ft1_0.referencia,ft1_0.rendimento,ft1_0.status_amostra_cor,ft1_0.status_amostra_producao,ft1_0.status_colecao,ft1_0.status_pedido,ft1_0.tipo,ft1_0.tipo_solicitacao,ft1_0.unidade_medida from ficha_tecnica ft1_0 where ft1_0.id=?
Hibernate: select m1_0.id,m1_0.nome from marca m1_0
Hibernate: select c1_0.id,c1_0.nome from colecao c1_0
Hibernate: select f1_0.id,f1_0.nome from fornecedor f1_0
Hibernate: select c1_0.id,c1_0.nome from categoria c1_0
Hibernate: select i1_0.id,i1_0.nome from insumo i1_0
Hibernate: select ft1_0.id,ft1_0.categoria_produto,ft1_0.codigo,ft1_0.codigo_siscomex,ft1_0.colecao,ft1_0.composicao,ft1_0.contrato_cambio_adiant,ft1_0.contrato_cambio_pgto_final,ft1_0.cor,ft1_0.data_amostra_cor,ft1_0.data_amostra_producao,ft1_0.data_aprovacao_amostra_cor,ft1_0.data_aprovacao_amostra_producao,ft1_0.data_chegada_destino,ft1_0.data_colocacao_pedido,ft1_0.data_saida_origem,ft1_0.descricao,ft1_0.descricao_produto,ft1_0.duimp_di,ft1_0.estagio,ft1_0.fornecedor,ft1_0.foto_path,ft1_0.gramatura,ft1_0.largura,ft1_0.marca,ft1_0.marca_que_comprou,ft1_0.marca_que_utiliza,ft1_0.minimo,ft1_0.minimo_compra,ft1_0.ncm,ft1_0.nome_navio,ft1_0.numero_pedido,ft1_0.observacao_amostra_cor,ft1_0.observacao_amostra_producao,ft1_0.preco_reais,ft1_0.preco_usd,ft1_0.qti_pct,ft1_0.quantidade_comprada,ft1_0.ref_fornecedor,ft1_0.ref_texcotton,ft1_0.referencia,ft1_0.rendimento,ft1_0.status_amostra_cor,ft1_0.status_amostra_producao,ft1_0.status_colecao,ft1_0.status_pedido,ft1_0.tipo,ft1_0.tipo_solicitacao,ft1_0.unidade_medida from ficha_tecnica ft1_0 where ft1_0.id=?
Hibernate: update ficha_tecnica set categoria_produto=?,codigo=?,codigo_siscomex=?,colecao=?,composicao=?,contrato_cambio_adiant=?,contrato_cambio_pgto_final=?,cor=?,data_amostra_cor=?,data_amostra_producao=?,data_aprovacao_amostra_cor=?,data_aprovacao_amostra_producao=?,data_chegada_destino=?,data_colocacao_pedido=?,data_saida_origem=?,descricao=?,descricao_produto=?,duimp_di=?,estagio=?,fornecedor=?,foto_path=?,gramatura=?,largura=?,marca=?,marca_que_comprou=?,marca_que_utiliza=?,minimo=?,minimo_compra=?,ncm=?,nome_navio=?,numero_pedido=?,observacao_amostra_cor=?,observacao_amostra_producao=?,preco_reais=?,preco_usd=?,qti_pct=?,quantidade_comprada=?,ref_fornecedor=?,ref_texcotton=?,referencia=?,rendimento=?,status_amostra_cor=?,status_amostra_producao=?,status_colecao=?,status_pedido=?,tipo=?,tipo_solicitacao=?,unidade_medida=? where id=?
Hibernate: select i1_0.id,i1_0.nome from insumo i1_0
Hibernate: select ft1_0.id,ft1_0.categoria_produto,ft1_0.codigo,ft1_0.codigo_siscomex,ft1_0.colecao,ft1_0.composicao,ft1_0.contrato_cambio_adiant,ft1_0.contrato_cambio_pgto_final,ft1_0.cor,ft1_0.data_amostra_cor,ft1_0.data_amostra_producao,ft1_0.data_aprovacao_amostra_cor,ft1_0.data_aprovacao_amostra_producao,ft1_0.data_chegada_destino,ft1_0.data_colocacao_pedido,ft1_0.data_saida_origem,ft1_0.descricao,ft1_0.descricao_produto,ft1_0.duimp_di,ft1_0.estagio,ft1_0.fornecedor,ft1_0.foto_path,ft1_0.gramatura,ft1_0.largura,ft1_0.marca,ft1_0.marca_que_comprou,ft1_0.marca_que_utiliza,ft1_0.minimo,ft1_0.minimo_compra,ft1_0.ncm,ft1_0.nome_navio,ft1_0.numero_pedido,ft1_0.observacao_amostra_cor,ft1_0.observacao_amostra_producao,ft1_0.preco_reais,ft1_0.preco_usd,ft1_0.qti_pct,ft1_0.quantidade_comprada,ft1_0.ref_fornecedor,ft1_0.ref_texcotton,ft1_0.referencia,ft1_0.rendimento,ft1_0.status_amostra_cor,ft1_0.status_amostra_producao,ft1_0.status_colecao,ft1_0.status_pedido,ft1_0.tipo,ft1_0.tipo_solicitacao,ft1_0.unidade_medida from ficha_tecnica ft1_0 where (? is null or lower(ft1_0.colecao) like lower(('%'||?||'%')) escape '') and (? is null or ft1_0.tipo=?) and (? is null or ft1_0.status_pedido=?) and (? is null or ft1_0.data_colocacao_pedido>=?) and (? is null or ft1_0.data_colocacao_pedido<=?) and (? is null or lower(ft1_0.duimp_di) like lower(('%'||?||'%')) escape '') and (? is null or lower(ft1_0.contrato_cambio_adiant) like lower(('%'||?||'%')) escape '' or lower(ft1_0.contrato_cambio_pgto_final) like lower(('%'||?||'%')) escape '') and (? is null or lower(ft1_0.ref_texcotton) like lower(('%'||?||'%')) escape '' or lower(ft1_0.codigo) like lower(('%'||?||'%')) escape '' or lower(ft1_0.ref_fornecedor) like lower(('%'||?||'%')) escape '') and (? is null or lower(ft1_0.numero_pedido) like lower(('%'||?||'%')) escape '') and (? is null or lower(ft1_0.fornecedor) like lower(('%'||?||'%')) escape '') order by ft1_0.id desc
Hibernate: select c1_0.id,c1_0.nome from colecao c1_0
Hibernate: select f1_0.id,f1_0.nome from fornecedor f1_0
Hibernate: select ft1_0.colecao,count(ft1_0.id) from ficha_tecnica ft1_0 where ft1_0.colecao is not null and ft1_0.colecao<>'' group by ft1_0.colecao order by ft1_0.colecao
Hibernate: select i1_0.id,i1_0.nome from insumo i1_0
Hibernate: select ft1_0.id,ft1_0.categoria_produto,ft1_0.codigo,ft1_0.codigo_siscomex,ft1_0.colecao,ft1_0.composicao,ft1_0.contrato_cambio_adiant,ft1_0.contrato_cambio_pgto_final,ft1_0.cor,ft1_0.data_amostra_cor,ft1_0.data_amostra_producao,ft1_0.data_aprovacao_amostra_cor,ft1_0.data_aprovacao_amostra_producao,ft1_0.data_chegada_destino,ft1_0.data_colocacao_pedido,ft1_0.data_saida_origem,ft1_0.descricao,ft1_0.descricao_produto,ft1_0.duimp_di,ft1_0.estagio,ft1_0.fornecedor,ft1_0.foto_path,ft1_0.gramatura,ft1_0.largura,ft1_0.marca,ft1_0.marca_que_comprou,ft1_0.marca_que_utiliza,ft1_0.minimo,ft1_0.minimo_compra,ft1_0.ncm,ft1_0.nome_navio,ft1_0.numero_pedido,ft1_0.observacao_amostra_cor,ft1_0.observacao_amostra_producao,ft1_0.preco_reais,ft1_0.preco_usd,ft1_0.qti_pct,ft1_0.quantidade_comprada,ft1_0.ref_fornecedor,ft1_0.ref_texcotton,ft1_0.referencia,ft1_0.rendimento,ft1_0.status_amostra_cor,ft1_0.status_amostra_producao,ft1_0.status_colecao,ft1_0.status_pedido,ft1_0.tipo,ft1_0.tipo_solicitacao,ft1_0.unidade_medida from ficha_tecnica ft1_0 where ft1_0.id=?
Hibernate: select m1_0.id,m1_0.nome from marca m1_0
Hibernate: select c1_0.id,c1_0.nome from colecao c1_0
Hibernate: select f1_0.id,f1_0.nome from fornecedor f1_0
Hibernate: select c1_0.id,c1_0.nome from categoria c1_0
Hibernate: select i1_0.id,i1_0.nome from insumo i1_0
Hibernate: select ft1_0.id,ft1_0.categoria_produto,ft1_0.codigo,ft1_0.codigo_siscomex,ft1_0.colecao,ft1_0.composicao,ft1_0.contrato_cambio_adiant,ft1_0.contrato_cambio_pgto_final,ft1_0.cor,ft1_0.data_amostra_cor,ft1_0.data_amostra_producao,ft1_0.data_aprovacao_amostra_cor,ft1_0.data_aprovacao_amostra_producao,ft1_0.data_chegada_destino,ft1_0.data_colocacao_pedido,ft1_0.data_saida_origem,ft1_0.descricao,ft1_0.descricao_produto,ft1_0.duimp_di,ft1_0.estagio,ft1_0.fornecedor,ft1_0.foto_path,ft1_0.gramatura,ft1_0.largura,ft1_0.marca,ft1_0.marca_que_comprou,ft1_0.marca_que_utiliza,ft1_0.minimo,ft1_0.minimo_compra,ft1_0.ncm,ft1_0.nome_navio,ft1_0.numero_pedido,ft1_0.observacao_amostra_cor,ft1_0.observacao_amostra_producao,ft1_0.preco_reais,ft1_0.preco_usd,ft1_0.qti_pct,ft1_0.quantidade_comprada,ft1_0.ref_fornecedor,ft1_0.ref_texcotton,ft1_0.referencia,ft1_0.rendimento,ft1_0.status_amostra_cor,ft1_0.status_amostra_producao,ft1_0.status_colecao,ft1_0.status_pedido,ft1_0.tipo,ft1_0.tipo_solicitacao,ft1_0.unidade_medida from ficha_tecnica ft1_0 where ft1_0.id=?
Hibernate: update ficha_tecnica set categoria_produto=?,codigo=?,codigo_siscomex=?,colecao=?,composicao=?,contrato_cambio_adiant=?,contrato_cambio_pgto_final=?,cor=?,data_amostra_cor=?,data_amostra_producao=?,data_aprovacao_amostra_cor=?,data_aprovacao_amostra_producao=?,data_chegada_destino=?,data_colocacao_pedido=?,data_saida_origem=?,descricao=?,descricao_produto=?,duimp_di=?,estagio=?,fornecedor=?,foto_path=?,gramatura=?,largura=?,marca=?,marca_que_comprou=?,marca_que_utiliza=?,minimo=?,minimo_compra=?,ncm=?,nome_navio=?,numero_pedido=?,observacao_amostra_cor=?,observacao_amostra_producao=?,preco_reais=?,preco_usd=?,qti_pct=?,quantidade_comprada=?,ref_fornecedor=?,ref_texcotton=?,referencia=?,rendimento=?,status_amostra_cor=?,status_amostra_producao=?,status_colecao=?,status_pedido=?,tipo=?,tipo_solicitacao=?,unidade_medida=? where id=?
Hibernate: select i1_0.id,i1_0.nome from insumo i1_0
Hibernate: select ft1_0.id,ft1_0.categoria_produto,ft1_0.codigo,ft1_0.codigo_siscomex,ft1_0.colecao,ft1_0.composicao,ft1_0.contrato_cambio_adiant,ft1_0.contrato_cambio_pgto_final,ft1_0.cor,ft1_0.data_amostra_cor,ft1_0.data_amostra_producao,ft1_0.data_aprovacao_amostra_cor,ft1_0.data_aprovacao_amostra_producao,ft1_0.data_chegada_destino,ft1_0.data_colocacao_pedido,ft1_0.data_saida_origem,ft1_0.descricao,ft1_0.descricao_produto,ft1_0.duimp_di,ft1_0.estagio,ft1_0.fornecedor,ft1_0.foto_path,ft1_0.gramatura,ft1_0.largura,ft1_0.marca,ft1_0.marca_que_comprou,ft1_0.marca_que_utiliza,ft1_0.minimo,ft1_0.minimo_compra,ft1_0.ncm,ft1_0.nome_navio,ft1_0.numero_pedido,ft1_0.observacao_amostra_cor,ft1_0.observacao_amostra_producao,ft1_0.preco_reais,ft1_0.preco_usd,ft1_0.qti_pct,ft1_0.quantidade_comprada,ft1_0.ref_fornecedor,ft1_0.ref_texcotton,ft1_0.referencia,ft1_0.rendimento,ft1_0.status_amostra_cor,ft1_0.status_amostra_producao,ft1_0.status_colecao,ft1_0.status_pedido,ft1_0.tipo,ft1_0.tipo_solicitacao,ft1_0.unidade_medida from ficha_tecnica ft1_0 where (? is null or lower(ft1_0.colecao) like lower(('%'||?||'%')) escape '') and (? is null or ft1_0.tipo=?) and (? is null or ft1_0.status_pedido=?) and (? is null or ft1_0.data_colocacao_pedido>=?) and (? is null or ft1_0.data_colocacao_pedido<=?) and (? is null or lower(ft1_0.duimp_di) like lower(('%'||?||'%')) escape '') and (? is null or lower(ft1_0.contrato_cambio_adiant) like lower(('%'||?||'%')) escape '' or lower(ft1_0.contrato_cambio_pgto_final) like lower(('%'||?||'%')) escape '') and (? is null or lower(ft1_0.ref_texcotton) like lower(('%'||?||'%')) escape '' or lower(ft1_0.codigo) like lower(('%'||?||'%')) escape '' or lower(ft1_0.ref_fornecedor) like lower(('%'||?||'%')) escape '') and (? is null or lower(ft1_0.numero_pedido) like lower(('%'||?||'%')) escape '') and (? is null or lower(ft1_0.fornecedor) like lower(('%'||?||'%')) escape '') order by ft1_0.id desc
Hibernate: select c1_0.id,c1_0.nome from colecao c1_0
Hibernate: select f1_0.id,f1_0.nome from fornecedor f1_0
Hibernate: select ft1_0.colecao,count(ft1_0.id) from ficha_tecnica ft1_0 where ft1_0.colecao is not null and ft1_0.colecao<>'' group by ft1_0.colecao order by ft1_0.colecao
Hibernate: select i1_0.id,i1_0.nome from insumo i1_0
Hibernate: select ft1_0.id,ft1_0.categoria_produto,ft1_0.codigo,ft1_0.codigo_siscomex,ft1_0.colecao,ft1_0.composicao,ft1_0.contrato_cambio_adiant,ft1_0.contrato_cambio_pgto_final,ft1_0.cor,ft1_0.data_amostra_cor,ft1_0.data_amostra_producao,ft1_0.data_aprovacao_amostra_cor,ft1_0.data_aprovacao_amostra_producao,ft1_0.data_chegada_destino,ft1_0.data_colocacao_pedido,ft1_0.data_saida_origem,ft1_0.descricao,ft1_0.descricao_produto,ft1_0.duimp_di,ft1_0.estagio,ft1_0.fornecedor,ft1_0.foto_path,ft1_0.gramatura,ft1_0.largura,ft1_0.marca,ft1_0.marca_que_comprou,ft1_0.marca_que_utiliza,ft1_0.minimo,ft1_0.minimo_compra,ft1_0.ncm,ft1_0.nome_navio,ft1_0.numero_pedido,ft1_0.observacao_amostra_cor,ft1_0.observacao_amostra_producao,ft1_0.preco_reais,ft1_0.preco_usd,ft1_0.qti_pct,ft1_0.quantidade_comprada,ft1_0.ref_fornecedor,ft1_0.ref_texcotton,ft1_0.referencia,ft1_0.rendimento,ft1_0.status_amostra_cor,ft1_0.status_amostra_producao,ft1_0.status_colecao,ft1_0.status_pedido,ft1_0.tipo,ft1_0.tipo_solicitacao,ft1_0.unidade_medida from ficha_tecnica ft1_0 where ft1_0.id=?
Hibernate: select m1_0.id,m1_0.nome from marca m1_0
Hibernate: select c1_0.id,c1_0.nome from colecao c1_0
Hibernate: select f1_0.id,f1_0.nome from fornecedor f1_0
Hibernate: select c1_0.id,c1_0.nome from categoria c1_0
Hibernate: select i1_0.id,i1_0.nome from insumo i1_0
Hibernate: select ft1_0.id,ft1_0.categoria_produto,ft1_0.codigo,ft1_0.codigo_siscomex,ft1_0.colecao,ft1_0.composicao,ft1_0.contrato_cambio_adiant,ft1_0.contrato_cambio_pgto_final,ft1_0.cor,ft1_0.data_amostra_cor,ft1_0.data_amostra_producao,ft1_0.data_aprovacao_amostra_cor,ft1_0.data_aprovacao_amostra_producao,ft1_0.data_chegada_destino,ft1_0.data_colocacao_pedido,ft1_0.data_saida_origem,ft1_0.descricao,ft1_0.descricao_produto,ft1_0.duimp_di,ft1_0.estagio,ft1_0.fornecedor,ft1_0.foto_path,ft1_0.gramatura,ft1_0.largura,ft1_0.marca,ft1_0.marca_que_comprou,ft1_0.marca_que_utiliza,ft1_0.minimo,ft1_0.minimo_compra,ft1_0.ncm,ft1_0.nome_navio,ft1_0.numero_pedido,ft1_0.observacao_amostra_cor,ft1_0.observacao_amostra_producao,ft1_0.preco_reais,ft1_0.preco_usd,ft1_0.qti_pct,ft1_0.quantidade_comprada,ft1_0.ref_fornecedor,ft1_0.ref_texcotton,ft1_0.referencia,ft1_0.rendimento,ft1_0.status_amostra_cor,ft1_0.status_amostra_producao,ft1_0.status_colecao,ft1_0.status_pedido,ft1_0.tipo,ft1_0.tipo_solicitacao,ft1_0.unidade_medida from ficha_tecnica ft1_0 where ft1_0.id=?
Hibernate: update ficha_tecnica set categoria_produto=?,codigo=?,codigo_siscomex=?,colecao=?,composicao=?,contrato_cambio_adiant=?,contrato_cambio_pgto_final=?,cor=?,data_amostra_cor=?,data_amostra_producao=?,data_aprovacao_amostra_cor=?,data_aprovacao_amostra_producao=?,data_chegada_destino=?,data_colocacao_pedido=?,data_saida_origem=?,descricao=?,descricao_produto=?,duimp_di=?,estagio=?,fornecedor=?,foto_path=?,gramatura=?,largura=?,marca=?,marca_que_comprou=?,marca_que_utiliza=?,minimo=?,minimo_compra=?,ncm=?,nome_navio=?,numero_pedido=?,observacao_amostra_cor=?,observacao_amostra_producao=?,preco_reais=?,preco_usd=?,qti_pct=?,quantidade_comprada=?,ref_fornecedor=?,ref_texcotton=?,referencia=?,rendimento=?,status_amostra_cor=?,status_amostra_producao=?,status_colecao=?,status_pedido=?,tipo=?,tipo_solicitacao=?,unidade_medida=? where id=?
Hibernate: select i1_0.id,i1_0.nome from insumo i1_0
Hibernate: select ft1_0.id,ft1_0.categoria_produto,ft1_0.codigo,ft1_0.codigo_siscomex,ft1_0.colecao,ft1_0.composicao,ft1_0.contrato_cambio_adiant,ft1_0.contrato_cambio_pgto_final,ft1_0.cor,ft1_0.data_amostra_cor,ft1_0.data_amostra_producao,ft1_0.data_aprovacao_amostra_cor,ft1_0.data_aprovacao_amostra_producao,ft1_0.data_chegada_destino,ft1_0.data_colocacao_pedido,ft1_0.data_saida_origem,ft1_0.descricao,ft1_0.descricao_produto,ft1_0.duimp_di,ft1_0.estagio,ft1_0.fornecedor,ft1_0.foto_path,ft1_0.gramatura,ft1_0.largura,ft1_0.marca,ft1_0.marca_que_comprou,ft1_0.marca_que_utiliza,ft1_0.minimo,ft1_0.minimo_compra,ft1_0.ncm,ft1_0.nome_navio,ft1_0.numero_pedido,ft1_0.observacao_amostra_cor,ft1_0.observacao_amostra_producao,ft1_0.preco_reais,ft1_0.preco_usd,ft1_0.qti_pct,ft1_0.quantidade_comprada,ft1_0.ref_fornecedor,ft1_0.ref_texcotton,ft1_0.referencia,ft1_0.rendimento,ft1_0.status_amostra_cor,ft1_0.status_amostra_producao,ft1_0.status_colecao,ft1_0.status_pedido,ft1_0.tipo,ft1_0.tipo_solicitacao,ft1_0.unidade_medida from ficha_tecnica ft1_0 where (? is null or lower(ft1_0.colecao) like lower(('%'||?||'%')) escape '') and (? is null or ft1_0.tipo=?) and (? is null or ft1_0.status_pedido=?) and (? is null or ft1_0.data_colocacao_pedido>=?) and (? is null or ft1_0.data_colocacao_pedido<=?) and (? is null or lower(ft1_0.duimp_di) like lower(('%'||?||'%')) escape '') and (? is null or lower(ft1_0.contrato_cambio_adiant) like lower(('%'||?||'%')) escape '' or lower(ft1_0.contrato_cambio_pgto_final) like lower(('%'||?||'%')) escape '') and (? is null or lower(ft1_0.ref_texcotton) like lower(('%'||?||'%')) escape '' or lower(ft1_0.codigo) like lower(('%'||?||'%')) escape '' or lower(ft1_0.ref_fornecedor) like lower(('%'||?||'%')) escape '') and (? is null or lower(ft1_0.numero_pedido) like lower(('%'||?||'%')) escape '') and (? is null or lower(ft1_0.fornecedor) like lower(('%'||?||'%')) escape '') order by ft1_0.id desc
Hibernate: select c1_0.id,c1_0.nome from colecao c1_0
Hibernate: select f1_0.id,f1_0.nome from fornecedor f1_0
Hibernate: select ft1_0.colecao,count(ft1_0.id) from ficha_tecnica ft1_0 where ft1_0.colecao is not null and ft1_0.colecao<>'' group by ft1_0.colecao order by ft1_0.colecao
Hibernate: select i1_0.id,i1_0.nome from insumo i1_0
Hibernate: select ft1_0.id,ft1_0.categoria_produto,ft1_0.codigo,ft1_0.codigo_siscomex,ft1_0.colecao,ft1_0.composicao,ft1_0.contrato_cambio_adiant,ft1_0.contrato_cambio_pgto_final,ft1_0.cor,ft1_0.data_amostra_cor,ft1_0.data_amostra_producao,ft1_0.data_aprovacao_amostra_cor,ft1_0.data_aprovacao_amostra_producao,ft1_0.data_chegada_destino,ft1_0.data_colocacao_pedido,ft1_0.data_saida_origem,ft1_0.descricao,ft1_0.descricao_produto,ft1_0.duimp_di,ft1_0.estagio,ft1_0.fornecedor,ft1_0.foto_path,ft1_0.gramatura,ft1_0.largura,ft1_0.marca,ft1_0.marca_que_comprou,ft1_0.marca_que_utiliza,ft1_0.minimo,ft1_0.minimo_compra,ft1_0.ncm,ft1_0.nome_navio,ft1_0.numero_pedido,ft1_0.observacao_amostra_cor,ft1_0.observacao_amostra_producao,ft1_0.preco_reais,ft1_0.preco_usd,ft1_0.qti_pct,ft1_0.quantidade_comprada,ft1_0.ref_fornecedor,ft1_0.ref_texcotton,ft1_0.referencia,ft1_0.rendimento,ft1_0.status_amostra_cor,ft1_0.status_amostra_producao,ft1_0.status_colecao,ft1_0.status_pedido,ft1_0.tipo,ft1_0.tipo_solicitacao,ft1_0.unidade_medida from ficha_tecnica ft1_0 where ft1_0.id=?
Hibernate: select m1_0.id,m1_0.nome from marca m1_0
Hibernate: select c1_0.id,c1_0.nome from colecao c1_0
Hibernate: select f1_0.id,f1_0.nome from fornecedor f1_0
Hibernate: select c1_0.id,c1_0.nome from categoria c1_0
Hibernate: select i1_0.id,i1_0.nome from insumo i1_0
Hibernate: select ft1_0.id,ft1_0.categoria_produto,ft1_0.codigo,ft1_0.codigo_siscomex,ft1_0.colecao,ft1_0.composicao,ft1_0.contrato_cambio_adiant,ft1_0.contrato_cambio_pgto_final,ft1_0.cor,ft1_0.data_amostra_cor,ft1_0.data_amostra_producao,ft1_0.data_aprovacao_amostra_cor,ft1_0.data_aprovacao_amostra_producao,ft1_0.data_chegada_destino,ft1_0.data_colocacao_pedido,ft1_0.data_saida_origem,ft1_0.descricao,ft1_0.descricao_produto,ft1_0.duimp_di,ft1_0.estagio,ft1_0.fornecedor,ft1_0.foto_path,ft1_0.gramatura,ft1_0.largura,ft1_0.marca,ft1_0.marca_que_comprou,ft1_0.marca_que_utiliza,ft1_0.minimo,ft1_0.minimo_compra,ft1_0.ncm,ft1_0.nome_navio,ft1_0.numero_pedido,ft1_0.observacao_amostra_cor,ft1_0.observacao_amostra_producao,ft1_0.preco_reais,ft1_0.preco_usd,ft1_0.qti_pct,ft1_0.quantidade_comprada,ft1_0.ref_fornecedor,ft1_0.ref_texcotton,ft1_0.referencia,ft1_0.rendimento,ft1_0.status_amostra_cor,ft1_0.status_amostra_producao,ft1_0.status_colecao,ft1_0.status_pedido,ft1_0.tipo,ft1_0.tipo_solicitacao,ft1_0.unidade_medida from ficha_tecnica ft1_0 where ft1_0.id=?
Hibernate: update ficha_tecnica set categoria_produto=?,codigo=?,codigo_siscomex=?,colecao=?,composicao=?,contrato_cambio_adiant=?,contrato_cambio_pgto_final=?,cor=?,data_amostra_cor=?,data_amostra_producao=?,data_aprovacao_amostra_cor=?,data_aprovacao_amostra_producao=?,data_chegada_destino=?,data_colocacao_pedido=?,data_saida_origem=?,descricao=?,descricao_produto=?,duimp_di=?,estagio=?,fornecedor=?,foto_path=?,gramatura=?,largura=?,marca=?,marca_que_comprou=?,marca_que_utiliza=?,minimo=?,minimo_compra=?,ncm=?,nome_navio=?,numero_pedido=?,observacao_amostra_cor=?,observacao_amostra_producao=?,preco_reais=?,preco_usd=?,qti_pct=?,quantidade_comprada=?,ref_fornecedor=?,ref_texcotton=?,referencia=?,rendimento=?,status_amostra_cor=?,status_amostra_producao=?,status_colecao=?,status_pedido=?,tipo=?,tipo_solicitacao=?,unidade_medida=? where id=?
Hibernate: select i1_0.id,i1_0.nome from insumo i1_0
Hibernate: select ft1_0.id,ft1_0.categoria_produto,ft1_0.codigo,ft1_0.codigo_siscomex,ft1_0.colecao,ft1_0.composicao,ft1_0.contrato_cambio_adiant,ft1_0.contrato_cambio_pgto_final,ft1_0.cor,ft1_0.data_amostra_cor,ft1_0.data_amostra_producao,ft1_0.data_aprovacao_amostra_cor,ft1_0.data_aprovacao_amostra_producao,ft1_0.data_chegada_destino,ft1_0.data_colocacao_pedido,ft1_0.data_saida_origem,ft1_0.descricao,ft1_0.descricao_produto,ft1_0.duimp_di,ft1_0.estagio,ft1_0.fornecedor,ft1_0.foto_path,ft1_0.gramatura,ft1_0.largura,ft1_0.marca,ft1_0.marca_que_comprou,ft1_0.marca_que_utiliza,ft1_0.minimo,ft1_0.minimo_compra,ft1_0.ncm,ft1_0.nome_navio,ft1_0.numero_pedido,ft1_0.observacao_amostra_cor,ft1_0.observacao_amostra_producao,ft1_0.preco_reais,ft1_0.preco_usd,ft1_0.qti_pct,ft1_0.quantidade_comprada,ft1_0.ref_fornecedor,ft1_0.ref_texcotton,ft1_0.referencia,ft1_0.rendimento,ft1_0.status_amostra_cor,ft1_0.status_amostra_producao,ft1_0.status_colecao,ft1_0.status_pedido,ft1_0.tipo,ft1_0.tipo_solicitacao,ft1_0.unidade_medida from ficha_tecnica ft1_0 where (? is null or lower(ft1_0.colecao) like lower(('%'||?||'%')) escape '') and (? is null or ft1_0.tipo=?) and (? is null or ft1_0.status_pedido=?) and (? is null or ft1_0.data_colocacao_pedido>=?) and (? is null or ft1_0.data_colocacao_pedido<=?) and (? is null or lower(ft1_0.duimp_di) like lower(('%'||?||'%')) escape '') and (? is null or lower(ft1_0.contrato_cambio_adiant) like lower(('%'||?||'%')) escape '' or lower(ft1_0.contrato_cambio_pgto_final) like lower(('%'||?||'%')) escape '') and (? is null or lower(ft1_0.ref_texcotton) like lower(('%'||?||'%')) escape '' or lower(ft1_0.codigo) like lower(('%'||?||'%')) escape '' or lower(ft1_0.ref_fornecedor) like lower(('%'||?||'%')) escape '') and (? is null or lower(ft1_0.numero_pedido) like lower(('%'||?||'%')) escape '') and (? is null or lower(ft1_0.fornecedor) like lower(('%'||?||'%')) escape '') order by ft1_0.id desc
Hibernate: select c1_0.id,c1_0.nome from colecao c1_0
Hibernate: select f1_0.id,f1_0.nome from fornecedor f1_0
Hibernate: select ft1_0.colecao,count(ft1_0.id) from ficha_tecnica ft1_0 where ft1_0.colecao is not null and ft1_0.colecao<>'' group by ft1_0.colecao order by ft1_0.colecao
Hibernate: select i1_0.id,i1_0.nome from insumo i1_0
Hibernate: select ft1_0.id,ft1_0.categoria_produto,ft1_0.codigo,ft1_0.codigo_siscomex,ft1_0.colecao,ft1_0.composicao,ft1_0.contrato_cambio_adiant,ft1_0.contrato_cambio_pgto_final,ft1_0.cor,ft1_0.data_amostra_cor,ft1_0.data_amostra_producao,ft1_0.data_aprovacao_amostra_cor,ft1_0.data_aprovacao_amostra_producao,ft1_0.data_chegada_destino,ft1_0.data_colocacao_pedido,ft1_0.data_saida_origem,ft1_0.descricao,ft1_0.descricao_produto,ft1_0.duimp_di,ft1_0.estagio,ft1_0.fornecedor,ft1_0.foto_path,ft1_0.gramatura,ft1_0.largura,ft1_0.marca,ft1_0.marca_que_comprou,ft1_0.marca_que_utiliza,ft1_0.minimo,ft1_0.minimo_compra,ft1_0.ncm,ft1_0.nome_navio,ft1_0.numero_pedido,ft1_0.observacao_amostra_cor,ft1_0.observacao_amostra_producao,ft1_0.preco_reais,ft1_0.preco_usd,ft1_0.qti_pct,ft1_0.quantidade_comprada,ft1_0.ref_fornecedor,ft1_0.ref_texcotton,ft1_0.referencia,ft1_0.rendimento,ft1_0.status_amostra_cor,ft1_0.status_amostra_producao,ft1_0.status_colecao,ft1_0.status_pedido,ft1_0.tipo,ft1_0.tipo_solicitacao,ft1_0.unidade_medida from ficha_tecnica ft1_0 where ft1_0.id=?
Hibernate: select m1_0.id,m1_0.nome from marca m1_0
Hibernate: select c1_0.id,c1_0.nome from colecao c1_0
Hibernate: select f1_0.id,f1_0.nome from fornecedor f1_0
Hibernate: select c1_0.id,c1_0.nome from categoria c1_0
Hibernate: select i1_0.id,i1_0.nome from insumo i1_0
Hibernate: select ft1_0.id,ft1_0.categoria_produto,ft1_0.codigo,ft1_0.codigo_siscomex,ft1_0.colecao,ft1_0.composicao,ft1_0.contrato_cambio_adiant,ft1_0.contrato_cambio_pgto_final,ft1_0.cor,ft1_0.data_amostra_cor,ft1_0.data_amostra_producao,ft1_0.data_aprovacao_amostra_cor,ft1_0.data_aprovacao_amostra_producao,ft1_0.data_chegada_destino,ft1_0.data_colocacao_pedido,ft1_0.data_saida_origem,ft1_0.descricao,ft1_0.descricao_produto,ft1_0.duimp_di,ft1_0.estagio,ft1_0.fornecedor,ft1_0.foto_path,ft1_0.gramatura,ft1_0.largura,ft1_0.marca,ft1_0.marca_que_comprou,ft1_0.marca_que_utiliza,ft1_0.minimo,ft1_0.minimo_compra,ft1_0.ncm,ft1_0.nome_navio,ft1_0.numero_pedido,ft1_0.observacao_amostra_cor,ft1_0.observacao_amostra_producao,ft1_0.preco_reais,ft1_0.preco_usd,ft1_0.qti_pct,ft1_0.quantidade_comprada,ft1_0.ref_fornecedor,ft1_0.ref_texcotton,ft1_0.referencia,ft1_0.rendimento,ft1_0.status_amostra_cor,ft1_0.status_amostra_producao,ft1_0.status_colecao,ft1_0.status_pedido,ft1_0.tipo,ft1_0.tipo_solicitacao,ft1_0.unidade_medida from ficha_tecnica ft1_0 where ft1_0.id=?
Hibernate: update ficha_tecnica set categoria_produto=?,codigo=?,codigo_siscomex=?,colecao=?,composicao=?,contrato_cambio_adiant=?,contrato_cambio_pgto_final=?,cor=?,data_amostra_cor=?,data_amostra_producao=?,data_aprovacao_amostra_cor=?,data_aprovacao_amostra_producao=?,data_chegada_destino=?,data_colocacao_pedido=?,data_saida_origem=?,descricao=?,descricao_produto=?,duimp_di=?,estagio=?,fornecedor=?,foto_path=?,gramatura=?,largura=?,marca=?,marca_que_comprou=?,marca_que_utiliza=?,minimo=?,minimo_compra=?,ncm=?,nome_navio=?,numero_pedido=?,observacao_amostra_cor=?,observacao_amostra_producao=?,preco_reais=?,preco_usd=?,qti_pct=?,quantidade_comprada=?,ref_fornecedor=?,ref_texcotton=?,referencia=?,rendimento=?,status_amostra_cor=?,status_amostra_producao=?,status_colecao=?,status_pedido=?,tipo=?,tipo_solicitacao=?,unidade_medida=? where id=?
Hibernate: select i1_0.id,i1_0.nome from insumo i1_0
Hibernate: select ft1_0.id,ft1_0.categoria_produto,ft1_0.codigo,ft1_0.codigo_siscomex,ft1_0.colecao,ft1_0.composicao,ft1_0.contrato_cambio_adiant,ft1_0.contrato_cambio_pgto_final,ft1_0.cor,ft1_0.data_amostra_cor,ft1_0.data_amostra_producao,ft1_0.data_aprovacao_amostra_cor,ft1_0.data_aprovacao_amostra_producao,ft1_0.data_chegada_destino,ft1_0.data_colocacao_pedido,ft1_0.data_saida_origem,ft1_0.descricao,ft1_0.descricao_produto,ft1_0.duimp_di,ft1_0.estagio,ft1_0.fornecedor,ft1_0.foto_path,ft1_0.gramatura,ft1_0.largura,ft1_0.marca,ft1_0.marca_que_comprou,ft1_0.marca_que_utiliza,ft1_0.minimo,ft1_0.minimo_compra,ft1_0.ncm,ft1_0.nome_navio,ft1_0.numero_pedido,ft1_0.observacao_amostra_cor,ft1_0.observacao_amostra_producao,ft1_0.preco_reais,ft1_0.preco_usd,ft1_0.qti_pct,ft1_0.quantidade_comprada,ft1_0.ref_fornecedor,ft1_0.ref_texcotton,ft1_0.referencia,ft1_0.rendimento,ft1_0.status_amostra_cor,ft1_0.status_amostra_producao,ft1_0.status_colecao,ft1_0.status_pedido,ft1_0.tipo,ft1_0.tipo_solicitacao,ft1_0.unidade_medida from ficha_tecnica ft1_0 where (? is null or lower(ft1_0.colecao) like lower(('%'||?||'%')) escape '') and (? is null or ft1_0.tipo=?) and (? is null or ft1_0.status_pedido=?) and (? is null or ft1_0.data_colocacao_pedido>=?) and (? is null or ft1_0.data_colocacao_pedido<=?) and (? is null or lower(ft1_0.duimp_di) like lower(('%'||?||'%')) escape '') and (? is null or lower(ft1_0.contrato_cambio_adiant) like lower(('%'||?||'%')) escape '' or lower(ft1_0.contrato_cambio_pgto_final) like lower(('%'||?||'%')) escape '') and (? is null or lower(ft1_0.ref_texcotton) like lower(('%'||?||'%')) escape '' or lower(ft1_0.codigo) like lower(('%'||?||'%')) escape '' or lower(ft1_0.ref_fornecedor) like lower(('%'||?||'%')) escape '') and (? is null or lower(ft1_0.numero_pedido) like lower(('%'||?||'%')) escape '') and (? is null or lower(ft1_0.fornecedor) like lower(('%'||?||'%')) escape '') order by ft1_0.id desc
Hibernate: select c1_0.id,c1_0.nome from colecao c1_0
Hibernate: select f1_0.id,f1_0.nome from fornecedor f1_0
Hibernate: select ft1_0.colecao,count(ft1_0.id) from ficha_tecnica ft1_0 where ft1_0.colecao is not null and ft1_0.colecao<>'' group by ft1_0.colecao order by ft1_0.colecao
Hibernate: select i1_0.id,i1_0.nome from insumo i1_0
Hibernate: select ft1_0.id,ft1_0.categoria_produto,ft1_0.codigo,ft1_0.codigo_siscomex,ft1_0.colecao,ft1_0.composicao,ft1_0.contrato_cambio_adiant,ft1_0.contrato_cambio_pgto_final,ft1_0.cor,ft1_0.data_amostra_cor,ft1_0.data_amostra_producao,ft1_0.data_aprovacao_amostra_cor,ft1_0.data_aprovacao_amostra_producao,ft1_0.data_chegada_destino,ft1_0.data_colocacao_pedido,ft1_0.data_saida_origem,ft1_0.descricao,ft1_0.descricao_produto,ft1_0.duimp_di,ft1_0.estagio,ft1_0.fornecedor,ft1_0.foto_path,ft1_0.gramatura,ft1_0.largura,ft1_0.marca,ft1_0.marca_que_comprou,ft1_0.marca_que_utiliza,ft1_0.minimo,ft1_0.minimo_compra,ft1_0.ncm,ft1_0.nome_navio,ft1_0.numero_pedido,ft1_0.observacao_amostra_cor,ft1_0.observacao_amostra_producao,ft1_0.preco_reais,ft1_0.preco_usd,ft1_0.qti_pct,ft1_0.quantidade_comprada,ft1_0.ref_fornecedor,ft1_0.ref_texcotton,ft1_0.referencia,ft1_0.rendimento,ft1_0.status_amostra_cor,ft1_0.status_amostra_producao,ft1_0.status_colecao,ft1_0.status_pedido,ft1_0.tipo,ft1_0.tipo_solicitacao,ft1_0.unidade_medida from ficha_tecnica ft1_0 where ft1_0.id=?
Hibernate: select m1_0.id,m1_0.nome from marca m1_0
Hibernate: select c1_0.id,c1_0.nome from colecao c1_0
Hibernate: select f1_0.id,f1_0.nome from fornecedor f1_0
Hibernate: select c1_0.id,c1_0.nome from categoria c1_0
Hibernate: select i1_0.id,i1_0.nome from insumo i1_0
Hibernate: select ft1_0.id,ft1_0.categoria_produto,ft1_0.codigo,ft1_0.codigo_siscomex,ft1_0.colecao,ft1_0.composicao,ft1_0.contrato_cambio_adiant,ft1_0.contrato_cambio_pgto_final,ft1_0.cor,ft1_0.data_amostra_cor,ft1_0.data_amostra_producao,ft1_0.data_aprovacao_amostra_cor,ft1_0.data_aprovacao_amostra_producao,ft1_0.data_chegada_destino,ft1_0.data_colocacao_pedido,ft1_0.data_saida_origem,ft1_0.descricao,ft1_0.descricao_produto,ft1_0.duimp_di,ft1_0.estagio,ft1_0.fornecedor,ft1_0.foto_path,ft1_0.gramatura,ft1_0.largura,ft1_0.marca,ft1_0.marca_que_comprou,ft1_0.marca_que_utiliza,ft1_0.minimo,ft1_0.minimo_compra,ft1_0.ncm,ft1_0.nome_navio,ft1_0.numero_pedido,ft1_0.observacao_amostra_cor,ft1_0.observacao_amostra_producao,ft1_0.preco_reais,ft1_0.preco_usd,ft1_0.qti_pct,ft1_0.quantidade_comprada,ft1_0.ref_fornecedor,ft1_0.ref_texcotton,ft1_0.referencia,ft1_0.rendimento,ft1_0.status_amostra_cor,ft1_0.status_amostra_producao,ft1_0.status_colecao,ft1_0.status_pedido,ft1_0.tipo,ft1_0.tipo_solicitacao,ft1_0.unidade_medida from ficha_tecnica ft1_0 where ft1_0.id=?
Hibernate: update ficha_tecnica set categoria_produto=?,codigo=?,codigo_siscomex=?,colecao=?,composicao=?,contrato_cambio_adiant=?,contrato_cambio_pgto_final=?,cor=?,data_amostra_cor=?,data_amostra_producao=?,data_aprovacao_amostra_cor=?,data_aprovacao_amostra_producao=?,data_chegada_destino=?,data_colocacao_pedido=?,data_saida_origem=?,descricao=?,descricao_produto=?,duimp_di=?,estagio=?,fornecedor=?,foto_path=?,gramatura=?,largura=?,marca=?,marca_que_comprou=?,marca_que_utiliza=?,minimo=?,minimo_compra=?,ncm=?,nome_navio=?,numero_pedido=?,observacao_amostra_cor=?,observacao_amostra_producao=?,preco_reais=?,preco_usd=?,qti_pct=?,quantidade_comprada=?,ref_fornecedor=?,ref_texcotton=?,referencia=?,rendimento=?,status_amostra_cor=?,status_amostra_producao=?,status_colecao=?,status_pedido=?,tipo=?,tipo_solicitacao=?,unidade_medida=? where id=?
Hibernate: select i1_0.id,i1_0.nome from insumo i1_0
Hibernate: select ft1_0.id,ft1_0.categoria_produto,ft1_0.codigo,ft1_0.codigo_siscomex,ft1_0.colecao,ft1_0.composicao,ft1_0.contrato_cambio_adiant,ft1_0.contrato_cambio_pgto_final,ft1_0.cor,ft1_0.data_amostra_cor,ft1_0.data_amostra_producao,ft1_0.data_aprovacao_amostra_cor,ft1_0.data_aprovacao_amostra_producao,ft1_0.data_chegada_destino,ft1_0.data_colocacao_pedido,ft1_0.data_saida_origem,ft1_0.descricao,ft1_0.descricao_produto,ft1_0.duimp_di,ft1_0.estagio,ft1_0.fornecedor,ft1_0.foto_path,ft1_0.gramatura,ft1_0.largura,ft1_0.marca,ft1_0.marca_que_comprou,ft1_0.marca_que_utiliza,ft1_0.minimo,ft1_0.minimo_compra,ft1_0.ncm,ft1_0.nome_navio,ft1_0.numero_pedido,ft1_0.observacao_amostra_cor,ft1_0.observacao_amostra_producao,ft1_0.preco_reais,ft1_0.preco_usd,ft1_0.qti_pct,ft1_0.quantidade_comprada,ft1_0.ref_fornecedor,ft1_0.ref_texcotton,ft1_0.referencia,ft1_0.rendimento,ft1_0.status_amostra_cor,ft1_0.status_amostra_producao,ft1_0.status_colecao,ft1_0.status_pedido,ft1_0.tipo,ft1_0.tipo_solicitacao,ft1_0.unidade_medida from ficha_tecnica ft1_0 where (? is null or lower(ft1_0.colecao) like lower(('%'||?||'%')) escape '') and (? is null or ft1_0.tipo=?) and (? is null or ft1_0.status_pedido=?) and (? is null or ft1_0.data_colocacao_pedido>=?) and (? is null or ft1_0.data_colocacao_pedido<=?) and (? is null or lower(ft1_0.duimp_di) like lower(('%'||?||'%')) escape '') and (? is null or lower(ft1_0.contrato_cambio_adiant) like lower(('%'||?||'%')) escape '' or lower(ft1_0.contrato_cambio_pgto_final) like lower(('%'||?||'%')) escape '') and (? is null or lower(ft1_0.ref_texcotton) like lower(('%'||?||'%')) escape '' or lower(ft1_0.codigo) like lower(('%'||?||'%')) escape '' or lower(ft1_0.ref_fornecedor) like lower(('%'||?||'%')) escape '') and (? is null or lower(ft1_0.numero_pedido) like lower(('%'||?||'%')) escape '') and (? is null or lower(ft1_0.fornecedor) like lower(('%'||?||'%')) escape '') order by ft1_0.id desc
Hibernate: select c1_0.id,c1_0.nome from colecao c1_0
Hibernate: select f1_0.id,f1_0.nome from fornecedor f1_0
Hibernate: select ft1_0.colecao,count(ft1_0.id) from ficha_tecnica ft1_0 where ft1_0.colecao is not null and ft1_0.colecao<>'' group by ft1_0.colecao order by ft1_0.colecao
Hibernate: select i1_0.id,i1_0.nome from insumo i1_0
Hibernate: select ft1_0.id,ft1_0.categoria_produto,ft1_0.codigo,ft1_0.codigo_siscomex,ft1_0.colecao,ft1_0.composicao,ft1_0.contrato_cambio_adiant,ft1_0.contrato_cambio_pgto_final,ft1_0.cor,ft1_0.data_amostra_cor,ft1_0.data_amostra_producao,ft1_0.data_aprovacao_amostra_cor,ft1_0.data_aprovacao_amostra_producao,ft1_0.data_chegada_destino,ft1_0.data_colocacao_pedido,ft1_0.data_saida_origem,ft1_0.descricao,ft1_0.descricao_produto,ft1_0.duimp_di,ft1_0.estagio,ft1_0.fornecedor,ft1_0.foto_path,ft1_0.gramatura,ft1_0.largura,ft1_0.marca,ft1_0.marca_que_comprou,ft1_0.marca_que_utiliza,ft1_0.minimo,ft1_0.minimo_compra,ft1_0.ncm,ft1_0.nome_navio,ft1_0.numero_pedido,ft1_0.observacao_amostra_cor,ft1_0.observacao_amostra_producao,ft1_0.preco_reais,ft1_0.preco_usd,ft1_0.qti_pct,ft1_0.quantidade_comprada,ft1_0.ref_fornecedor,ft1_0.ref_texcotton,ft1_0.referencia,ft1_0.rendimento,ft1_0.status_amostra_cor,ft1_0.status_amostra_producao,ft1_0.status_colecao,ft1_0.status_pedido,ft1_0.tipo,ft1_0.tipo_solicitacao,ft1_0.unidade_medida from ficha_tecnica ft1_0 where ft1_0.id=?
Hibernate: select m1_0.id,m1_0.nome from marca m1_0
Hibernate: select c1_0.id,c1_0.nome from colecao c1_0
Hibernate: select f1_0.id,f1_0.nome from fornecedor f1_0
Hibernate: select c1_0.id,c1_0.nome from categoria c1_0
Hibernate: select i1_0.id,i1_0.nome from insumo i1_0
Hibernate: select ft1_0.id,ft1_0.categoria_produto,ft1_0.codigo,ft1_0.codigo_siscomex,ft1_0.colecao,ft1_0.composicao,ft1_0.contrato_cambio_adiant,ft1_0.contrato_cambio_pgto_final,ft1_0.cor,ft1_0.data_amostra_cor,ft1_0.data_amostra_producao,ft1_0.data_aprovacao_amostra_cor,ft1_0.data_aprovacao_amostra_producao,ft1_0.data_chegada_destino,ft1_0.data_colocacao_pedido,ft1_0.data_saida_origem,ft1_0.descricao,ft1_0.descricao_produto,ft1_0.duimp_di,ft1_0.estagio,ft1_0.fornecedor,ft1_0.foto_path,ft1_0.gramatura,ft1_0.largura,ft1_0.marca,ft1_0.marca_que_comprou,ft1_0.marca_que_utiliza,ft1_0.minimo,ft1_0.minimo_compra,ft1_0.ncm,ft1_0.nome_navio,ft1_0.numero_pedido,ft1_0.observacao_amostra_cor,ft1_0.observacao_amostra_producao,ft1_0.preco_reais,ft1_0.preco_usd,ft1_0.qti_pct,ft1_0.quantidade_comprada,ft1_0.ref_fornecedor,ft1_0.ref_texcotton,ft1_0.referencia,ft1_0.rendimento,ft1_0.status_amostra_cor,ft1_0.status_amostra_producao,ft1_0.status_colecao,ft1_0.status_pedido,ft1_0.tipo,ft1_0.tipo_solicitacao,ft1_0.unidade_medida from ficha_tecnica ft1_0 where ft1_0.id=?
Hibernate: update ficha_tecnica set categoria_produto=?,codigo=?,codigo_siscomex=?,colecao=?,composicao=?,contrato_cambio_adiant=?,contrato_cambio_pgto_final=?,cor=?,data_amostra_cor=?,data_amostra_producao=?,data_aprovacao_amostra_cor=?,data_aprovacao_amostra_producao=?,data_chegada_destino=?,data_colocacao_pedido=?,data_saida_origem=?,descricao=?,descricao_produto=?,duimp_di=?,estagio=?,fornecedor=?,foto_path=?,gramatura=?,largura=?,marca=?,marca_que_comprou=?,marca_que_utiliza=?,minimo=?,minimo_compra=?,ncm=?,nome_navio=?,numero_pedido=?,observacao_amostra_cor=?,observacao_amostra_producao=?,preco_reais=?,preco_usd=?,qti_pct=?,quantidade_comprada=?,ref_fornecedor=?,ref_texcotton=?,referencia=?,rendimento=?,status_amostra_cor=?,status_amostra_producao=?,status_colecao=?,status_pedido=?,tipo=?,tipo_solicitacao=?,unidade_medida=? where id=?
Hibernate: select i1_0.id,i1_0.nome from insumo i1_0
Hibernate: select ft1_0.id,ft1_0.categoria_produto,ft1_0.codigo,ft1_0.codigo_siscomex,ft1_0.colecao,ft1_0.composicao,ft1_0.contrato_cambio_adiant,ft1_0.contrato_cambio_pgto_final,ft1_0.cor,ft1_0.data_amostra_cor,ft1_0.data_amostra_producao,ft1_0.data_aprovacao_amostra_cor,ft1_0.data_aprovacao_amostra_producao,ft1_0.data_chegada_destino,ft1_0.data_colocacao_pedido,ft1_0.data_saida_origem,ft1_0.descricao,ft1_0.descricao_produto,ft1_0.duimp_di,ft1_0.estagio,ft1_0.fornecedor,ft1_0.foto_path,ft1_0.gramatura,ft1_0.largura,ft1_0.marca,ft1_0.marca_que_comprou,ft1_0.marca_que_utiliza,ft1_0.minimo,ft1_0.minimo_compra,ft1_0.ncm,ft1_0.nome_navio,ft1_0.numero_pedido,ft1_0.observacao_amostra_cor,ft1_0.observacao_amostra_producao,ft1_0.preco_reais,ft1_0.preco_usd,ft1_0.qti_pct,ft1_0.quantidade_comprada,ft1_0.ref_fornecedor,ft1_0.ref_texcotton,ft1_0.referencia,ft1_0.rendimento,ft1_0.status_amostra_cor,ft1_0.status_amostra_producao,ft1_0.status_colecao,ft1_0.status_pedido,ft1_0.tipo,ft1_0.tipo_solicitacao,ft1_0.unidade_medida from ficha_tecnica ft1_0 where (? is null or lower(ft1_0.colecao) like lower(('%'||?||'%')) escape '') and (? is null or ft1_0.tipo=?) and (? is null or ft1_0.status_pedido=?) and (? is null or ft1_0.data_colocacao_pedido>=?) and (? is null or ft1_0.data_colocacao_pedido<=?) and (? is null or lower(ft1_0.duimp_di) like lower(('%'||?||'%')) escape '') and (? is null or lower(ft1_0.contrato_cambio_adiant) like lower(('%'||?||'%')) escape '' or lower(ft1_0.contrato_cambio_pgto_final) like lower(('%'||?||'%')) escape '') and (? is null or lower(ft1_0.ref_texcotton) like lower(('%'||?||'%')) escape '' or lower(ft1_0.codigo) like lower(('%'||?||'%')) escape '' or lower(ft1_0.ref_fornecedor) like lower(('%'||?||'%')) escape '') and (? is null or lower(ft1_0.numero_pedido) like lower(('%'||?||'%')) escape '') and (? is null or lower(ft1_0.fornecedor) like lower(('%'||?||'%')) escape '') order by ft1_0.id desc
Hibernate: select c1_0.id,c1_0.nome from colecao c1_0
Hibernate: select f1_0.id,f1_0.nome from fornecedor f1_0
Hibernate: select ft1_0.colecao,count(ft1_0.id) from ficha_tecnica ft1_0 where ft1_0.colecao is not null and ft1_0.colecao<>'' group by ft1_0.colecao order by ft1_0.colecao
Hibernate: select i1_0.id,i1_0.nome from insumo i1_0
Hibernate: select ft1_0.id,ft1_0.categoria_produto,ft1_0.codigo,ft1_0.codigo_siscomex,ft1_0.colecao,ft1_0.composicao,ft1_0.contrato_cambio_adiant,ft1_0.contrato_cambio_pgto_final,ft1_0.cor,ft1_0.data_amostra_cor,ft1_0.data_amostra_producao,ft1_0.data_aprovacao_amostra_cor,ft1_0.data_aprovacao_amostra_producao,ft1_0.data_chegada_destino,ft1_0.data_colocacao_pedido,ft1_0.data_saida_origem,ft1_0.descricao,ft1_0.descricao_produto,ft1_0.duimp_di,ft1_0.estagio,ft1_0.fornecedor,ft1_0.foto_path,ft1_0.gramatura,ft1_0.largura,ft1_0.marca,ft1_0.marca_que_comprou,ft1_0.marca_que_utiliza,ft1_0.minimo,ft1_0.minimo_compra,ft1_0.ncm,ft1_0.nome_navio,ft1_0.numero_pedido,ft1_0.observacao_amostra_cor,ft1_0.observacao_amostra_producao,ft1_0.preco_reais,ft1_0.preco_usd,ft1_0.qti_pct,ft1_0.quantidade_comprada,ft1_0.ref_fornecedor,ft1_0.ref_texcotton,ft1_0.referencia,ft1_0.rendimento,ft1_0.status_amostra_cor,ft1_0.status_amostra_producao,ft1_0.status_colecao,ft1_0.status_pedido,ft1_0.tipo,ft1_0.tipo_solicitacao,ft1_0.unidade_medida from ficha_tecnica ft1_0 where ft1_0.id=?
Hibernate: select m1_0.id,m1_0.nome from marca m1_0
Hibernate: select c1_0.id,c1_0.nome from colecao c1_0
Hibernate: select f1_0.id,f1_0.nome from fornecedor f1_0
Hibernate: select c1_0.id,c1_0.nome from categoria c1_0
Hibernate: select i1_0.id,i1_0.nome from insumo i1_0
Hibernate: select ft1_0.id,ft1_0.categoria_produto,ft1_0.codigo,ft1_0.codigo_siscomex,ft1_0.colecao,ft1_0.composicao,ft1_0.contrato_cambio_adiant,ft1_0.contrato_cambio_pgto_final,ft1_0.cor,ft1_0.data_amostra_cor,ft1_0.data_amostra_producao,ft1_0.data_aprovacao_amostra_cor,ft1_0.data_aprovacao_amostra_producao,ft1_0.data_chegada_destino,ft1_0.data_colocacao_pedido,ft1_0.data_saida_origem,ft1_0.descricao,ft1_0.descricao_produto,ft1_0.duimp_di,ft1_0.estagio,ft1_0.fornecedor,ft1_0.foto_path,ft1_0.gramatura,ft1_0.largura,ft1_0.marca,ft1_0.marca_que_comprou,ft1_0.marca_que_utiliza,ft1_0.minimo,ft1_0.minimo_compra,ft1_0.ncm,ft1_0.nome_navio,ft1_0.numero_pedido,ft1_0.observacao_amostra_cor,ft1_0.observacao_amostra_producao,ft1_0.preco_reais,ft1_0.preco_usd,ft1_0.qti_pct,ft1_0.quantidade_comprada,ft1_0.ref_fornecedor,ft1_0.ref_texcotton,ft1_0.referencia,ft1_0.rendimento,ft1_0.status_amostra_cor,ft1_0.status_amostra_producao,ft1_0.status_colecao,ft1_0.status_pedido,ft1_0.tipo,ft1_0.tipo_solicitacao,ft1_0.unidade_medida from ficha_tecnica ft1_0 where ft1_0.id=?
Hibernate: update ficha_tecnica set categoria_produto=?,codigo=?,codigo_siscomex=?,colecao=?,composicao=?,contrato_cambio_adiant=?,contrato_cambio_pgto_final=?,cor=?,data_amostra_cor=?,data_amostra_producao=?,data_aprovacao_amostra_cor=?,data_aprovacao_amostra_producao=?,data_chegada_destino=?,data_colocacao_pedido=?,data_saida_origem=?,descricao=?,descricao_produto=?,duimp_di=?,estagio=?,fornecedor=?,foto_path=?,gramatura=?,largura=?,marca=?,marca_que_comprou=?,marca_que_utiliza=?,minimo=?,minimo_compra=?,ncm=?,nome_navio=?,numero_pedido=?,observacao_amostra_cor=?,observacao_amostra_producao=?,preco_reais=?,preco_usd=?,qti_pct=?,quantidade_comprada=?,ref_fornecedor=?,ref_texcotton=?,referencia=?,rendimento=?,status_amostra_cor=?,status_amostra_producao=?,status_colecao=?,status_pedido=?,tipo=?,tipo_solicitacao=?,unidade_medida=? where id=?
Hibernate: select i1_0.id,i1_0.nome from insumo i1_0
Hibernate: select ft1_0.id,ft1_0.categoria_produto,ft1_0.codigo,ft1_0.codigo_siscomex,ft1_0.colecao,ft1_0.composicao,ft1_0.contrato_cambio_adiant,ft1_0.contrato_cambio_pgto_final,ft1_0.cor,ft1_0.data_amostra_cor,ft1_0.data_amostra_producao,ft1_0.data_aprovacao_amostra_cor,ft1_0.data_aprovacao_amostra_producao,ft1_0.data_chegada_destino,ft1_0.data_colocacao_pedido,ft1_0.data_saida_origem,ft1_0.descricao,ft1_0.descricao_produto,ft1_0.duimp_di,ft1_0.estagio,ft1_0.fornecedor,ft1_0.foto_path,ft1_0.gramatura,ft1_0.largura,ft1_0.marca,ft1_0.marca_que_comprou,ft1_0.marca_que_utiliza,ft1_0.minimo,ft1_0.minimo_compra,ft1_0.ncm,ft1_0.nome_navio,ft1_0.numero_pedido,ft1_0.observacao_amostra_cor,ft1_0.observacao_amostra_producao,ft1_0.preco_reais,ft1_0.preco_usd,ft1_0.qti_pct,ft1_0.quantidade_comprada,ft1_0.ref_fornecedor,ft1_0.ref_texcotton,ft1_0.referencia,ft1_0.rendimento,ft1_0.status_amostra_cor,ft1_0.status_amostra_producao,ft1_0.status_colecao,ft1_0.status_pedido,ft1_0.tipo,ft1_0.tipo_solicitacao,ft1_0.unidade_medida from ficha_tecnica ft1_0 where (? is null or lower(ft1_0.colecao) like lower(('%'||?||'%')) escape '') and (? is null or ft1_0.tipo=?) and (? is null or ft1_0.status_pedido=?) and (? is null or ft1_0.data_colocacao_pedido>=?) and (? is null or ft1_0.data_colocacao_pedido<=?) and (? is null or lower(ft1_0.duimp_di) like lower(('%'||?||'%')) escape '') and (? is null or lower(ft1_0.contrato_cambio_adiant) like lower(('%'||?||'%')) escape '' or lower(ft1_0.contrato_cambio_pgto_final) like lower(('%'||?||'%')) escape '') and (? is null or lower(ft1_0.ref_texcotton) like lower(('%'||?||'%')) escape '' or lower(ft1_0.codigo) like lower(('%'||?||'%')) escape '' or lower(ft1_0.ref_fornecedor) like lower(('%'||?||'%')) escape '') and (? is null or lower(ft1_0.numero_pedido) like lower(('%'||?||'%')) escape '') and (? is null or lower(ft1_0.fornecedor) like lower(('%'||?||'%')) escape '') order by ft1_0.id desc
Hibernate: select c1_0.id,c1_0.nome from colecao c1_0
Hibernate: select f1_0.id,f1_0.nome from fornecedor f1_0
Hibernate: select ft1_0.colecao,count(ft1_0.id) from ficha_tecnica ft1_0 where ft1_0.colecao is not null and ft1_0.colecao<>'' group by ft1_0.colecao order by ft1_0.colecao
Hibernate: select i1_0.id,i1_0.nome from insumo i1_0
Hibernate: select ft1_0.id,ft1_0.categoria_produto,ft1_0.codigo,ft1_0.codigo_siscomex,ft1_0.colecao,ft1_0.composicao,ft1_0.contrato_cambio_adiant,ft1_0.contrato_cambio_pgto_final,ft1_0.cor,ft1_0.data_amostra_cor,ft1_0.data_amostra_producao,ft1_0.data_aprovacao_amostra_cor,ft1_0.data_aprovacao_amostra_producao,ft1_0.data_chegada_destino,ft1_0.data_colocacao_pedido,ft1_0.data_saida_origem,ft1_0.descricao,ft1_0.descricao_produto,ft1_0.duimp_di,ft1_0.estagio,ft1_0.fornecedor,ft1_0.foto_path,ft1_0.gramatura,ft1_0.largura,ft1_0.marca,ft1_0.marca_que_comprou,ft1_0.marca_que_utiliza,ft1_0.minimo,ft1_0.minimo_compra,ft1_0.ncm,ft1_0.nome_navio,ft1_0.numero_pedido,ft1_0.observacao_amostra_cor,ft1_0.observacao_amostra_producao,ft1_0.preco_reais,ft1_0.preco_usd,ft1_0.qti_pct,ft1_0.quantidade_comprada,ft1_0.ref_fornecedor,ft1_0.ref_texcotton,ft1_0.referencia,ft1_0.rendimento,ft1_0.status_amostra_cor,ft1_0.status_amostra_producao,ft1_0.status_colecao,ft1_0.status_pedido,ft1_0.tipo,ft1_0.tipo_solicitacao,ft1_0.unidade_medida from ficha_tecnica ft1_0 where ft1_0.id=?
Hibernate: select m1_0.id,m1_0.nome from marca m1_0
Hibernate: select c1_0.id,c1_0.nome from colecao c1_0
Hibernate: select f1_0.id,f1_0.nome from fornecedor f1_0
Hibernate: select c1_0.id,c1_0.nome from categoria c1_0
Hibernate: select i1_0.id,i1_0.nome from insumo i1_0
Hibernate: select ft1_0.id,ft1_0.categoria_produto,ft1_0.codigo,ft1_0.codigo_siscomex,ft1_0.colecao,ft1_0.composicao,ft1_0.contrato_cambio_adiant,ft1_0.contrato_cambio_pgto_final,ft1_0.cor,ft1_0.data_amostra_cor,ft1_0.data_amostra_producao,ft1_0.data_aprovacao_amostra_cor,ft1_0.data_aprovacao_amostra_producao,ft1_0.data_chegada_destino,ft1_0.data_colocacao_pedido,ft1_0.data_saida_origem,ft1_0.descricao,ft1_0.descricao_produto,ft1_0.duimp_di,ft1_0.estagio,ft1_0.fornecedor,ft1_0.foto_path,ft1_0.gramatura,ft1_0.largura,ft1_0.marca,ft1_0.marca_que_comprou,ft1_0.marca_que_utiliza,ft1_0.minimo,ft1_0.minimo_compra,ft1_0.ncm,ft1_0.nome_navio,ft1_0.numero_pedido,ft1_0.observacao_amostra_cor,ft1_0.observacao_amostra_producao,ft1_0.preco_reais,ft1_0.preco_usd,ft1_0.qti_pct,ft1_0.quantidade_comprada,ft1_0.ref_fornecedor,ft1_0.ref_texcotton,ft1_0.referencia,ft1_0.rendimento,ft1_0.status_amostra_cor,ft1_0.status_amostra_producao,ft1_0.status_colecao,ft1_0.status_pedido,ft1_0.tipo,ft1_0.tipo_solicitacao,ft1_0.unidade_medida from ficha_tecnica ft1_0 where ft1_0.id=?
Hibernate: update ficha_tecnica set categoria_produto=?,codigo=?,codigo_siscomex=?,colecao=?,composicao=?,contrato_cambio_adiant=?,contrato_cambio_pgto_final=?,cor=?,data_amostra_cor=?,data_amostra_producao=?,data_aprovacao_amostra_cor=?,data_aprovacao_amostra_producao=?,data_chegada_destino=?,data_colocacao_pedido=?,data_saida_origem=?,descricao=?,descricao_produto=?,duimp_di=?,estagio=?,fornecedor=?,foto_path=?,gramatura=?,largura=?,marca=?,marca_que_comprou=?,marca_que_utiliza=?,minimo=?,minimo_compra=?,ncm=?,nome_navio=?,numero_pedido=?,observacao_amostra_cor=?,observacao_amostra_producao=?,preco_reais=?,preco_usd=?,qti_pct=?,quantidade_comprada=?,ref_fornecedor=?,ref_texcotton=?,referencia=?,rendimento=?,status_amostra_cor=?,status_amostra_producao=?,status_colecao=?,status_pedido=?,tipo=?,tipo_solicitacao=?,unidade_medida=? where id=?
Hibernate: select i1_0.id,i1_0.nome from insumo i1_0
Hibernate: select ft1_0.id,ft1_0.categoria_produto,ft1_0.codigo,ft1_0.codigo_siscomex,ft1_0.colecao,ft1_0.composicao,ft1_0.contrato_cambio_adiant,ft1_0.contrato_cambio_pgto_final,ft1_0.cor,ft1_0.data_amostra_cor,ft1_0.data_amostra_producao,ft1_0.data_aprovacao_amostra_cor,ft1_0.data_aprovacao_amostra_producao,ft1_0.data_chegada_destino,ft1_0.data_colocacao_pedido,ft1_0.data_saida_origem,ft1_0.descricao,ft1_0.descricao_produto,ft1_0.duimp_di,ft1_0.estagio,ft1_0.fornecedor,ft1_0.foto_path,ft1_0.gramatura,ft1_0.largura,ft1_0.marca,ft1_0.marca_que_comprou,ft1_0.marca_que_utiliza,ft1_0.minimo,ft1_0.minimo_compra,ft1_0.ncm,ft1_0.nome_navio,ft1_0.numero_pedido,ft1_0.observacao_amostra_cor,ft1_0.observacao_amostra_producao,ft1_0.preco_reais,ft1_0.preco_usd,ft1_0.qti_pct,ft1_0.quantidade_comprada,ft1_0.ref_fornecedor,ft1_0.ref_texcotton,ft1_0.referencia,ft1_0.rendimento,ft1_0.status_amostra_cor,ft1_0.status_amostra_producao,ft1_0.status_colecao,ft1_0.status_pedido,ft1_0.tipo,ft1_0.tipo_solicitacao,ft1_0.unidade_medida from ficha_tecnica ft1_0 where (? is null or lower(ft1_0.colecao) like lower(('%'||?||'%')) escape '') and (? is null or ft1_0.tipo=?) and (? is null or ft1_0.status_pedido=?) and (? is null or ft1_0.data_colocacao_pedido>=?) and (? is null or ft1_0.data_colocacao_pedido<=?) and (? is null or lower(ft1_0.duimp_di) like lower(('%'||?||'%')) escape '') and (? is null or lower(ft1_0.contrato_cambio_adiant) like lower(('%'||?||'%')) escape '' or lower(ft1_0.contrato_cambio_pgto_final) like lower(('%'||?||'%')) escape '') and (? is null or lower(ft1_0.ref_texcotton) like lower(('%'||?||'%')) escape '' or lower(ft1_0.codigo) like lower(('%'||?||'%')) escape '' or lower(ft1_0.ref_fornecedor) like lower(('%'||?||'%')) escape '') and (? is null or lower(ft1_0.numero_pedido) like lower(('%'||?||'%')) escape '') and (? is null or lower(ft1_0.fornecedor) like lower(('%'||?||'%')) escape '') order by ft1_0.id desc
Hibernate: select c1_0.id,c1_0.nome from colecao c1_0
Hibernate: select f1_0.id,f1_0.nome from fornecedor f1_0
Hibernate: select ft1_0.colecao,count(ft1_0.id) from ficha_tecnica ft1_0 where ft1_0.colecao is not null and ft1_0.colecao<>'' group by ft1_0.colecao order by ft1_0.colecao
Hibernate: select i1_0.id,i1_0.nome from insumo i1_0
Hibernate: select ft1_0.id,ft1_0.categoria_produto,ft1_0.codigo,ft1_0.codigo_siscomex,ft1_0.colecao,ft1_0.composicao,ft1_0.contrato_cambio_adiant,ft1_0.contrato_cambio_pgto_final,ft1_0.cor,ft1_0.data_amostra_cor,ft1_0.data_amostra_producao,ft1_0.data_aprovacao_amostra_cor,ft1_0.data_aprovacao_amostra_producao,ft1_0.data_chegada_destino,ft1_0.data_colocacao_pedido,ft1_0.data_saida_origem,ft1_0.descricao,ft1_0.descricao_produto,ft1_0.duimp_di,ft1_0.estagio,ft1_0.fornecedor,ft1_0.foto_path,ft1_0.gramatura,ft1_0.largura,ft1_0.marca,ft1_0.marca_que_comprou,ft1_0.marca_que_utiliza,ft1_0.minimo,ft1_0.minimo_compra,ft1_0.ncm,ft1_0.nome_navio,ft1_0.numero_pedido,ft1_0.observacao_amostra_cor,ft1_0.observacao_amostra_producao,ft1_0.preco_reais,ft1_0.preco_usd,ft1_0.qti_pct,ft1_0.quantidade_comprada,ft1_0.ref_fornecedor,ft1_0.ref_texcotton,ft1_0.referencia,ft1_0.rendimento,ft1_0.status_amostra_cor,ft1_0.status_amostra_producao,ft1_0.status_colecao,ft1_0.status_pedido,ft1_0.tipo,ft1_0.tipo_solicitacao,ft1_0.unidade_medida from ficha_tecnica ft1_0 where ft1_0.id=?
Hibernate: select m1_0.id,m1_0.nome from marca m1_0
Hibernate: select c1_0.id,c1_0.nome from colecao c1_0
Hibernate: select f1_0.id,f1_0.nome from fornecedor f1_0
Hibernate: select c1_0.id,c1_0.nome from categoria c1_0
Hibernate: select i1_0.id,i1_0.nome from insumo i1_0
Hibernate: select ft1_0.id,ft1_0.categoria_produto,ft1_0.codigo,ft1_0.codigo_siscomex,ft1_0.colecao,ft1_0.composicao,ft1_0.contrato_cambio_adiant,ft1_0.contrato_cambio_pgto_final,ft1_0.cor,ft1_0.data_amostra_cor,ft1_0.data_amostra_producao,ft1_0.data_aprovacao_amostra_cor,ft1_0.data_aprovacao_amostra_producao,ft1_0.data_chegada_destino,ft1_0.data_colocacao_pedido,ft1_0.data_saida_origem,ft1_0.descricao,ft1_0.descricao_produto,ft1_0.duimp_di,ft1_0.estagio,ft1_0.fornecedor,ft1_0.foto_path,ft1_0.gramatura,ft1_0.largura,ft1_0.marca,ft1_0.marca_que_comprou,ft1_0.marca_que_utiliza,ft1_0.minimo,ft1_0.minimo_compra,ft1_0.ncm,ft1_0.nome_navio,ft1_0.numero_pedido,ft1_0.observacao_amostra_cor,ft1_0.observacao_amostra_producao,ft1_0.preco_reais,ft1_0.preco_usd,ft1_0.qti_pct,ft1_0.quantidade_comprada,ft1_0.ref_fornecedor,ft1_0.ref_texcotton,ft1_0.referencia,ft1_0.rendimento,ft1_0.status_amostra_cor,ft1_0.status_amostra_producao,ft1_0.status_colecao,ft1_0.status_pedido,ft1_0.tipo,ft1_0.tipo_solicitacao,ft1_0.unidade_medida from ficha_tecnica ft1_0 where ft1_0.id=?
Hibernate: update ficha_tecnica set categoria_produto=?,codigo=?,codigo_siscomex=?,colecao=?,composicao=?,contrato_cambio_adiant=?,contrato_cambio_pgto_final=?,cor=?,data_amostra_cor=?,data_amostra_producao=?,data_aprovacao_amostra_cor=?,data_aprovacao_amostra_producao=?,data_chegada_destino=?,data_colocacao_pedido=?,data_saida_origem=?,descricao=?,descricao_produto=?,duimp_di=?,estagio=?,fornecedor=?,foto_path=?,gramatura=?,largura=?,marca=?,marca_que_comprou=?,marca_que_utiliza=?,minimo=?,minimo_compra=?,ncm=?,nome_navio=?,numero_pedido=?,observacao_amostra_cor=?,observacao_amostra_producao=?,preco_reais=?,preco_usd=?,qti_pct=?,quantidade_comprada=?,ref_fornecedor=?,ref_texcotton=?,referencia=?,rendimento=?,status_amostra_cor=?,status_amostra_producao=?,status_colecao=?,status_pedido=?,tipo=?,tipo_solicitacao=?,unidade_medida=? where id=?
Hibernate: select i1_0.id,i1_0.nome from insumo i1_0
Hibernate: select ft1_0.id,ft1_0.categoria_produto,ft1_0.codigo,ft1_0.codigo_siscomex,ft1_0.colecao,ft1_0.composicao,ft1_0.contrato_cambio_adiant,ft1_0.contrato_cambio_pgto_final,ft1_0.cor,ft1_0.data_amostra_cor,ft1_0.data_amostra_producao,ft1_0.data_aprovacao_amostra_cor,ft1_0.data_aprovacao_amostra_producao,ft1_0.data_chegada_destino,ft1_0.data_colocacao_pedido,ft1_0.data_saida_origem,ft1_0.descricao,ft1_0.descricao_produto,ft1_0.duimp_di,ft1_0.estagio,ft1_0.fornecedor,ft1_0.foto_path,ft1_0.gramatura,ft1_0.largura,ft1_0.marca,ft1_0.marca_que_comprou,ft1_0.marca_que_utiliza,ft1_0.minimo,ft1_0.minimo_compra,ft1_0.ncm,ft1_0.nome_navio,ft1_0.numero_pedido,ft1_0.observacao_amostra_cor,ft1_0.observacao_amostra_producao,ft1_0.preco_reais,ft1_0.preco_usd,ft1_0.qti_pct,ft1_0.quantidade_comprada,ft1_0.ref_fornecedor,ft1_0.ref_texcotton,ft1_0.referencia,ft1_0.rendimento,ft1_0.status_amostra_cor,ft1_0.status_amostra_producao,ft1_0.status_colecao,ft1_0.status_pedido,ft1_0.tipo,ft1_0.tipo_solicitacao,ft1_0.unidade_medida from ficha_tecnica ft1_0 where (? is null or lower(ft1_0.colecao) like lower(('%'||?||'%')) escape '') and (? is null or ft1_0.tipo=?) and (? is null or ft1_0.status_pedido=?) and (? is null or ft1_0.data_colocacao_pedido>=?) and (? is null or ft1_0.data_colocacao_pedido<=?) and (? is null or lower(ft1_0.duimp_di) like lower(('%'||?||'%')) escape '') and (? is null or lower(ft1_0.contrato_cambio_adiant) like lower(('%'||?||'%')) escape '' or lower(ft1_0.contrato_cambio_pgto_final) like lower(('%'||?||'%')) escape '') and (? is null or lower(ft1_0.ref_texcotton) like lower(('%'||?||'%')) escape '' or lower(ft1_0.codigo) like lower(('%'||?||'%')) escape '' or lower(ft1_0.ref_fornecedor) like lower(('%'||?||'%')) escape '') and (? is null or lower(ft1_0.numero_pedido) like lower(('%'||?||'%')) escape '') and (? is null or lower(ft1_0.fornecedor) like lower(('%'||?||'%')) escape '') order by ft1_0.id desc
Hibernate: select c1_0.id,c1_0.nome from colecao c1_0
Hibernate: select f1_0.id,f1_0.nome from fornecedor f1_0
Hibernate: select ft1_0.colecao,count(ft1_0.id) from ficha_tecnica ft1_0 where ft1_0.colecao is not null and ft1_0.colecao<>'' group by ft1_0.colecao order by ft1_0.colecao
Hibernate: select i1_0.id,i1_0.nome from insumo i1_0
Hibernate: select ft1_0.id,ft1_0.categoria_produto,ft1_0.codigo,ft1_0.codigo_siscomex,ft1_0.colecao,ft1_0.composicao,ft1_0.contrato_cambio_adiant,ft1_0.contrato_cambio_pgto_final,ft1_0.cor,ft1_0.data_amostra_cor,ft1_0.data_amostra_producao,ft1_0.data_aprovacao_amostra_cor,ft1_0.data_aprovacao_amostra_producao,ft1_0.data_chegada_destino,ft1_0.data_colocacao_pedido,ft1_0.data_saida_origem,ft1_0.descricao,ft1_0.descricao_produto,ft1_0.duimp_di,ft1_0.estagio,ft1_0.fornecedor,ft1_0.foto_path,ft1_0.gramatura,ft1_0.largura,ft1_0.marca,ft1_0.marca_que_comprou,ft1_0.marca_que_utiliza,ft1_0.minimo,ft1_0.minimo_compra,ft1_0.ncm,ft1_0.nome_navio,ft1_0.numero_pedido,ft1_0.observacao_amostra_cor,ft1_0.observacao_amostra_producao,ft1_0.preco_reais,ft1_0.preco_usd,ft1_0.qti_pct,ft1_0.quantidade_comprada,ft1_0.ref_fornecedor,ft1_0.ref_texcotton,ft1_0.referencia,ft1_0.rendimento,ft1_0.status_amostra_cor,ft1_0.status_amostra_producao,ft1_0.status_colecao,ft1_0.status_pedido,ft1_0.tipo,ft1_0.tipo_solicitacao,ft1_0.unidade_medida from ficha_tecnica ft1_0 where ft1_0.id=?
Hibernate: select m1_0.id,m1_0.nome from marca m1_0
Hibernate: select c1_0.id,c1_0.nome from colecao c1_0
Hibernate: select f1_0.id,f1_0.nome from fornecedor f1_0
Hibernate: select c1_0.id,c1_0.nome from categoria c1_0
Hibernate: select i1_0.id,i1_0.nome from insumo i1_0
Hibernate: select ft1_0.id,ft1_0.categoria_produto,ft1_0.codigo,ft1_0.codigo_siscomex,ft1_0.colecao,ft1_0.composicao,ft1_0.contrato_cambio_adiant,ft1_0.contrato_cambio_pgto_final,ft1_0.cor,ft1_0.data_amostra_cor,ft1_0.data_amostra_producao,ft1_0.data_aprovacao_amostra_cor,ft1_0.data_aprovacao_amostra_producao,ft1_0.data_chegada_destino,ft1_0.data_colocacao_pedido,ft1_0.data_saida_origem,ft1_0.descricao,ft1_0.descricao_produto,ft1_0.duimp_di,ft1_0.estagio,ft1_0.fornecedor,ft1_0.foto_path,ft1_0.gramatura,ft1_0.largura,ft1_0.marca,ft1_0.marca_que_comprou,ft1_0.marca_que_utiliza,ft1_0.minimo,ft1_0.minimo_compra,ft1_0.ncm,ft1_0.nome_navio,ft1_0.numero_pedido,ft1_0.observacao_amostra_cor,ft1_0.observacao_amostra_producao,ft1_0.preco_reais,ft1_0.preco_usd,ft1_0.qti_pct,ft1_0.quantidade_comprada,ft1_0.ref_fornecedor,ft1_0.ref_texcotton,ft1_0.referencia,ft1_0.rendimento,ft1_0.status_amostra_cor,ft1_0.status_amostra_producao,ft1_0.status_colecao,ft1_0.status_pedido,ft1_0.tipo,ft1_0.tipo_solicitacao,ft1_0.unidade_medida from ficha_tecnica ft1_0 where ft1_0.id=?
Hibernate: update ficha_tecnica set categoria_produto=?,codigo=?,codigo_siscomex=?,colecao=?,composicao=?,contrato_cambio_adiant=?,contrato_cambio_pgto_final=?,cor=?,data_amostra_cor=?,data_amostra_producao=?,data_aprovacao_amostra_cor=?,data_aprovacao_amostra_producao=?,data_chegada_destino=?,data_colocacao_pedido=?,data_saida_origem=?,descricao=?,descricao_produto=?,duimp_di=?,estagio=?,fornecedor=?,foto_path=?,gramatura=?,largura=?,marca=?,marca_que_comprou=?,marca_que_utiliza=?,minimo=?,minimo_compra=?,ncm=?,nome_navio=?,numero_pedido=?,observacao_amostra_cor=?,observacao_amostra_producao=?,preco_reais=?,preco_usd=?,qti_pct=?,quantidade_comprada=?,ref_fornecedor=?,ref_texcotton=?,referencia=?,rendimento=?,status_amostra_cor=?,status_amostra_producao=?,status_colecao=?,status_pedido=?,tipo=?,tipo_solicitacao=?,unidade_medida=? where id=?
Hibernate: select i1_0.id,i1_0.nome from insumo i1_0
Hibernate: select ft1_0.id,ft1_0.categoria_produto,ft1_0.codigo,ft1_0.codigo_siscomex,ft1_0.colecao,ft1_0.composicao,ft1_0.contrato_cambio_adiant,ft1_0.contrato_cambio_pgto_final,ft1_0.cor,ft1_0.data_amostra_cor,ft1_0.data_amostra_producao,ft1_0.data_aprovacao_amostra_cor,ft1_0.data_aprovacao_amostra_producao,ft1_0.data_chegada_destino,ft1_0.data_colocacao_pedido,ft1_0.data_saida_origem,ft1_0.descricao,ft1_0.descricao_produto,ft1_0.duimp_di,ft1_0.estagio,ft1_0.fornecedor,ft1_0.foto_path,ft1_0.gramatura,ft1_0.largura,ft1_0.marca,ft1_0.marca_que_comprou,ft1_0.marca_que_utiliza,ft1_0.minimo,ft1_0.minimo_compra,ft1_0.ncm,ft1_0.nome_navio,ft1_0.numero_pedido,ft1_0.observacao_amostra_cor,ft1_0.observacao_amostra_producao,ft1_0.preco_reais,ft1_0.preco_usd,ft1_0.qti_pct,ft1_0.quantidade_comprada,ft1_0.ref_fornecedor,ft1_0.ref_texcotton,ft1_0.referencia,ft1_0.rendimento,ft1_0.status_amostra_cor,ft1_0.status_amostra_producao,ft1_0.status_colecao,ft1_0.status_pedido,ft1_0.tipo,ft1_0.tipo_solicitacao,ft1_0.unidade_medida from ficha_tecnica ft1_0 where (? is null or lower(ft1_0.colecao) like lower(('%'||?||'%')) escape '') and (? is null or ft1_0.tipo=?) and (? is null or ft1_0.status_pedido=?) and (? is null or ft1_0.data_colocacao_pedido>=?) and (? is null or ft1_0.data_colocacao_pedido<=?) and (? is null or lower(ft1_0.duimp_di) like lower(('%'||?||'%')) escape '') and (? is null or lower(ft1_0.contrato_cambio_adiant) like lower(('%'||?||'%')) escape '' or lower(ft1_0.contrato_cambio_pgto_final) like lower(('%'||?||'%')) escape '') and (? is null or lower(ft1_0.ref_texcotton) like lower(('%'||?||'%')) escape '' or lower(ft1_0.codigo) like lower(('%'||?||'%')) escape '' or lower(ft1_0.ref_fornecedor) like lower(('%'||?||'%')) escape '') and (? is null or lower(ft1_0.numero_pedido) like lower(('%'||?||'%')) escape '') and (? is null or lower(ft1_0.fornecedor) like lower(('%'||?||'%')) escape '') order by ft1_0.id desc
Hibernate: select c1_0.id,c1_0.nome from colecao c1_0
Hibernate: select f1_0.id,f1_0.nome from fornecedor f1_0
Hibernate: select ft1_0.colecao,count(ft1_0.id) from ficha_tecnica ft1_0 where ft1_0.colecao is not null and ft1_0.colecao<>'' group by ft1_0.colecao order by ft1_0.colecao
Hibernate: select i1_0.id,i1_0.nome from insumo i1_0
Hibernate: select ft1_0.id,ft1_0.categoria_produto,ft1_0.codigo,ft1_0.codigo_siscomex,ft1_0.colecao,ft1_0.composicao,ft1_0.contrato_cambio_adiant,ft1_0.contrato_cambio_pgto_final,ft1_0.cor,ft1_0.data_amostra_cor,ft1_0.data_amostra_producao,ft1_0.data_aprovacao_amostra_cor,ft1_0.data_aprovacao_amostra_producao,ft1_0.data_chegada_destino,ft1_0.data_colocacao_pedido,ft1_0.data_saida_origem,ft1_0.descricao,ft1_0.descricao_produto,ft1_0.duimp_di,ft1_0.estagio,ft1_0.fornecedor,ft1_0.foto_path,ft1_0.gramatura,ft1_0.largura,ft1_0.marca,ft1_0.marca_que_comprou,ft1_0.marca_que_utiliza,ft1_0.minimo,ft1_0.minimo_compra,ft1_0.ncm,ft1_0.nome_navio,ft1_0.numero_pedido,ft1_0.observacao_amostra_cor,ft1_0.observacao_amostra_producao,ft1_0.preco_reais,ft1_0.preco_usd,ft1_0.qti_pct,ft1_0.quantidade_comprada,ft1_0.ref_fornecedor,ft1_0.ref_texcotton,ft1_0.referencia,ft1_0.rendimento,ft1_0.status_amostra_cor,ft1_0.status_amostra_producao,ft1_0.status_colecao,ft1_0.status_pedido,ft1_0.tipo,ft1_0.tipo_solicitacao,ft1_0.unidade_medida from ficha_tecnica ft1_0 where ft1_0.id=?
Hibernate: select m1_0.id,m1_0.nome from marca m1_0
Hibernate: select c1_0.id,c1_0.nome from colecao c1_0
Hibernate: select f1_0.id,f1_0.nome from fornecedor f1_0
Hibernate: select c1_0.id,c1_0.nome from categoria c1_0
Hibernate: select i1_0.id,i1_0.nome from insumo i1_0
Hibernate: select ft1_0.id,ft1_0.categoria_produto,ft1_0.codigo,ft1_0.codigo_siscomex,ft1_0.colecao,ft1_0.composicao,ft1_0.contrato_cambio_adiant,ft1_0.contrato_cambio_pgto_final,ft1_0.cor,ft1_0.data_amostra_cor,ft1_0.data_amostra_producao,ft1_0.data_aprovacao_amostra_cor,ft1_0.data_aprovacao_amostra_producao,ft1_0.data_chegada_destino,ft1_0.data_colocacao_pedido,ft1_0.data_saida_origem,ft1_0.descricao,ft1_0.descricao_produto,ft1_0.duimp_di,ft1_0.estagio,ft1_0.fornecedor,ft1_0.foto_path,ft1_0.gramatura,ft1_0.largura,ft1_0.marca,ft1_0.marca_que_comprou,ft1_0.marca_que_utiliza,ft1_0.minimo,ft1_0.minimo_compra,ft1_0.ncm,ft1_0.nome_navio,ft1_0.numero_pedido,ft1_0.observacao_amostra_cor,ft1_0.observacao_amostra_producao,ft1_0.preco_reais,ft1_0.preco_usd,ft1_0.qti_pct,ft1_0.quantidade_comprada,ft1_0.ref_fornecedor,ft1_0.ref_texcotton,ft1_0.referencia,ft1_0.rendimento,ft1_0.status_amostra_cor,ft1_0.status_amostra_producao,ft1_0.status_colecao,ft1_0.status_pedido,ft1_0.tipo,ft1_0.tipo_solicitacao,ft1_0.unidade_medida from ficha_tecnica ft1_0 where ft1_0.id=?
Hibernate: update ficha_tecnica set categoria_produto=?,codigo=?,codigo_siscomex=?,colecao=?,composicao=?,contrato_cambio_adiant=?,contrato_cambio_pgto_final=?,cor=?,data_amostra_cor=?,data_amostra_producao=?,data_aprovacao_amostra_cor=?,data_aprovacao_amostra_producao=?,data_chegada_destino=?,data_colocacao_pedido=?,data_saida_origem=?,descricao=?,descricao_produto=?,duimp_di=?,estagio=?,fornecedor=?,foto_path=?,gramatura=?,largura=?,marca=?,marca_que_comprou=?,marca_que_utiliza=?,minimo=?,minimo_compra=?,ncm=?,nome_navio=?,numero_pedido=?,observacao_amostra_cor=?,observacao_amostra_producao=?,preco_reais=?,preco_usd=?,qti_pct=?,quantidade_comprada=?,ref_fornecedor=?,ref_texcotton=?,referencia=?,rendimento=?,status_amostra_cor=?,status_amostra_producao=?,status_colecao=?,status_pedido=?,tipo=?,tipo_solicitacao=?,unidade_medida=? where id=?
Hibernate: select i1_0.id,i1_0.nome from insumo i1_0
Hibernate: select ft1_0.id,ft1_0.categoria_produto,ft1_0.codigo,ft1_0.codigo_siscomex,ft1_0.colecao,ft1_0.composicao,ft1_0.contrato_cambio_adiant,ft1_0.contrato_cambio_pgto_final,ft1_0.cor,ft1_0.data_amostra_cor,ft1_0.data_amostra_producao,ft1_0.data_aprovacao_amostra_cor,ft1_0.data_aprovacao_amostra_producao,ft1_0.data_chegada_destino,ft1_0.data_colocacao_pedido,ft1_0.data_saida_origem,ft1_0.descricao,ft1_0.descricao_produto,ft1_0.duimp_di,ft1_0.estagio,ft1_0.fornecedor,ft1_0.foto_path,ft1_0.gramatura,ft1_0.largura,ft1_0.marca,ft1_0.marca_que_comprou,ft1_0.marca_que_utiliza,ft1_0.minimo,ft1_0.minimo_compra,ft1_0.ncm,ft1_0.nome_navio,ft1_0.numero_pedido,ft1_0.observacao_amostra_cor,ft1_0.observacao_amostra_producao,ft1_0.preco_reais,ft1_0.preco_usd,ft1_0.qti_pct,ft1_0.quantidade_comprada,ft1_0.ref_fornecedor,ft1_0.ref_texcotton,ft1_0.referencia,ft1_0.rendimento,ft1_0.status_amostra_cor,ft1_0.status_amostra_producao,ft1_0.status_colecao,ft1_0.status_pedido,ft1_0.tipo,ft1_0.tipo_solicitacao,ft1_0.unidade_medida from ficha_tecnica ft1_0 where (? is null or lower(ft1_0.colecao) like lower(('%'||?||'%')) escape '') and (? is null or ft1_0.tipo=?) and (? is null or ft1_0.status_pedido=?) and (? is null or ft1_0.data_colocacao_pedido>=?) and (? is null or ft1_0.data_colocacao_pedido<=?) and (? is null or lower(ft1_0.duimp_di) like lower(('%'||?||'%')) escape '') and (? is null or lower(ft1_0.contrato_cambio_adiant) like lower(('%'||?||'%')) escape '' or lower(ft1_0.contrato_cambio_pgto_final) like lower(('%'||?||'%')) escape '') and (? is null or lower(ft1_0.ref_texcotton) like lower(('%'||?||'%')) escape '' or lower(ft1_0.codigo) like lower(('%'||?||'%')) escape '' or lower(ft1_0.ref_fornecedor) like lower(('%'||?||'%')) escape '') and (? is null or lower(ft1_0.numero_pedido) like lower(('%'||?||'%')) escape '') and (? is null or lower(ft1_0.fornecedor) like lower(('%'||?||'%')) escape '') order by ft1_0.id desc
Hibernate: select c1_0.id,c1_0.nome from colecao c1_0
Hibernate: select f1_0.id,f1_0.nome from fornecedor f1_0
Hibernate: select ft1_0.colecao,count(ft1_0.id) from ficha_tecnica ft1_0 where ft1_0.colecao is not null and ft1_0.colecao<>'' group by ft1_0.colecao order by ft1_0.colecao
Hibernate: select ft1_0.id,ft1_0.categoria_produto,ft1_0.codigo,ft1_0.codigo_siscomex,ft1_0.colecao,ft1_0.composicao,ft1_0.contrato_cambio_adiant,ft1_0.contrato_cambio_pgto_final,ft1_0.cor,ft1_0.data_amostra_cor,ft1_0.data_amostra_producao,ft1_0.data_aprovacao_amostra_cor,ft1_0.data_aprovacao_amostra_producao,ft1_0.data_chegada_destino,ft1_0.data_colocacao_pedido,ft1_0.data_saida_origem,ft1_0.descricao,ft1_0.descricao_produto,ft1_0.duimp_di,ft1_0.estagio,ft1_0.fornecedor,ft1_0.foto_path,ft1_0.gramatura,ft1_0.largura,ft1_0.marca,ft1_0.marca_que_comprou,ft1_0.marca_que_utiliza,ft1_0.minimo,ft1_0.minimo_compra,ft1_0.ncm,ft1_0.nome_navio,ft1_0.numero_pedido,ft1_0.observacao_amostra_cor,ft1_0.observacao_amostra_producao,ft1_0.preco_reais,ft1_0.preco_usd,ft1_0.qti_pct,ft1_0.quantidade_comprada,ft1_0.ref_fornecedor,ft1_0.ref_texcotton,ft1_0.referencia,ft1_0.rendimento,ft1_0.status_amostra_cor,ft1_0.status_amostra_producao,ft1_0.status_colecao,ft1_0.status_pedido,ft1_0.tipo,ft1_0.tipo_solicitacao,ft1_0.unidade_medida from ficha_tecnica ft1_0
Hibernate: select m1_0.id,m1_0.nome from marca m1_0
Hibernate: select c1_0.id,c1_0.nome from colecao c1_0
Hibernate: select i1_0.id,i1_0.nome from insumo i1_0
Hibernate: select f1_0.id,f1_0.nome from fornecedor f1_0
Hibernate: select c1_0.id,c1_0.nome from categoria c1_0
Hibernate: select bn1_0.id,bn1_0.colecao,bn1_0.fornecedor,bn1_0.insumo,bn1_0.quantidade from bandeira_novidade bn1_0
Hibernate: select qp1_0.id,qp1_0.anime_aprovado,qp1_0.anime_cancelado,qp1_0.anime_cotado,qp1_0.authoria_aprovado,qp1_0.authoria_cancelado,qp1_0.authoria_cotado,qp1_0.bimbi_aprovado,qp1_0.bimbi_cancelado,qp1_0.bimbi_cotado,qp1_0.colecao,qp1_0.momi_aprovado,qp1_0.momi_cancelado,qp1_0.momi_cotado,qp1_0.tipo_solicitacao,qp1_0.youcciecancelado,qp1_0.youcciecotado,qp1_0.youcciee_aprovado from quadro_planejamento qp1_0
Hibernate: select cp1_0.id,cp1_0.colecao,cp1_0.insumo,cp1_0.marca from cadastro_previo cp1_0
2026-10-01T10:08:31.148-03:00  INFO 12700 --- [projeto] [   scheduling-1] c.e.projeto.service.CsvBackupService     : Backup CSV concluído em C:\Users\sabrina.00858\IdeaProjects\projetoMichele\backups (131 registros no total).
Hibernate: select i1_0.id,i1_0.nome from insumo i1_0
Hibernate: select ft1_0.id,ft1_0.categoria_produto,ft1_0.codigo,ft1_0.codigo_siscomex,ft1_0.colecao,ft1_0.composicao,ft1_0.contrato_cambio_adiant,ft1_0.contrato_cambio_pgto_final,ft1_0.cor,ft1_0.data_amostra_cor,ft1_0.data_amostra_producao,ft1_0.data_aprovacao_amostra_cor,ft1_0.data_aprovacao_amostra_producao,ft1_0.data_chegada_destino,ft1_0.data_colocacao_pedido,ft1_0.data_saida_origem,ft1_0.descricao,ft1_0.descricao_produto,ft1_0.duimp_di,ft1_0.estagio,ft1_0.fornecedor,ft1_0.foto_path,ft1_0.gramatura,ft1_0.largura,ft1_0.marca,ft1_0.marca_que_comprou,ft1_0.marca_que_utiliza,ft1_0.minimo,ft1_0.minimo_compra,ft1_0.ncm,ft1_0.nome_navio,ft1_0.numero_pedido,ft1_0.observacao_amostra_cor,ft1_0.observacao_amostra_producao,ft1_0.preco_reais,ft1_0.preco_usd,ft1_0.qti_pct,ft1_0.quantidade_comprada,ft1_0.ref_fornecedor,ft1_0.ref_texcotton,ft1_0.referencia,ft1_0.rendimento,ft1_0.status_amostra_cor,ft1_0.status_amostra_producao,ft1_0.status_colecao,ft1_0.status_pedido,ft1_0.tipo,ft1_0.tipo_solicitacao,ft1_0.unidade_medida from ficha_tecnica ft1_0 where ft1_0.id=?
Hibernate: select m1_0.id,m1_0.nome from marca m1_0
Hibernate: select c1_0.id,c1_0.nome from colecao c1_0
Hibernate: select f1_0.id,f1_0.nome from fornecedor f1_0
Hibernate: select c1_0.id,c1_0.nome from categoria c1_0
Hibernate: select i1_0.id,i1_0.nome from insumo i1_0
Hibernate: select ft1_0.id,ft1_0.categoria_produto,ft1_0.codigo,ft1_0.codigo_siscomex,ft1_0.colecao,ft1_0.composicao,ft1_0.contrato_cambio_adiant,ft1_0.contrato_cambio_pgto_final,ft1_0.cor,ft1_0.data_amostra_cor,ft1_0.data_amostra_producao,ft1_0.data_aprovacao_amostra_cor,ft1_0.data_aprovacao_amostra_producao,ft1_0.data_chegada_destino,ft1_0.data_colocacao_pedido,ft1_0.data_saida_origem,ft1_0.descricao,ft1_0.descricao_produto,ft1_0.duimp_di,ft1_0.estagio,ft1_0.fornecedor,ft1_0.foto_path,ft1_0.gramatura,ft1_0.largura,ft1_0.marca,ft1_0.marca_que_comprou,ft1_0.marca_que_utiliza,ft1_0.minimo,ft1_0.minimo_compra,ft1_0.ncm,ft1_0.nome_navio,ft1_0.numero_pedido,ft1_0.observacao_amostra_cor,ft1_0.observacao_amostra_producao,ft1_0.preco_reais,ft1_0.preco_usd,ft1_0.qti_pct,ft1_0.quantidade_comprada,ft1_0.ref_fornecedor,ft1_0.ref_texcotton,ft1_0.referencia,ft1_0.rendimento,ft1_0.status_amostra_cor,ft1_0.status_amostra_producao,ft1_0.status_colecao,ft1_0.status_pedido,ft1_0.tipo,ft1_0.tipo_solicitacao,ft1_0.unidade_medida from ficha_tecnica ft1_0 where ft1_0.id=?
Hibernate: update ficha_tecnica set categoria_produto=?,codigo=?,codigo_siscomex=?,colecao=?,composicao=?,contrato_cambio_adiant=?,contrato_cambio_pgto_final=?,cor=?,data_amostra_cor=?,data_amostra_producao=?,data_aprovacao_amostra_cor=?,data_aprovacao_amostra_producao=?,data_chegada_destino=?,data_colocacao_pedido=?,data_saida_origem=?,descricao=?,descricao_produto=?,duimp_di=?,estagio=?,fornecedor=?,foto_path=?,gramatura=?,largura=?,marca=?,marca_que_comprou=?,marca_que_utiliza=?,minimo=?,minimo_compra=?,ncm=?,nome_navio=?,numero_pedido=?,observacao_amostra_cor=?,observacao_amostra_producao=?,preco_reais=?,preco_usd=?,qti_pct=?,quantidade_comprada=?,ref_fornecedor=?,ref_texcotton=?,referencia=?,rendimento=?,status_amostra_cor=?,status_amostra_producao=?,status_colecao=?,status_pedido=?,tipo=?,tipo_solicitacao=?,unidade_medida=? where id=?
Hibernate: select i1_0.id,i1_0.nome from insumo i1_0
Hibernate: select ft1_0.id,ft1_0.categoria_produto,ft1_0.codigo,ft1_0.codigo_siscomex,ft1_0.colecao,ft1_0.composicao,ft1_0.contrato_cambio_adiant,ft1_0.contrato_cambio_pgto_final,ft1_0.cor,ft1_0.data_amostra_cor,ft1_0.data_amostra_producao,ft1_0.data_aprovacao_amostra_cor,ft1_0.data_aprovacao_amostra_producao,ft1_0.data_chegada_destino,ft1_0.data_colocacao_pedido,ft1_0.data_saida_origem,ft1_0.descricao,ft1_0.descricao_produto,ft1_0.duimp_di,ft1_0.estagio,ft1_0.fornecedor,ft1_0.foto_path,ft1_0.gramatura,ft1_0.largura,ft1_0.marca,ft1_0.marca_que_comprou,ft1_0.marca_que_utiliza,ft1_0.minimo,ft1_0.minimo_compra,ft1_0.ncm,ft1_0.nome_navio,ft1_0.numero_pedido,ft1_0.observacao_amostra_cor,ft1_0.observacao_amostra_producao,ft1_0.preco_reais,ft1_0.preco_usd,ft1_0.qti_pct,ft1_0.quantidade_comprada,ft1_0.ref_fornecedor,ft1_0.ref_texcotton,ft1_0.referencia,ft1_0.rendimento,ft1_0.status_amostra_cor,ft1_0.status_amostra_producao,ft1_0.status_colecao,ft1_0.status_pedido,ft1_0.tipo,ft1_0.tipo_solicitacao,ft1_0.unidade_medida from ficha_tecnica ft1_0 where (? is null or lower(ft1_0.colecao) like lower(('%'||?||'%')) escape '') and (? is null or ft1_0.tipo=?) and (? is null or ft1_0.status_pedido=?) and (? is null or ft1_0.data_colocacao_pedido>=?) and (? is null or ft1_0.data_colocacao_pedido<=?) and (? is null or lower(ft1_0.duimp_di) like lower(('%'||?||'%')) escape '') and (? is null or lower(ft1_0.contrato_cambio_adiant) like lower(('%'||?||'%')) escape '' or lower(ft1_0.contrato_cambio_pgto_final) like lower(('%'||?||'%')) escape '') and (? is null or lower(ft1_0.ref_texcotton) like lower(('%'||?||'%')) escape '' or lower(ft1_0.codigo) like lower(('%'||?||'%')) escape '' or lower(ft1_0.ref_fornecedor) like lower(('%'||?||'%')) escape '') and (? is null or lower(ft1_0.numero_pedido) like lower(('%'||?||'%')) escape '') and (? is null or lower(ft1_0.fornecedor) like lower(('%'||?||'%')) escape '') order by ft1_0.id desc
Hibernate: select c1_0.id,c1_0.nome from colecao c1_0
Hibernate: select f1_0.id,f1_0.nome from fornecedor f1_0
Hibernate: select ft1_0.colecao,count(ft1_0.id) from ficha_tecnica ft1_0 where ft1_0.colecao is not null and ft1_0.colecao<>'' group by ft1_0.colecao order by ft1_0.colecao
Hibernate: select i1_0.id,i1_0.nome from insumo i1_0
Hibernate: select ft1_0.id,ft1_0.categoria_produto,ft1_0.codigo,ft1_0.codigo_siscomex,ft1_0.colecao,ft1_0.composicao,ft1_0.contrato_cambio_adiant,ft1_0.contrato_cambio_pgto_final,ft1_0.cor,ft1_0.data_amostra_cor,ft1_0.data_amostra_producao,ft1_0.data_aprovacao_amostra_cor,ft1_0.data_aprovacao_amostra_producao,ft1_0.data_chegada_destino,ft1_0.data_colocacao_pedido,ft1_0.data_saida_origem,ft1_0.descricao,ft1_0.descricao_produto,ft1_0.duimp_di,ft1_0.estagio,ft1_0.fornecedor,ft1_0.foto_path,ft1_0.gramatura,ft1_0.largura,ft1_0.marca,ft1_0.marca_que_comprou,ft1_0.marca_que_utiliza,ft1_0.minimo,ft1_0.minimo_compra,ft1_0.ncm,ft1_0.nome_navio,ft1_0.numero_pedido,ft1_0.observacao_amostra_cor,ft1_0.observacao_amostra_producao,ft1_0.preco_reais,ft1_0.preco_usd,ft1_0.qti_pct,ft1_0.quantidade_comprada,ft1_0.ref_fornecedor,ft1_0.ref_texcotton,ft1_0.referencia,ft1_0.rendimento,ft1_0.status_amostra_cor,ft1_0.status_amostra_producao,ft1_0.status_colecao,ft1_0.status_pedido,ft1_0.tipo,ft1_0.tipo_solicitacao,ft1_0.unidade_medida from ficha_tecnica ft1_0 where ft1_0.id=?
Hibernate: select m1_0.id,m1_0.nome from marca m1_0
Hibernate: select c1_0.id,c1_0.nome from colecao c1_0
Hibernate: select f1_0.id,f1_0.nome from fornecedor f1_0
Hibernate: select c1_0.id,c1_0.nome from categoria c1_0
Hibernate: select i1_0.id,i1_0.nome from insumo i1_0
Hibernate: select ft1_0.id,ft1_0.categoria_produto,ft1_0.codigo,ft1_0.codigo_siscomex,ft1_0.colecao,ft1_0.composicao,ft1_0.contrato_cambio_adiant,ft1_0.contrato_cambio_pgto_final,ft1_0.cor,ft1_0.data_amostra_cor,ft1_0.data_amostra_producao,ft1_0.data_aprovacao_amostra_cor,ft1_0.data_aprovacao_amostra_producao,ft1_0.data_chegada_destino,ft1_0.data_colocacao_pedido,ft1_0.data_saida_origem,ft1_0.descricao,ft1_0.descricao_produto,ft1_0.duimp_di,ft1_0.estagio,ft1_0.fornecedor,ft1_0.foto_path,ft1_0.gramatura,ft1_0.largura,ft1_0.marca,ft1_0.marca_que_comprou,ft1_0.marca_que_utiliza,ft1_0.minimo,ft1_0.minimo_compra,ft1_0.ncm,ft1_0.nome_navio,ft1_0.numero_pedido,ft1_0.observacao_amostra_cor,ft1_0.observacao_amostra_producao,ft1_0.preco_reais,ft1_0.preco_usd,ft1_0.qti_pct,ft1_0.quantidade_comprada,ft1_0.ref_fornecedor,ft1_0.ref_texcotton,ft1_0.referencia,ft1_0.rendimento,ft1_0.status_amostra_cor,ft1_0.status_amostra_producao,ft1_0.status_colecao,ft1_0.status_pedido,ft1_0.tipo,ft1_0.tipo_solicitacao,ft1_0.unidade_medida from ficha_tecnica ft1_0 where ft1_0.id=?
Hibernate: update ficha_tecnica set categoria_produto=?,codigo=?,codigo_siscomex=?,colecao=?,composicao=?,contrato_cambio_adiant=?,contrato_cambio_pgto_final=?,cor=?,data_amostra_cor=?,data_amostra_producao=?,data_aprovacao_amostra_cor=?,data_aprovacao_amostra_producao=?,data_chegada_destino=?,data_colocacao_pedido=?,data_saida_origem=?,descricao=?,descricao_produto=?,duimp_di=?,estagio=?,fornecedor=?,foto_path=?,gramatura=?,largura=?,marca=?,marca_que_comprou=?,marca_que_utiliza=?,minimo=?,minimo_compra=?,ncm=?,nome_navio=?,numero_pedido=?,observacao_amostra_cor=?,observacao_amostra_producao=?,preco_reais=?,preco_usd=?,qti_pct=?,quantidade_comprada=?,ref_fornecedor=?,ref_texcotton=?,referencia=?,rendimento=?,status_amostra_cor=?,status_amostra_producao=?,status_colecao=?,status_pedido=?,tipo=?,tipo_solicitacao=?,unidade_medida=? where id=?
Hibernate: select i1_0.id,i1_0.nome from insumo i1_0
Hibernate: select ft1_0.id,ft1_0.categoria_produto,ft1_0.codigo,ft1_0.codigo_siscomex,ft1_0.colecao,ft1_0.composicao,ft1_0.contrato_cambio_adiant,ft1_0.contrato_cambio_pgto_final,ft1_0.cor,ft1_0.data_amostra_cor,ft1_0.data_amostra_producao,ft1_0.data_aprovacao_amostra_cor,ft1_0.data_aprovacao_amostra_producao,ft1_0.data_chegada_destino,ft1_0.data_colocacao_pedido,ft1_0.data_saida_origem,ft1_0.descricao,ft1_0.descricao_produto,ft1_0.duimp_di,ft1_0.estagio,ft1_0.fornecedor,ft1_0.foto_path,ft1_0.gramatura,ft1_0.largura,ft1_0.marca,ft1_0.marca_que_comprou,ft1_0.marca_que_utiliza,ft1_0.minimo,ft1_0.minimo_compra,ft1_0.ncm,ft1_0.nome_navio,ft1_0.numero_pedido,ft1_0.observacao_amostra_cor,ft1_0.observacao_amostra_producao,ft1_0.preco_reais,ft1_0.preco_usd,ft1_0.qti_pct,ft1_0.quantidade_comprada,ft1_0.ref_fornecedor,ft1_0.ref_texcotton,ft1_0.referencia,ft1_0.rendimento,ft1_0.status_amostra_cor,ft1_0.status_amostra_producao,ft1_0.status_colecao,ft1_0.status_pedido,ft1_0.tipo,ft1_0.tipo_solicitacao,ft1_0.unidade_medida from ficha_tecnica ft1_0 where (? is null or lower(ft1_0.colecao) like lower(('%'||?||'%')) escape '') and (? is null or ft1_0.tipo=?) and (? is null or ft1_0.status_pedido=?) and (? is null or ft1_0.data_colocacao_pedido>=?) and (? is null or ft1_0.data_colocacao_pedido<=?) and (? is null or lower(ft1_0.duimp_di) like lower(('%'||?||'%')) escape '') and (? is null or lower(ft1_0.contrato_cambio_adiant) like lower(('%'||?||'%')) escape '' or lower(ft1_0.contrato_cambio_pgto_final) like lower(('%'||?||'%')) escape '') and (? is null or lower(ft1_0.ref_texcotton) like lower(('%'||?||'%')) escape '' or lower(ft1_0.codigo) like lower(('%'||?||'%')) escape '' or lower(ft1_0.ref_fornecedor) like lower(('%'||?||'%')) escape '') and (? is null or lower(ft1_0.numero_pedido) like lower(('%'||?||'%')) escape '') and (? is null or lower(ft1_0.fornecedor) like lower(('%'||?||'%')) escape '') order by ft1_0.id desc
Hibernate: select c1_0.id,c1_0.nome from colecao c1_0
Hibernate: select f1_0.id,f1_0.nome from fornecedor f1_0
Hibernate: select ft1_0.colecao,count(ft1_0.id) from ficha_tecnica ft1_0 where ft1_0.colecao is not null and ft1_0.colecao<>'' group by ft1_0.colecao order by ft1_0.colecao
Hibernate: select i1_0.id,i1_0.nome from insumo i1_0
Hibernate: select ft1_0.id,ft1_0.categoria_produto,ft1_0.codigo,ft1_0.codigo_siscomex,ft1_0.colecao,ft1_0.composicao,ft1_0.contrato_cambio_adiant,ft1_0.contrato_cambio_pgto_final,ft1_0.cor,ft1_0.data_amostra_cor,ft1_0.data_amostra_producao,ft1_0.data_aprovacao_amostra_cor,ft1_0.data_aprovacao_amostra_producao,ft1_0.data_chegada_destino,ft1_0.data_colocacao_pedido,ft1_0.data_saida_origem,ft1_0.descricao,ft1_0.descricao_produto,ft1_0.duimp_di,ft1_0.estagio,ft1_0.fornecedor,ft1_0.foto_path,ft1_0.gramatura,ft1_0.largura,ft1_0.marca,ft1_0.marca_que_comprou,ft1_0.marca_que_utiliza,ft1_0.minimo,ft1_0.minimo_compra,ft1_0.ncm,ft1_0.nome_navio,ft1_0.numero_pedido,ft1_0.observacao_amostra_cor,ft1_0.observacao_amostra_producao,ft1_0.preco_reais,ft1_0.preco_usd,ft1_0.qti_pct,ft1_0.quantidade_comprada,ft1_0.ref_fornecedor,ft1_0.ref_texcotton,ft1_0.referencia,ft1_0.rendimento,ft1_0.status_amostra_cor,ft1_0.status_amostra_producao,ft1_0.status_colecao,ft1_0.status_pedido,ft1_0.tipo,ft1_0.tipo_solicitacao,ft1_0.unidade_medida from ficha_tecnica ft1_0 where ft1_0.id=?
Hibernate: select m1_0.id,m1_0.nome from marca m1_0
Hibernate: select c1_0.id,c1_0.nome from colecao c1_0
Hibernate: select f1_0.id,f1_0.nome from fornecedor f1_0
Hibernate: select c1_0.id,c1_0.nome from categoria c1_0
Hibernate: select i1_0.id,i1_0.nome from insumo i1_0
Hibernate: select ft1_0.id,ft1_0.categoria_produto,ft1_0.codigo,ft1_0.codigo_siscomex,ft1_0.colecao,ft1_0.composicao,ft1_0.contrato_cambio_adiant,ft1_0.contrato_cambio_pgto_final,ft1_0.cor,ft1_0.data_amostra_cor,ft1_0.data_amostra_producao,ft1_0.data_aprovacao_amostra_cor,ft1_0.data_aprovacao_amostra_producao,ft1_0.data_chegada_destino,ft1_0.data_colocacao_pedido,ft1_0.data_saida_origem,ft1_0.descricao,ft1_0.descricao_produto,ft1_0.duimp_di,ft1_0.estagio,ft1_0.fornecedor,ft1_0.foto_path,ft1_0.gramatura,ft1_0.largura,ft1_0.marca,ft1_0.marca_que_comprou,ft1_0.marca_que_utiliza,ft1_0.minimo,ft1_0.minimo_compra,ft1_0.ncm,ft1_0.nome_navio,ft1_0.numero_pedido,ft1_0.observacao_amostra_cor,ft1_0.observacao_amostra_producao,ft1_0.preco_reais,ft1_0.preco_usd,ft1_0.qti_pct,ft1_0.quantidade_comprada,ft1_0.ref_fornecedor,ft1_0.ref_texcotton,ft1_0.referencia,ft1_0.rendimento,ft1_0.status_amostra_cor,ft1_0.status_amostra_producao,ft1_0.status_colecao,ft1_0.status_pedido,ft1_0.tipo,ft1_0.tipo_solicitacao,ft1_0.unidade_medida from ficha_tecnica ft1_0 where ft1_0.id=?
Hibernate: update ficha_tecnica set categoria_produto=?,codigo=?,codigo_siscomex=?,colecao=?,composicao=?,contrato_cambio_adiant=?,contrato_cambio_pgto_final=?,cor=?,data_amostra_cor=?,data_amostra_producao=?,data_aprovacao_amostra_cor=?,data_aprovacao_amostra_producao=?,data_chegada_destino=?,data_colocacao_pedido=?,data_saida_origem=?,descricao=?,descricao_produto=?,duimp_di=?,estagio=?,fornecedor=?,foto_path=?,gramatura=?,largura=?,marca=?,marca_que_comprou=?,marca_que_utiliza=?,minimo=?,minimo_compra=?,ncm=?,nome_navio=?,numero_pedido=?,observacao_amostra_cor=?,observacao_amostra_producao=?,preco_reais=?,preco_usd=?,qti_pct=?,quantidade_comprada=?,ref_fornecedor=?,ref_texcotton=?,referencia=?,rendimento=?,status_amostra_cor=?,status_amostra_producao=?,status_colecao=?,status_pedido=?,tipo=?,tipo_solicitacao=?,unidade_medida=? where id=?
Hibernate: select i1_0.id,i1_0.nome from insumo i1_0
Hibernate: select ft1_0.id,ft1_0.categoria_produto,ft1_0.codigo,ft1_0.codigo_siscomex,ft1_0.colecao,ft1_0.composicao,ft1_0.contrato_cambio_adiant,ft1_0.contrato_cambio_pgto_final,ft1_0.cor,ft1_0.data_amostra_cor,ft1_0.data_amostra_producao,ft1_0.data_aprovacao_amostra_cor,ft1_0.data_aprovacao_amostra_producao,ft1_0.data_chegada_destino,ft1_0.data_colocacao_pedido,ft1_0.data_saida_origem,ft1_0.descricao,ft1_0.descricao_produto,ft1_0.duimp_di,ft1_0.estagio,ft1_0.fornecedor,ft1_0.foto_path,ft1_0.gramatura,ft1_0.largura,ft1_0.marca,ft1_0.marca_que_comprou,ft1_0.marca_que_utiliza,ft1_0.minimo,ft1_0.minimo_compra,ft1_0.ncm,ft1_0.nome_navio,ft1_0.numero_pedido,ft1_0.observacao_amostra_cor,ft1_0.observacao_amostra_producao,ft1_0.preco_reais,ft1_0.preco_usd,ft1_0.qti_pct,ft1_0.quantidade_comprada,ft1_0.ref_fornecedor,ft1_0.ref_texcotton,ft1_0.referencia,ft1_0.rendimento,ft1_0.status_amostra_cor,ft1_0.status_amostra_producao,ft1_0.status_colecao,ft1_0.status_pedido,ft1_0.tipo,ft1_0.tipo_solicitacao,ft1_0.unidade_medida from ficha_tecnica ft1_0 where (? is null or lower(ft1_0.colecao) like lower(('%'||?||'%')) escape '') and (? is null or ft1_0.tipo=?) and (? is null or ft1_0.status_pedido=?) and (? is null or ft1_0.data_colocacao_pedido>=?) and (? is null or ft1_0.data_colocacao_pedido<=?) and (? is null or lower(ft1_0.duimp_di) like lower(('%'||?||'%')) escape '') and (? is null or lower(ft1_0.contrato_cambio_adiant) like lower(('%'||?||'%')) escape '' or lower(ft1_0.contrato_cambio_pgto_final) like lower(('%'||?||'%')) escape '') and (? is null or lower(ft1_0.ref_texcotton) like lower(('%'||?||'%')) escape '' or lower(ft1_0.codigo) like lower(('%'||?||'%')) escape '' or lower(ft1_0.ref_fornecedor) like lower(('%'||?||'%')) escape '') and (? is null or lower(ft1_0.numero_pedido) like lower(('%'||?||'%')) escape '') and (? is null or lower(ft1_0.fornecedor) like lower(('%'||?||'%')) escape '') order by ft1_0.id desc
Hibernate: select c1_0.id,c1_0.nome from colecao c1_0
Hibernate: select f1_0.id,f1_0.nome from fornecedor f1_0
Hibernate: select ft1_0.colecao,count(ft1_0.id) from ficha_tecnica ft1_0 where ft1_0.colecao is not null and ft1_0.colecao<>'' group by ft1_0.colecao order by ft1_0.colecao
Hibernate: select i1_0.id,i1_0.nome from insumo i1_0
Hibernate: select ft1_0.id,ft1_0.categoria_produto,ft1_0.codigo,ft1_0.codigo_siscomex,ft1_0.colecao,ft1_0.composicao,ft1_0.contrato_cambio_adiant,ft1_0.contrato_cambio_pgto_final,ft1_0.cor,ft1_0.data_amostra_cor,ft1_0.data_amostra_producao,ft1_0.data_aprovacao_amostra_cor,ft1_0.data_aprovacao_amostra_producao,ft1_0.data_chegada_destino,ft1_0.data_colocacao_pedido,ft1_0.data_saida_origem,ft1_0.descricao,ft1_0.descricao_produto,ft1_0.duimp_di,ft1_0.estagio,ft1_0.fornecedor,ft1_0.foto_path,ft1_0.gramatura,ft1_0.largura,ft1_0.marca,ft1_0.marca_que_comprou,ft1_0.marca_que_utiliza,ft1_0.minimo,ft1_0.minimo_compra,ft1_0.ncm,ft1_0.nome_navio,ft1_0.numero_pedido,ft1_0.observacao_amostra_cor,ft1_0.observacao_amostra_producao,ft1_0.preco_reais,ft1_0.preco_usd,ft1_0.qti_pct,ft1_0.quantidade_comprada,ft1_0.ref_fornecedor,ft1_0.ref_texcotton,ft1_0.referencia,ft1_0.rendimento,ft1_0.status_amostra_cor,ft1_0.status_amostra_producao,ft1_0.status_colecao,ft1_0.status_pedido,ft1_0.tipo,ft1_0.tipo_solicitacao,ft1_0.unidade_medida from ficha_tecnica ft1_0 where ft1_0.id=?
Hibernate: select m1_0.id,m1_0.nome from marca m1_0
Hibernate: select c1_0.id,c1_0.nome from colecao c1_0
Hibernate: select f1_0.id,f1_0.nome from fornecedor f1_0
Hibernate: select c1_0.id,c1_0.nome from categoria c1_0
Hibernate: select i1_0.id,i1_0.nome from insumo i1_0
Hibernate: select ft1_0.id,ft1_0.categoria_produto,ft1_0.codigo,ft1_0.codigo_siscomex,ft1_0.colecao,ft1_0.composicao,ft1_0.contrato_cambio_adiant,ft1_0.contrato_cambio_pgto_final,ft1_0.cor,ft1_0.data_amostra_cor,ft1_0.data_amostra_producao,ft1_0.data_aprovacao_amostra_cor,ft1_0.data_aprovacao_amostra_producao,ft1_0.data_chegada_destino,ft1_0.data_colocacao_pedido,ft1_0.data_saida_origem,ft1_0.descricao,ft1_0.descricao_produto,ft1_0.duimp_di,ft1_0.estagio,ft1_0.fornecedor,ft1_0.foto_path,ft1_0.gramatura,ft1_0.largura,ft1_0.marca,ft1_0.marca_que_comprou,ft1_0.marca_que_utiliza,ft1_0.minimo,ft1_0.minimo_compra,ft1_0.ncm,ft1_0.nome_navio,ft1_0.numero_pedido,ft1_0.observacao_amostra_cor,ft1_0.observacao_amostra_producao,ft1_0.preco_reais,ft1_0.preco_usd,ft1_0.qti_pct,ft1_0.quantidade_comprada,ft1_0.ref_fornecedor,ft1_0.ref_texcotton,ft1_0.referencia,ft1_0.rendimento,ft1_0.status_amostra_cor,ft1_0.status_amostra_producao,ft1_0.status_colecao,ft1_0.status_pedido,ft1_0.tipo,ft1_0.tipo_solicitacao,ft1_0.unidade_medida from ficha_tecnica ft1_0 where ft1_0.id=?
Hibernate: update ficha_tecnica set categoria_produto=?,codigo=?,codigo_siscomex=?,colecao=?,composicao=?,contrato_cambio_adiant=?,contrato_cambio_pgto_final=?,cor=?,data_amostra_cor=?,data_amostra_producao=?,data_aprovacao_amostra_cor=?,data_aprovacao_amostra_producao=?,data_chegada_destino=?,data_colocacao_pedido=?,data_saida_origem=?,descricao=?,descricao_produto=?,duimp_di=?,estagio=?,fornecedor=?,foto_path=?,gramatura=?,largura=?,marca=?,marca_que_comprou=?,marca_que_utiliza=?,minimo=?,minimo_compra=?,ncm=?,nome_navio=?,numero_pedido=?,observacao_amostra_cor=?,observacao_amostra_producao=?,preco_reais=?,preco_usd=?,qti_pct=?,quantidade_comprada=?,ref_fornecedor=?,ref_texcotton=?,referencia=?,rendimento=?,status_amostra_cor=?,status_amostra_producao=?,status_colecao=?,status_pedido=?,tipo=?,tipo_solicitacao=?,unidade_medida=? where id=?
Hibernate: select i1_0.id,i1_0.nome from insumo i1_0
Hibernate: select ft1_0.id,ft1_0.categoria_produto,ft1_0.codigo,ft1_0.codigo_siscomex,ft1_0.colecao,ft1_0.composicao,ft1_0.contrato_cambio_adiant,ft1_0.contrato_cambio_pgto_final,ft1_0.cor,ft1_0.data_amostra_cor,ft1_0.data_amostra_producao,ft1_0.data_aprovacao_amostra_cor,ft1_0.data_aprovacao_amostra_producao,ft1_0.data_chegada_destino,ft1_0.data_colocacao_pedido,ft1_0.data_saida_origem,ft1_0.descricao,ft1_0.descricao_produto,ft1_0.duimp_di,ft1_0.estagio,ft1_0.fornecedor,ft1_0.foto_path,ft1_0.gramatura,ft1_0.largura,ft1_0.marca,ft1_0.marca_que_comprou,ft1_0.marca_que_utiliza,ft1_0.minimo,ft1_0.minimo_compra,ft1_0.ncm,ft1_0.nome_navio,ft1_0.numero_pedido,ft1_0.observacao_amostra_cor,ft1_0.observacao_amostra_producao,ft1_0.preco_reais,ft1_0.preco_usd,ft1_0.qti_pct,ft1_0.quantidade_comprada,ft1_0.ref_fornecedor,ft1_0.ref_texcotton,ft1_0.referencia,ft1_0.rendimento,ft1_0.status_amostra_cor,ft1_0.status_amostra_producao,ft1_0.status_colecao,ft1_0.status_pedido,ft1_0.tipo,ft1_0.tipo_solicitacao,ft1_0.unidade_medida from ficha_tecnica ft1_0 where (? is null or lower(ft1_0.colecao) like lower(('%'||?||'%')) escape '') and (? is null or ft1_0.tipo=?) and (? is null or ft1_0.status_pedido=?) and (? is null or ft1_0.data_colocacao_pedido>=?) and (? is null or ft1_0.data_colocacao_pedido<=?) and (? is null or lower(ft1_0.duimp_di) like lower(('%'||?||'%')) escape '') and (? is null or lower(ft1_0.contrato_cambio_adiant) like lower(('%'||?||'%')) escape '' or lower(ft1_0.contrato_cambio_pgto_final) like lower(('%'||?||'%')) escape '') and (? is null or lower(ft1_0.ref_texcotton) like lower(('%'||?||'%')) escape '' or lower(ft1_0.codigo) like lower(('%'||?||'%')) escape '' or lower(ft1_0.ref_fornecedor) like lower(('%'||?||'%')) escape '') and (? is null or lower(ft1_0.numero_pedido) like lower(('%'||?||'%')) escape '') and (? is null or lower(ft1_0.fornecedor) like lower(('%'||?||'%')) escape '') order by ft1_0.id desc
Hibernate: select c1_0.id,c1_0.nome from colecao c1_0
Hibernate: select f1_0.id,f1_0.nome from fornecedor f1_0
Hibernate: select ft1_0.colecao,count(ft1_0.id) from ficha_tecnica ft1_0 where ft1_0.colecao is not null and ft1_0.colecao<>'' group by ft1_0.colecao order by ft1_0.colecao
Hibernate: select i1_0.id,i1_0.nome from insumo i1_0
Hibernate: select ft1_0.id,ft1_0.categoria_produto,ft1_0.codigo,ft1_0.codigo_siscomex,ft1_0.colecao,ft1_0.composicao,ft1_0.contrato_cambio_adiant,ft1_0.contrato_cambio_pgto_final,ft1_0.cor,ft1_0.data_amostra_cor,ft1_0.data_amostra_producao,ft1_0.data_aprovacao_amostra_cor,ft1_0.data_aprovacao_amostra_producao,ft1_0.data_chegada_destino,ft1_0.data_colocacao_pedido,ft1_0.data_saida_origem,ft1_0.descricao,ft1_0.descricao_produto,ft1_0.duimp_di,ft1_0.estagio,ft1_0.fornecedor,ft1_0.foto_path,ft1_0.gramatura,ft1_0.largura,ft1_0.marca,ft1_0.marca_que_comprou,ft1_0.marca_que_utiliza,ft1_0.minimo,ft1_0.minimo_compra,ft1_0.ncm,ft1_0.nome_navio,ft1_0.numero_pedido,ft1_0.observacao_amostra_cor,ft1_0.observacao_amostra_producao,ft1_0.preco_reais,ft1_0.preco_usd,ft1_0.qti_pct,ft1_0.quantidade_comprada,ft1_0.ref_fornecedor,ft1_0.ref_texcotton,ft1_0.referencia,ft1_0.rendimento,ft1_0.status_amostra_cor,ft1_0.status_amostra_producao,ft1_0.status_colecao,ft1_0.status_pedido,ft1_0.tipo,ft1_0.tipo_solicitacao,ft1_0.unidade_medida from ficha_tecnica ft1_0 where ft1_0.id=?
Hibernate: select m1_0.id,m1_0.nome from marca m1_0
Hibernate: select c1_0.id,c1_0.nome from colecao c1_0
Hibernate: select f1_0.id,f1_0.nome from fornecedor f1_0
Hibernate: select c1_0.id,c1_0.nome from categoria c1_0
Hibernate: select i1_0.id,i1_0.nome from insumo i1_0
Hibernate: select ft1_0.id,ft1_0.categoria_produto,ft1_0.codigo,ft1_0.codigo_siscomex,ft1_0.colecao,ft1_0.composicao,ft1_0.contrato_cambio_adiant,ft1_0.contrato_cambio_pgto_final,ft1_0.cor,ft1_0.data_amostra_cor,ft1_0.data_amostra_producao,ft1_0.data_aprovacao_amostra_cor,ft1_0.data_aprovacao_amostra_producao,ft1_0.data_chegada_destino,ft1_0.data_colocacao_pedido,ft1_0.data_saida_origem,ft1_0.descricao,ft1_0.descricao_produto,ft1_0.duimp_di,ft1_0.estagio,ft1_0.fornecedor,ft1_0.foto_path,ft1_0.gramatura,ft1_0.largura,ft1_0.marca,ft1_0.marca_que_comprou,ft1_0.marca_que_utiliza,ft1_0.minimo,ft1_0.minimo_compra,ft1_0.ncm,ft1_0.nome_navio,ft1_0.numero_pedido,ft1_0.observacao_amostra_cor,ft1_0.observacao_amostra_producao,ft1_0.preco_reais,ft1_0.preco_usd,ft1_0.qti_pct,ft1_0.quantidade_comprada,ft1_0.ref_fornecedor,ft1_0.ref_texcotton,ft1_0.referencia,ft1_0.rendimento,ft1_0.status_amostra_cor,ft1_0.status_amostra_producao,ft1_0.status_colecao,ft1_0.status_pedido,ft1_0.tipo,ft1_0.tipo_solicitacao,ft1_0.unidade_medida from ficha_tecnica ft1_0 where ft1_0.id=?
Hibernate: update ficha_tecnica set categoria_produto=?,codigo=?,codigo_siscomex=?,colecao=?,composicao=?,contrato_cambio_adiant=?,contrato_cambio_pgto_final=?,cor=?,data_amostra_cor=?,data_amostra_producao=?,data_aprovacao_amostra_cor=?,data_aprovacao_amostra_producao=?,data_chegada_destino=?,data_colocacao_pedido=?,data_saida_origem=?,descricao=?,descricao_produto=?,duimp_di=?,estagio=?,fornecedor=?,foto_path=?,gramatura=?,largura=?,marca=?,marca_que_comprou=?,marca_que_utiliza=?,minimo=?,minimo_compra=?,ncm=?,nome_navio=?,numero_pedido=?,observacao_amostra_cor=?,observacao_amostra_producao=?,preco_reais=?,preco_usd=?,qti_pct=?,quantidade_comprada=?,ref_fornecedor=?,ref_texcotton=?,referencia=?,rendimento=?,status_amostra_cor=?,status_amostra_producao=?,status_colecao=?,status_pedido=?,tipo=?,tipo_solicitacao=?,unidade_medida=? where id=?
Hibernate: select i1_0.id,i1_0.nome from insumo i1_0
Hibernate: select ft1_0.id,ft1_0.categoria_produto,ft1_0.codigo,ft1_0.codigo_siscomex,ft1_0.colecao,ft1_0.composicao,ft1_0.contrato_cambio_adiant,ft1_0.contrato_cambio_pgto_final,ft1_0.cor,ft1_0.data_amostra_cor,ft1_0.data_amostra_producao,ft1_0.data_aprovacao_amostra_cor,ft1_0.data_aprovacao_amostra_producao,ft1_0.data_chegada_destino,ft1_0.data_colocacao_pedido,ft1_0.data_saida_origem,ft1_0.descricao,ft1_0.descricao_produto,ft1_0.duimp_di,ft1_0.estagio,ft1_0.fornecedor,ft1_0.foto_path,ft1_0.gramatura,ft1_0.largura,ft1_0.marca,ft1_0.marca_que_comprou,ft1_0.marca_que_utiliza,ft1_0.minimo,ft1_0.minimo_compra,ft1_0.ncm,ft1_0.nome_navio,ft1_0.numero_pedido,ft1_0.observacao_amostra_cor,ft1_0.observacao_amostra_producao,ft1_0.preco_reais,ft1_0.preco_usd,ft1_0.qti_pct,ft1_0.quantidade_comprada,ft1_0.ref_fornecedor,ft1_0.ref_texcotton,ft1_0.referencia,ft1_0.rendimento,ft1_0.status_amostra_cor,ft1_0.status_amostra_producao,ft1_0.status_colecao,ft1_0.status_pedido,ft1_0.tipo,ft1_0.tipo_solicitacao,ft1_0.unidade_medida from ficha_tecnica ft1_0 where (? is null or lower(ft1_0.colecao) like lower(('%'||?||'%')) escape '') and (? is null or ft1_0.tipo=?) and (? is null or ft1_0.status_pedido=?) and (? is null or ft1_0.data_colocacao_pedido>=?) and (? is null or ft1_0.data_colocacao_pedido<=?) and (? is null or lower(ft1_0.duimp_di) like lower(('%'||?||'%')) escape '') and (? is null or lower(ft1_0.contrato_cambio_adiant) like lower(('%'||?||'%')) escape '' or lower(ft1_0.contrato_cambio_pgto_final) like lower(('%'||?||'%')) escape '') and (? is null or lower(ft1_0.ref_texcotton) like lower(('%'||?||'%')) escape '' or lower(ft1_0.codigo) like lower(('%'||?||'%')) escape '' or lower(ft1_0.ref_fornecedor) like lower(('%'||?||'%')) escape '') and (? is null or lower(ft1_0.numero_pedido) like lower(('%'||?||'%')) escape '') and (? is null or lower(ft1_0.fornecedor) like lower(('%'||?||'%')) escape '') order by ft1_0.id desc
Hibernate: select c1_0.id,c1_0.nome from colecao c1_0
Hibernate: select f1_0.id,f1_0.nome from fornecedor f1_0
Hibernate: select ft1_0.colecao,count(ft1_0.id) from ficha_tecnica ft1_0 where ft1_0.colecao is not null and ft1_0.colecao<>'' group by ft1_0.colecao order by ft1_0.colecao
Hibernate: select i1_0.id,i1_0.nome from insumo i1_0
Hibernate: select ft1_0.id,ft1_0.categoria_produto,ft1_0.codigo,ft1_0.codigo_siscomex,ft1_0.colecao,ft1_0.composicao,ft1_0.contrato_cambio_adiant,ft1_0.contrato_cambio_pgto_final,ft1_0.cor,ft1_0.data_amostra_cor,ft1_0.data_amostra_producao,ft1_0.data_aprovacao_amostra_cor,ft1_0.data_aprovacao_amostra_producao,ft1_0.data_chegada_destino,ft1_0.data_colocacao_pedido,ft1_0.data_saida_origem,ft1_0.descricao,ft1_0.descricao_produto,ft1_0.duimp_di,ft1_0.estagio,ft1_0.fornecedor,ft1_0.foto_path,ft1_0.gramatura,ft1_0.largura,ft1_0.marca,ft1_0.marca_que_comprou,ft1_0.marca_que_utiliza,ft1_0.minimo,ft1_0.minimo_compra,ft1_0.ncm,ft1_0.nome_navio,ft1_0.numero_pedido,ft1_0.observacao_amostra_cor,ft1_0.observacao_amostra_producao,ft1_0.preco_reais,ft1_0.preco_usd,ft1_0.qti_pct,ft1_0.quantidade_comprada,ft1_0.ref_fornecedor,ft1_0.ref_texcotton,ft1_0.referencia,ft1_0.rendimento,ft1_0.status_amostra_cor,ft1_0.status_amostra_producao,ft1_0.status_colecao,ft1_0.status_pedido,ft1_0.tipo,ft1_0.tipo_solicitacao,ft1_0.unidade_medida from ficha_tecnica ft1_0 where ft1_0.id=?
Hibernate: select m1_0.id,m1_0.nome from marca m1_0
Hibernate: select c1_0.id,c1_0.nome from colecao c1_0
Hibernate: select f1_0.id,f1_0.nome from fornecedor f1_0
Hibernate: select c1_0.id,c1_0.nome from categoria c1_0
Hibernate: select i1_0.id,i1_0.nome from insumo i1_0
Hibernate: select ft1_0.id,ft1_0.categoria_produto,ft1_0.codigo,ft1_0.codigo_siscomex,ft1_0.colecao,ft1_0.composicao,ft1_0.contrato_cambio_adiant,ft1_0.contrato_cambio_pgto_final,ft1_0.cor,ft1_0.data_amostra_cor,ft1_0.data_amostra_producao,ft1_0.data_aprovacao_amostra_cor,ft1_0.data_aprovacao_amostra_producao,ft1_0.data_chegada_destino,ft1_0.data_colocacao_pedido,ft1_0.data_saida_origem,ft1_0.descricao,ft1_0.descricao_produto,ft1_0.duimp_di,ft1_0.estagio,ft1_0.fornecedor,ft1_0.foto_path,ft1_0.gramatura,ft1_0.largura,ft1_0.marca,ft1_0.marca_que_comprou,ft1_0.marca_que_utiliza,ft1_0.minimo,ft1_0.minimo_compra,ft1_0.ncm,ft1_0.nome_navio,ft1_0.numero_pedido,ft1_0.observacao_amostra_cor,ft1_0.observacao_amostra_producao,ft1_0.preco_reais,ft1_0.preco_usd,ft1_0.qti_pct,ft1_0.quantidade_comprada,ft1_0.ref_fornecedor,ft1_0.ref_texcotton,ft1_0.referencia,ft1_0.rendimento,ft1_0.status_amostra_cor,ft1_0.status_amostra_producao,ft1_0.status_colecao,ft1_0.status_pedido,ft1_0.tipo,ft1_0.tipo_solicitacao,ft1_0.unidade_medida from ficha_tecnica ft1_0 where ft1_0.id=?
Hibernate: update ficha_tecnica set categoria_produto=?,codigo=?,codigo_siscomex=?,colecao=?,composicao=?,contrato_cambio_adiant=?,contrato_cambio_pgto_final=?,cor=?,data_amostra_cor=?,data_amostra_producao=?,data_aprovacao_amostra_cor=?,data_aprovacao_amostra_producao=?,data_chegada_destino=?,data_colocacao_pedido=?,data_saida_origem=?,descricao=?,descricao_produto=?,duimp_di=?,estagio=?,fornecedor=?,foto_path=?,gramatura=?,largura=?,marca=?,marca_que_comprou=?,marca_que_utiliza=?,minimo=?,minimo_compra=?,ncm=?,nome_navio=?,numero_pedido=?,observacao_amostra_cor=?,observacao_amostra_producao=?,preco_reais=?,preco_usd=?,qti_pct=?,quantidade_comprada=?,ref_fornecedor=?,ref_texcotton=?,referencia=?,rendimento=?,status_amostra_cor=?,status_amostra_producao=?,status_colecao=?,status_pedido=?,tipo=?,tipo_solicitacao=?,unidade_medida=? where id=?
Hibernate: select i1_0.id,i1_0.nome from insumo i1_0
Hibernate: select ft1_0.id,ft1_0.categoria_produto,ft1_0.codigo,ft1_0.codigo_siscomex,ft1_0.colecao,ft1_0.composicao,ft1_0.contrato_cambio_adiant,ft1_0.contrato_cambio_pgto_final,ft1_0.cor,ft1_0.data_amostra_cor,ft1_0.data_amostra_producao,ft1_0.data_aprovacao_amostra_cor,ft1_0.data_aprovacao_amostra_producao,ft1_0.data_chegada_destino,ft1_0.data_colocacao_pedido,ft1_0.data_saida_origem,ft1_0.descricao,ft1_0.descricao_produto,ft1_0.duimp_di,ft1_0.estagio,ft1_0.fornecedor,ft1_0.foto_path,ft1_0.gramatura,ft1_0.largura,ft1_0.marca,ft1_0.marca_que_comprou,ft1_0.marca_que_utiliza,ft1_0.minimo,ft1_0.minimo_compra,ft1_0.ncm,ft1_0.nome_navio,ft1_0.numero_pedido,ft1_0.observacao_amostra_cor,ft1_0.observacao_amostra_producao,ft1_0.preco_reais,ft1_0.preco_usd,ft1_0.qti_pct,ft1_0.quantidade_comprada,ft1_0.ref_fornecedor,ft1_0.ref_texcotton,ft1_0.referencia,ft1_0.rendimento,ft1_0.status_amostra_cor,ft1_0.status_amostra_producao,ft1_0.status_colecao,ft1_0.status_pedido,ft1_0.tipo,ft1_0.tipo_solicitacao,ft1_0.unidade_medida from ficha_tecnica ft1_0 where (? is null or lower(ft1_0.colecao) like lower(('%'||?||'%')) escape '') and (? is null or ft1_0.tipo=?) and (? is null or ft1_0.status_pedido=?) and (? is null or ft1_0.data_colocacao_pedido>=?) and (? is null or ft1_0.data_colocacao_pedido<=?) and (? is null or lower(ft1_0.duimp_di) like lower(('%'||?||'%')) escape '') and (? is null or lower(ft1_0.contrato_cambio_adiant) like lower(('%'||?||'%')) escape '' or lower(ft1_0.contrato_cambio_pgto_final) like lower(('%'||?||'%')) escape '') and (? is null or lower(ft1_0.ref_texcotton) like lower(('%'||?||'%')) escape '' or lower(ft1_0.codigo) like lower(('%'||?||'%')) escape '' or lower(ft1_0.ref_fornecedor) like lower(('%'||?||'%')) escape '') and (? is null or lower(ft1_0.numero_pedido) like lower(('%'||?||'%')) escape '') and (? is null or lower(ft1_0.fornecedor) like lower(('%'||?||'%')) escape '') order by ft1_0.id desc
Hibernate: select c1_0.id,c1_0.nome from colecao c1_0
Hibernate: select f1_0.id,f1_0.nome from fornecedor f1_0
Hibernate: select ft1_0.colecao,count(ft1_0.id) from ficha_tecnica ft1_0 where ft1_0.colecao is not null and ft1_0.colecao<>'' group by ft1_0.colecao order by ft1_0.colecao
Hibernate: select i1_0.id,i1_0.nome from insumo i1_0
Hibernate: select ft1_0.id,ft1_0.categoria_produto,ft1_0.codigo,ft1_0.codigo_siscomex,ft1_0.colecao,ft1_0.composicao,ft1_0.contrato_cambio_adiant,ft1_0.contrato_cambio_pgto_final,ft1_0.cor,ft1_0.data_amostra_cor,ft1_0.data_amostra_producao,ft1_0.data_aprovacao_amostra_cor,ft1_0.data_aprovacao_amostra_producao,ft1_0.data_chegada_destino,ft1_0.data_colocacao_pedido,ft1_0.data_saida_origem,ft1_0.descricao,ft1_0.descricao_produto,ft1_0.duimp_di,ft1_0.estagio,ft1_0.fornecedor,ft1_0.foto_path,ft1_0.gramatura,ft1_0.largura,ft1_0.marca,ft1_0.marca_que_comprou,ft1_0.marca_que_utiliza,ft1_0.minimo,ft1_0.minimo_compra,ft1_0.ncm,ft1_0.nome_navio,ft1_0.numero_pedido,ft1_0.observacao_amostra_cor,ft1_0.observacao_amostra_producao,ft1_0.preco_reais,ft1_0.preco_usd,ft1_0.qti_pct,ft1_0.quantidade_comprada,ft1_0.ref_fornecedor,ft1_0.ref_texcotton,ft1_0.referencia,ft1_0.rendimento,ft1_0.status_amostra_cor,ft1_0.status_amostra_producao,ft1_0.status_colecao,ft1_0.status_pedido,ft1_0.tipo,ft1_0.tipo_solicitacao,ft1_0.unidade_medida from ficha_tecnica ft1_0 where ft1_0.id=?
Hibernate: select m1_0.id,m1_0.nome from marca m1_0
Hibernate: select c1_0.id,c1_0.nome from colecao c1_0
Hibernate: select f1_0.id,f1_0.nome from fornecedor f1_0
Hibernate: select c1_0.id,c1_0.nome from categoria c1_0
Hibernate: select i1_0.id,i1_0.nome from insumo i1_0
Hibernate: select ft1_0.id,ft1_0.categoria_produto,ft1_0.codigo,ft1_0.codigo_siscomex,ft1_0.colecao,ft1_0.composicao,ft1_0.contrato_cambio_adiant,ft1_0.contrato_cambio_pgto_final,ft1_0.cor,ft1_0.data_amostra_cor,ft1_0.data_amostra_producao,ft1_0.data_aprovacao_amostra_cor,ft1_0.data_aprovacao_amostra_producao,ft1_0.data_chegada_destino,ft1_0.data_colocacao_pedido,ft1_0.data_saida_origem,ft1_0.descricao,ft1_0.descricao_produto,ft1_0.duimp_di,ft1_0.estagio,ft1_0.fornecedor,ft1_0.foto_path,ft1_0.gramatura,ft1_0.largura,ft1_0.marca,ft1_0.marca_que_comprou,ft1_0.marca_que_utiliza,ft1_0.minimo,ft1_0.minimo_compra,ft1_0.ncm,ft1_0.nome_navio,ft1_0.numero_pedido,ft1_0.observacao_amostra_cor,ft1_0.observacao_amostra_producao,ft1_0.preco_reais,ft1_0.preco_usd,ft1_0.qti_pct,ft1_0.quantidade_comprada,ft1_0.ref_fornecedor,ft1_0.ref_texcotton,ft1_0.referencia,ft1_0.rendimento,ft1_0.status_amostra_cor,ft1_0.status_amostra_producao,ft1_0.status_colecao,ft1_0.status_pedido,ft1_0.tipo,ft1_0.tipo_solicitacao,ft1_0.unidade_medida from ficha_tecnica ft1_0 where ft1_0.id=?
Hibernate: update ficha_tecnica set categoria_produto=?,codigo=?,codigo_siscomex=?,colecao=?,composicao=?,contrato_cambio_adiant=?,contrato_cambio_pgto_final=?,cor=?,data_amostra_cor=?,data_amostra_producao=?,data_aprovacao_amostra_cor=?,data_aprovacao_amostra_producao=?,data_chegada_destino=?,data_colocacao_pedido=?,data_saida_origem=?,descricao=?,descricao_produto=?,duimp_di=?,estagio=?,fornecedor=?,foto_path=?,gramatura=?,largura=?,marca=?,marca_que_comprou=?,marca_que_utiliza=?,minimo=?,minimo_compra=?,ncm=?,nome_navio=?,numero_pedido=?,observacao_amostra_cor=?,observacao_amostra_producao=?,preco_reais=?,preco_usd=?,qti_pct=?,quantidade_comprada=?,ref_fornecedor=?,ref_texcotton=?,referencia=?,rendimento=?,status_amostra_cor=?,status_amostra_producao=?,status_colecao=?,status_pedido=?,tipo=?,tipo_solicitacao=?,unidade_medida=? where id=?
Hibernate: select i1_0.id,i1_0.nome from insumo i1_0
Hibernate: select ft1_0.id,ft1_0.categoria_produto,ft1_0.codigo,ft1_0.codigo_siscomex,ft1_0.colecao,ft1_0.composicao,ft1_0.contrato_cambio_adiant,ft1_0.contrato_cambio_pgto_final,ft1_0.cor,ft1_0.data_amostra_cor,ft1_0.data_amostra_producao,ft1_0.data_aprovacao_amostra_cor,ft1_0.data_aprovacao_amostra_producao,ft1_0.data_chegada_destino,ft1_0.data_colocacao_pedido,ft1_0.data_saida_origem,ft1_0.descricao,ft1_0.descricao_produto,ft1_0.duimp_di,ft1_0.estagio,ft1_0.fornecedor,ft1_0.foto_path,ft1_0.gramatura,ft1_0.largura,ft1_0.marca,ft1_0.marca_que_comprou,ft1_0.marca_que_utiliza,ft1_0.minimo,ft1_0.minimo_compra,ft1_0.ncm,ft1_0.nome_navio,ft1_0.numero_pedido,ft1_0.observacao_amostra_cor,ft1_0.observacao_amostra_producao,ft1_0.preco_reais,ft1_0.preco_usd,ft1_0.qti_pct,ft1_0.quantidade_comprada,ft1_0.ref_fornecedor,ft1_0.ref_texcotton,ft1_0.referencia,ft1_0.rendimento,ft1_0.status_amostra_cor,ft1_0.status_amostra_producao,ft1_0.status_colecao,ft1_0.status_pedido,ft1_0.tipo,ft1_0.tipo_solicitacao,ft1_0.unidade_medida from ficha_tecnica ft1_0 where (? is null or lower(ft1_0.colecao) like lower(('%'||?||'%')) escape '') and (? is null or ft1_0.tipo=?) and (? is null or ft1_0.status_pedido=?) and (? is null or ft1_0.data_colocacao_pedido>=?) and (? is null or ft1_0.data_colocacao_pedido<=?) and (? is null or lower(ft1_0.duimp_di) like lower(('%'||?||'%')) escape '') and (? is null or lower(ft1_0.contrato_cambio_adiant) like lower(('%'||?||'%')) escape '' or lower(ft1_0.contrato_cambio_pgto_final) like lower(('%'||?||'%')) escape '') and (? is null or lower(ft1_0.ref_texcotton) like lower(('%'||?||'%')) escape '' or lower(ft1_0.codigo) like lower(('%'||?||'%')) escape '' or lower(ft1_0.ref_fornecedor) like lower(('%'||?||'%')) escape '') and (? is null or lower(ft1_0.numero_pedido) like lower(('%'||?||'%')) escape '') and (? is null or lower(ft1_0.fornecedor) like lower(('%'||?||'%')) escape '') order by ft1_0.id desc
Hibernate: select c1_0.id,c1_0.nome from colecao c1_0
Hibernate: select f1_0.id,f1_0.nome from fornecedor f1_0
Hibernate: select ft1_0.colecao,count(ft1_0.id) from ficha_tecnica ft1_0 where ft1_0.colecao is not null and ft1_0.colecao<>'' group by ft1_0.colecao order by ft1_0.colecao
Hibernate: select i1_0.id,i1_0.nome from insumo i1_0
Hibernate: select ft1_0.id,ft1_0.categoria_produto,ft1_0.codigo,ft1_0.codigo_siscomex,ft1_0.colecao,ft1_0.composicao,ft1_0.contrato_cambio_adiant,ft1_0.contrato_cambio_pgto_final,ft1_0.cor,ft1_0.data_amostra_cor,ft1_0.data_amostra_producao,ft1_0.data_aprovacao_amostra_cor,ft1_0.data_aprovacao_amostra_producao,ft1_0.data_chegada_destino,ft1_0.data_colocacao_pedido,ft1_0.data_saida_origem,ft1_0.descricao,ft1_0.descricao_produto,ft1_0.duimp_di,ft1_0.estagio,ft1_0.fornecedor,ft1_0.foto_path,ft1_0.gramatura,ft1_0.largura,ft1_0.marca,ft1_0.marca_que_comprou,ft1_0.marca_que_utiliza,ft1_0.minimo,ft1_0.minimo_compra,ft1_0.ncm,ft1_0.nome_navio,ft1_0.numero_pedido,ft1_0.observacao_amostra_cor,ft1_0.observacao_amostra_producao,ft1_0.preco_reais,ft1_0.preco_usd,ft1_0.qti_pct,ft1_0.quantidade_comprada,ft1_0.ref_fornecedor,ft1_0.ref_texcotton,ft1_0.referencia,ft1_0.rendimento,ft1_0.status_amostra_cor,ft1_0.status_amostra_producao,ft1_0.status_colecao,ft1_0.status_pedido,ft1_0.tipo,ft1_0.tipo_solicitacao,ft1_0.unidade_medida from ficha_tecnica ft1_0 where ft1_0.id=?
Hibernate: select m1_0.id,m1_0.nome from marca m1_0
Hibernate: select c1_0.id,c1_0.nome from colecao c1_0
Hibernate: select f1_0.id,f1_0.nome from fornecedor f1_0
Hibernate: select c1_0.id,c1_0.nome from categoria c1_0
Hibernate: select i1_0.id,i1_0.nome from insumo i1_0
Hibernate: select ft1_0.id,ft1_0.categoria_produto,ft1_0.codigo,ft1_0.codigo_siscomex,ft1_0.colecao,ft1_0.composicao,ft1_0.contrato_cambio_adiant,ft1_0.contrato_cambio_pgto_final,ft1_0.cor,ft1_0.data_amostra_cor,ft1_0.data_amostra_producao,ft1_0.data_aprovacao_amostra_cor,ft1_0.data_aprovacao_amostra_producao,ft1_0.data_chegada_destino,ft1_0.data_colocacao_pedido,ft1_0.data_saida_origem,ft1_0.descricao,ft1_0.descricao_produto,ft1_0.duimp_di,ft1_0.estagio,ft1_0.fornecedor,ft1_0.foto_path,ft1_0.gramatura,ft1_0.largura,ft1_0.marca,ft1_0.marca_que_comprou,ft1_0.marca_que_utiliza,ft1_0.minimo,ft1_0.minimo_compra,ft1_0.ncm,ft1_0.nome_navio,ft1_0.numero_pedido,ft1_0.observacao_amostra_cor,ft1_0.observacao_amostra_producao,ft1_0.preco_reais,ft1_0.preco_usd,ft1_0.qti_pct,ft1_0.quantidade_comprada,ft1_0.ref_fornecedor,ft1_0.ref_texcotton,ft1_0.referencia,ft1_0.rendimento,ft1_0.status_amostra_cor,ft1_0.status_amostra_producao,ft1_0.status_colecao,ft1_0.status_pedido,ft1_0.tipo,ft1_0.tipo_solicitacao,ft1_0.unidade_medida from ficha_tecnica ft1_0 where ft1_0.id=?
Hibernate: update ficha_tecnica set categoria_produto=?,codigo=?,codigo_siscomex=?,colecao=?,composicao=?,contrato_cambio_adiant=?,contrato_cambio_pgto_final=?,cor=?,data_amostra_cor=?,data_amostra_producao=?,data_aprovacao_amostra_cor=?,data_aprovacao_amostra_producao=?,data_chegada_destino=?,data_colocacao_pedido=?,data_saida_origem=?,descricao=?,descricao_produto=?,duimp_di=?,estagio=?,fornecedor=?,foto_path=?,gramatura=?,largura=?,marca=?,marca_que_comprou=?,marca_que_utiliza=?,minimo=?,minimo_compra=?,ncm=?,nome_navio=?,numero_pedido=?,observacao_amostra_cor=?,observacao_amostra_producao=?,preco_reais=?,preco_usd=?,qti_pct=?,quantidade_comprada=?,ref_fornecedor=?,ref_texcotton=?,referencia=?,rendimento=?,status_amostra_cor=?,status_amostra_producao=?,status_colecao=?,status_pedido=?,tipo=?,tipo_solicitacao=?,unidade_medida=? where id=?
Hibernate: select i1_0.id,i1_0.nome from insumo i1_0
Hibernate: select ft1_0.id,ft1_0.categoria_produto,ft1_0.codigo,ft1_0.codigo_siscomex,ft1_0.colecao,ft1_0.composicao,ft1_0.contrato_cambio_adiant,ft1_0.contrato_cambio_pgto_final,ft1_0.cor,ft1_0.data_amostra_cor,ft1_0.data_amostra_producao,ft1_0.data_aprovacao_amostra_cor,ft1_0.data_aprovacao_amostra_producao,ft1_0.data_chegada_destino,ft1_0.data_colocacao_pedido,ft1_0.data_saida_origem,ft1_0.descricao,ft1_0.descricao_produto,ft1_0.duimp_di,ft1_0.estagio,ft1_0.fornecedor,ft1_0.foto_path,ft1_0.gramatura,ft1_0.largura,ft1_0.marca,ft1_0.marca_que_comprou,ft1_0.marca_que_utiliza,ft1_0.minimo,ft1_0.minimo_compra,ft1_0.ncm,ft1_0.nome_navio,ft1_0.numero_pedido,ft1_0.observacao_amostra_cor,ft1_0.observacao_amostra_producao,ft1_0.preco_reais,ft1_0.preco_usd,ft1_0.qti_pct,ft1_0.quantidade_comprada,ft1_0.ref_fornecedor,ft1_0.ref_texcotton,ft1_0.referencia,ft1_0.rendimento,ft1_0.status_amostra_cor,ft1_0.status_amostra_producao,ft1_0.status_colecao,ft1_0.status_pedido,ft1_0.tipo,ft1_0.tipo_solicitacao,ft1_0.unidade_medida from ficha_tecnica ft1_0 where (? is null or lower(ft1_0.colecao) like lower(('%'||?||'%')) escape '') and (? is null or ft1_0.tipo=?) and (? is null or ft1_0.status_pedido=?) and (? is null or ft1_0.data_colocacao_pedido>=?) and (? is null or ft1_0.data_colocacao_pedido<=?) and (? is null or lower(ft1_0.duimp_di) like lower(('%'||?||'%')) escape '') and (? is null or lower(ft1_0.contrato_cambio_adiant) like lower(('%'||?||'%')) escape '' or lower(ft1_0.contrato_cambio_pgto_final) like lower(('%'||?||'%')) escape '') and (? is null or lower(ft1_0.ref_texcotton) like lower(('%'||?||'%')) escape '' or lower(ft1_0.codigo) like lower(('%'||?||'%')) escape '' or lower(ft1_0.ref_fornecedor) like lower(('%'||?||'%')) escape '') and (? is null or lower(ft1_0.numero_pedido) like lower(('%'||?||'%')) escape '') and (? is null or lower(ft1_0.fornecedor) like lower(('%'||?||'%')) escape '') order by ft1_0.id desc
Hibernate: select c1_0.id,c1_0.nome from colecao c1_0
Hibernate: select f1_0.id,f1_0.nome from fornecedor f1_0
Hibernate: select ft1_0.colecao,count(ft1_0.id) from ficha_tecnica ft1_0 where ft1_0.colecao is not null and ft1_0.colecao<>'' group by ft1_0.colecao order by ft1_0.colecao
Hibernate: select i1_0.id,i1_0.nome from insumo i1_0
Hibernate: select ft1_0.id,ft1_0.categoria_produto,ft1_0.codigo,ft1_0.codigo_siscomex,ft1_0.colecao,ft1_0.composicao,ft1_0.contrato_cambio_adiant,ft1_0.contrato_cambio_pgto_final,ft1_0.cor,ft1_0.data_amostra_cor,ft1_0.data_amostra_producao,ft1_0.data_aprovacao_amostra_cor,ft1_0.data_aprovacao_amostra_producao,ft1_0.data_chegada_destino,ft1_0.data_colocacao_pedido,ft1_0.data_saida_origem,ft1_0.descricao,ft1_0.descricao_produto,ft1_0.duimp_di,ft1_0.estagio,ft1_0.fornecedor,ft1_0.foto_path,ft1_0.gramatura,ft1_0.largura,ft1_0.marca,ft1_0.marca_que_comprou,ft1_0.marca_que_utiliza,ft1_0.minimo,ft1_0.minimo_compra,ft1_0.ncm,ft1_0.nome_navio,ft1_0.numero_pedido,ft1_0.observacao_amostra_cor,ft1_0.observacao_amostra_producao,ft1_0.preco_reais,ft1_0.preco_usd,ft1_0.qti_pct,ft1_0.quantidade_comprada,ft1_0.ref_fornecedor,ft1_0.ref_texcotton,ft1_0.referencia,ft1_0.rendimento,ft1_0.status_amostra_cor,ft1_0.status_amostra_producao,ft1_0.status_colecao,ft1_0.status_pedido,ft1_0.tipo,ft1_0.tipo_solicitacao,ft1_0.unidade_medida from ficha_tecnica ft1_0 where ft1_0.id=?
Hibernate: select m1_0.id,m1_0.nome from marca m1_0
Hibernate: select c1_0.id,c1_0.nome from colecao c1_0
Hibernate: select f1_0.id,f1_0.nome from fornecedor f1_0
Hibernate: select c1_0.id,c1_0.nome from categoria c1_0
Hibernate: select i1_0.id,i1_0.nome from insumo i1_0
Hibernate: select ft1_0.id,ft1_0.categoria_produto,ft1_0.codigo,ft1_0.codigo_siscomex,ft1_0.colecao,ft1_0.composicao,ft1_0.contrato_cambio_adiant,ft1_0.contrato_cambio_pgto_final,ft1_0.cor,ft1_0.data_amostra_cor,ft1_0.data_amostra_producao,ft1_0.data_aprovacao_amostra_cor,ft1_0.data_aprovacao_amostra_producao,ft1_0.data_chegada_destino,ft1_0.data_colocacao_pedido,ft1_0.data_saida_origem,ft1_0.descricao,ft1_0.descricao_produto,ft1_0.duimp_di,ft1_0.estagio,ft1_0.fornecedor,ft1_0.foto_path,ft1_0.gramatura,ft1_0.largura,ft1_0.marca,ft1_0.marca_que_comprou,ft1_0.marca_que_utiliza,ft1_0.minimo,ft1_0.minimo_compra,ft1_0.ncm,ft1_0.nome_navio,ft1_0.numero_pedido,ft1_0.observacao_amostra_cor,ft1_0.observacao_amostra_producao,ft1_0.preco_reais,ft1_0.preco_usd,ft1_0.qti_pct,ft1_0.quantidade_comprada,ft1_0.ref_fornecedor,ft1_0.ref_texcotton,ft1_0.referencia,ft1_0.rendimento,ft1_0.status_amostra_cor,ft1_0.status_amostra_producao,ft1_0.status_colecao,ft1_0.status_pedido,ft1_0.tipo,ft1_0.tipo_solicitacao,ft1_0.unidade_medida from ficha_tecnica ft1_0 where ft1_0.id=?
Hibernate: update ficha_tecnica set categoria_produto=?,codigo=?,codigo_siscomex=?,colecao=?,composicao=?,contrato_cambio_adiant=?,contrato_cambio_pgto_final=?,cor=?,data_amostra_cor=?,data_amostra_producao=?,data_aprovacao_amostra_cor=?,data_aprovacao_amostra_producao=?,data_chegada_destino=?,data_colocacao_pedido=?,data_saida_origem=?,descricao=?,descricao_produto=?,duimp_di=?,estagio=?,fornecedor=?,foto_path=?,gramatura=?,largura=?,marca=?,marca_que_comprou=?,marca_que_utiliza=?,minimo=?,minimo_compra=?,ncm=?,nome_navio=?,numero_pedido=?,observacao_amostra_cor=?,observacao_amostra_producao=?,preco_reais=?,preco_usd=?,qti_pct=?,quantidade_comprada=?,ref_fornecedor=?,ref_texcotton=?,referencia=?,rendimento=?,status_amostra_cor=?,status_amostra_producao=?,status_colecao=?,status_pedido=?,tipo=?,tipo_solicitacao=?,unidade_medida=? where id=?
Hibernate: select i1_0.id,i1_0.nome from insumo i1_0
Hibernate: select ft1_0.id,ft1_0.categoria_produto,ft1_0.codigo,ft1_0.codigo_siscomex,ft1_0.colecao,ft1_0.composicao,ft1_0.contrato_cambio_adiant,ft1_0.contrato_cambio_pgto_final,ft1_0.cor,ft1_0.data_amostra_cor,ft1_0.data_amostra_producao,ft1_0.data_aprovacao_amostra_cor,ft1_0.data_aprovacao_amostra_producao,ft1_0.data_chegada_destino,ft1_0.data_colocacao_pedido,ft1_0.data_saida_origem,ft1_0.descricao,ft1_0.descricao_produto,ft1_0.duimp_di,ft1_0.estagio,ft1_0.fornecedor,ft1_0.foto_path,ft1_0.gramatura,ft1_0.largura,ft1_0.marca,ft1_0.marca_que_comprou,ft1_0.marca_que_utiliza,ft1_0.minimo,ft1_0.minimo_compra,ft1_0.ncm,ft1_0.nome_navio,ft1_0.numero_pedido,ft1_0.observacao_amostra_cor,ft1_0.observacao_amostra_producao,ft1_0.preco_reais,ft1_0.preco_usd,ft1_0.qti_pct,ft1_0.quantidade_comprada,ft1_0.ref_fornecedor,ft1_0.ref_texcotton,ft1_0.referencia,ft1_0.rendimento,ft1_0.status_amostra_cor,ft1_0.status_amostra_producao,ft1_0.status_colecao,ft1_0.status_pedido,ft1_0.tipo,ft1_0.tipo_solicitacao,ft1_0.unidade_medida from ficha_tecnica ft1_0 where (? is null or lower(ft1_0.colecao) like lower(('%'||?||'%')) escape '') and (? is null or ft1_0.tipo=?) and (? is null or ft1_0.status_pedido=?) and (? is null or ft1_0.data_colocacao_pedido>=?) and (? is null or ft1_0.data_colocacao_pedido<=?) and (? is null or lower(ft1_0.duimp_di) like lower(('%'||?||'%')) escape '') and (? is null or lower(ft1_0.contrato_cambio_adiant) like lower(('%'||?||'%')) escape '' or lower(ft1_0.contrato_cambio_pgto_final) like lower(('%'||?||'%')) escape '') and (? is null or lower(ft1_0.ref_texcotton) like lower(('%'||?||'%')) escape '' or lower(ft1_0.codigo) like lower(('%'||?||'%')) escape '' or lower(ft1_0.ref_fornecedor) like lower(('%'||?||'%')) escape '') and (? is null or lower(ft1_0.numero_pedido) like lower(('%'||?||'%')) escape '') and (? is null or lower(ft1_0.fornecedor) like lower(('%'||?||'%')) escape '') order by ft1_0.id desc
Hibernate: select c1_0.id,c1_0.nome from colecao c1_0
Hibernate: select f1_0.id,f1_0.nome from fornecedor f1_0
Hibernate: select ft1_0.colecao,count(ft1_0.id) from ficha_tecnica ft1_0 where ft1_0.colecao is not null and ft1_0.colecao<>'' group by ft1_0.colecao order by ft1_0.colecao
Hibernate: select i1_0.id,i1_0.nome from insumo i1_0
Hibernate: select ft1_0.id,ft1_0.categoria_produto,ft1_0.codigo,ft1_0.codigo_siscomex,ft1_0.colecao,ft1_0.composicao,ft1_0.contrato_cambio_adiant,ft1_0.contrato_cambio_pgto_final,ft1_0.cor,ft1_0.data_amostra_cor,ft1_0.data_amostra_producao,ft1_0.data_aprovacao_amostra_cor,ft1_0.data_aprovacao_amostra_producao,ft1_0.data_chegada_destino,ft1_0.data_colocacao_pedido,ft1_0.data_saida_origem,ft1_0.descricao,ft1_0.descricao_produto,ft1_0.duimp_di,ft1_0.estagio,ft1_0.fornecedor,ft1_0.foto_path,ft1_0.gramatura,ft1_0.largura,ft1_0.marca,ft1_0.marca_que_comprou,ft1_0.marca_que_utiliza,ft1_0.minimo,ft1_0.minimo_compra,ft1_0.ncm,ft1_0.nome_navio,ft1_0.numero_pedido,ft1_0.observacao_amostra_cor,ft1_0.observacao_amostra_producao,ft1_0.preco_reais,ft1_0.preco_usd,ft1_0.qti_pct,ft1_0.quantidade_comprada,ft1_0.ref_fornecedor,ft1_0.ref_texcotton,ft1_0.referencia,ft1_0.rendimento,ft1_0.status_amostra_cor,ft1_0.status_amostra_producao,ft1_0.status_colecao,ft1_0.status_pedido,ft1_0.tipo,ft1_0.tipo_solicitacao,ft1_0.unidade_medida from ficha_tecnica ft1_0 where ft1_0.id=?
Hibernate: select m1_0.id,m1_0.nome from marca m1_0
Hibernate: select c1_0.id,c1_0.nome from colecao c1_0
Hibernate: select f1_0.id,f1_0.nome from fornecedor f1_0
Hibernate: select c1_0.id,c1_0.nome from categoria c1_0
Hibernate: select i1_0.id,i1_0.nome from insumo i1_0
Hibernate: select ft1_0.id,ft1_0.categoria_produto,ft1_0.codigo,ft1_0.codigo_siscomex,ft1_0.colecao,ft1_0.composicao,ft1_0.contrato_cambio_adiant,ft1_0.contrato_cambio_pgto_final,ft1_0.cor,ft1_0.data_amostra_cor,ft1_0.data_amostra_producao,ft1_0.data_aprovacao_amostra_cor,ft1_0.data_aprovacao_amostra_producao,ft1_0.data_chegada_destino,ft1_0.data_colocacao_pedido,ft1_0.data_saida_origem,ft1_0.descricao,ft1_0.descricao_produto,ft1_0.duimp_di,ft1_0.estagio,ft1_0.fornecedor,ft1_0.foto_path,ft1_0.gramatura,ft1_0.largura,ft1_0.marca,ft1_0.marca_que_comprou,ft1_0.marca_que_utiliza,ft1_0.minimo,ft1_0.minimo_compra,ft1_0.ncm,ft1_0.nome_navio,ft1_0.numero_pedido,ft1_0.observacao_amostra_cor,ft1_0.observacao_amostra_producao,ft1_0.preco_reais,ft1_0.preco_usd,ft1_0.qti_pct,ft1_0.quantidade_comprada,ft1_0.ref_fornecedor,ft1_0.ref_texcotton,ft1_0.referencia,ft1_0.rendimento,ft1_0.status_amostra_cor,ft1_0.status_amostra_producao,ft1_0.status_colecao,ft1_0.status_pedido,ft1_0.tipo,ft1_0.tipo_solicitacao,ft1_0.unidade_medida from ficha_tecnica ft1_0 where ft1_0.id=?
Hibernate: update ficha_tecnica set categoria_produto=?,codigo=?,codigo_siscomex=?,colecao=?,composicao=?,contrato_cambio_adiant=?,contrato_cambio_pgto_final=?,cor=?,data_amostra_cor=?,data_amostra_producao=?,data_aprovacao_amostra_cor=?,data_aprovacao_amostra_producao=?,data_chegada_destino=?,data_colocacao_pedido=?,data_saida_origem=?,descricao=?,descricao_produto=?,duimp_di=?,estagio=?,fornecedor=?,foto_path=?,gramatura=?,largura=?,marca=?,marca_que_comprou=?,marca_que_utiliza=?,minimo=?,minimo_compra=?,ncm=?,nome_navio=?,numero_pedido=?,observacao_amostra_cor=?,observacao_amostra_producao=?,preco_reais=?,preco_usd=?,qti_pct=?,quantidade_comprada=?,ref_fornecedor=?,ref_texcotton=?,referencia=?,rendimento=?,status_amostra_cor=?,status_amostra_producao=?,status_colecao=?,status_pedido=?,tipo=?,tipo_solicitacao=?,unidade_medida=? where id=?
Hibernate: select i1_0.id,i1_0.nome from insumo i1_0
Hibernate: select ft1_0.id,ft1_0.categoria_produto,ft1_0.codigo,ft1_0.codigo_siscomex,ft1_0.colecao,ft1_0.composicao,ft1_0.contrato_cambio_adiant,ft1_0.contrato_cambio_pgto_final,ft1_0.cor,ft1_0.data_amostra_cor,ft1_0.data_amostra_producao,ft1_0.data_aprovacao_amostra_cor,ft1_0.data_aprovacao_amostra_producao,ft1_0.data_chegada_destino,ft1_0.data_colocacao_pedido,ft1_0.data_saida_origem,ft1_0.descricao,ft1_0.descricao_produto,ft1_0.duimp_di,ft1_0.estagio,ft1_0.fornecedor,ft1_0.foto_path,ft1_0.gramatura,ft1_0.largura,ft1_0.marca,ft1_0.marca_que_comprou,ft1_0.marca_que_utiliza,ft1_0.minimo,ft1_0.minimo_compra,ft1_0.ncm,ft1_0.nome_navio,ft1_0.numero_pedido,ft1_0.observacao_amostra_cor,ft1_0.observacao_amostra_producao,ft1_0.preco_reais,ft1_0.preco_usd,ft1_0.qti_pct,ft1_0.quantidade_comprada,ft1_0.ref_fornecedor,ft1_0.ref_texcotton,ft1_0.referencia,ft1_0.rendimento,ft1_0.status_amostra_cor,ft1_0.status_amostra_producao,ft1_0.status_colecao,ft1_0.status_pedido,ft1_0.tipo,ft1_0.tipo_solicitacao,ft1_0.unidade_medida from ficha_tecnica ft1_0 where (? is null or lower(ft1_0.colecao) like lower(('%'||?||'%')) escape '') and (? is null or ft1_0.tipo=?) and (? is null or ft1_0.status_pedido=?) and (? is null or ft1_0.data_colocacao_pedido>=?) and (? is null or ft1_0.data_colocacao_pedido<=?) and (? is null or lower(ft1_0.duimp_di) like lower(('%'||?||'%')) escape '') and (? is null or lower(ft1_0.contrato_cambio_adiant) like lower(('%'||?||'%')) escape '' or lower(ft1_0.contrato_cambio_pgto_final) like lower(('%'||?||'%')) escape '') and (? is null or lower(ft1_0.ref_texcotton) like lower(('%'||?||'%')) escape '' or lower(ft1_0.codigo) like lower(('%'||?||'%')) escape '' or lower(ft1_0.ref_fornecedor) like lower(('%'||?||'%')) escape '') and (? is null or lower(ft1_0.numero_pedido) like lower(('%'||?||'%')) escape '') and (? is null or lower(ft1_0.fornecedor) like lower(('%'||?||'%')) escape '') order by ft1_0.id desc
Hibernate: select c1_0.id,c1_0.nome from colecao c1_0
Hibernate: select f1_0.id,f1_0.nome from fornecedor f1_0
Hibernate: select ft1_0.colecao,count(ft1_0.id) from ficha_tecnica ft1_0 where ft1_0.colecao is not null and ft1_0.colecao<>'' group by ft1_0.colecao order by ft1_0.colecao
Hibernate: select i1_0.id,i1_0.nome from insumo i1_0
Hibernate: select ft1_0.id,ft1_0.categoria_produto,ft1_0.codigo,ft1_0.codigo_siscomex,ft1_0.colecao,ft1_0.composicao,ft1_0.contrato_cambio_adiant,ft1_0.contrato_cambio_pgto_final,ft1_0.cor,ft1_0.data_amostra_cor,ft1_0.data_amostra_producao,ft1_0.data_aprovacao_amostra_cor,ft1_0.data_aprovacao_amostra_producao,ft1_0.data_chegada_destino,ft1_0.data_colocacao_pedido,ft1_0.data_saida_origem,ft1_0.descricao,ft1_0.descricao_produto,ft1_0.duimp_di,ft1_0.estagio,ft1_0.fornecedor,ft1_0.foto_path,ft1_0.gramatura,ft1_0.largura,ft1_0.marca,ft1_0.marca_que_comprou,ft1_0.marca_que_utiliza,ft1_0.minimo,ft1_0.minimo_compra,ft1_0.ncm,ft1_0.nome_navio,ft1_0.numero_pedido,ft1_0.observacao_amostra_cor,ft1_0.observacao_amostra_producao,ft1_0.preco_reais,ft1_0.preco_usd,ft1_0.qti_pct,ft1_0.quantidade_comprada,ft1_0.ref_fornecedor,ft1_0.ref_texcotton,ft1_0.referencia,ft1_0.rendimento,ft1_0.status_amostra_cor,ft1_0.status_amostra_producao,ft1_0.status_colecao,ft1_0.status_pedido,ft1_0.tipo,ft1_0.tipo_solicitacao,ft1_0.unidade_medida from ficha_tecnica ft1_0 where ft1_0.id=?
Hibernate: select m1_0.id,m1_0.nome from marca m1_0
Hibernate: select c1_0.id,c1_0.nome from colecao c1_0
Hibernate: select f1_0.id,f1_0.nome from fornecedor f1_0
Hibernate: select c1_0.id,c1_0.nome from categoria c1_0
Hibernate: select i1_0.id,i1_0.nome from insumo i1_0
Hibernate: select ft1_0.id,ft1_0.categoria_produto,ft1_0.codigo,ft1_0.codigo_siscomex,ft1_0.colecao,ft1_0.composicao,ft1_0.contrato_cambio_adiant,ft1_0.contrato_cambio_pgto_final,ft1_0.cor,ft1_0.data_amostra_cor,ft1_0.data_amostra_producao,ft1_0.data_aprovacao_amostra_cor,ft1_0.data_aprovacao_amostra_producao,ft1_0.data_chegada_destino,ft1_0.data_colocacao_pedido,ft1_0.data_saida_origem,ft1_0.descricao,ft1_0.descricao_produto,ft1_0.duimp_di,ft1_0.estagio,ft1_0.fornecedor,ft1_0.foto_path,ft1_0.gramatura,ft1_0.largura,ft1_0.marca,ft1_0.marca_que_comprou,ft1_0.marca_que_utiliza,ft1_0.minimo,ft1_0.minimo_compra,ft1_0.ncm,ft1_0.nome_navio,ft1_0.numero_pedido,ft1_0.observacao_amostra_cor,ft1_0.observacao_amostra_producao,ft1_0.preco_reais,ft1_0.preco_usd,ft1_0.qti_pct,ft1_0.quantidade_comprada,ft1_0.ref_fornecedor,ft1_0.ref_texcotton,ft1_0.referencia,ft1_0.rendimento,ft1_0.status_amostra_cor,ft1_0.status_amostra_producao,ft1_0.status_colecao,ft1_0.status_pedido,ft1_0.tipo,ft1_0.tipo_solicitacao,ft1_0.unidade_medida from ficha_tecnica ft1_0 where ft1_0.id=?
Hibernate: update ficha_tecnica set categoria_produto=?,codigo=?,codigo_siscomex=?,colecao=?,composicao=?,contrato_cambio_adiant=?,contrato_cambio_pgto_final=?,cor=?,data_amostra_cor=?,data_amostra_producao=?,data_aprovacao_amostra_cor=?,data_aprovacao_amostra_producao=?,data_chegada_destino=?,data_colocacao_pedido=?,data_saida_origem=?,descricao=?,descricao_produto=?,duimp_di=?,estagio=?,fornecedor=?,foto_path=?,gramatura=?,largura=?,marca=?,marca_que_comprou=?,marca_que_utiliza=?,minimo=?,minimo_compra=?,ncm=?,nome_navio=?,numero_pedido=?,observacao_amostra_cor=?,observacao_amostra_producao=?,preco_reais=?,preco_usd=?,qti_pct=?,quantidade_comprada=?,ref_fornecedor=?,ref_texcotton=?,referencia=?,rendimento=?,status_amostra_cor=?,status_amostra_producao=?,status_colecao=?,status_pedido=?,tipo=?,tipo_solicitacao=?,unidade_medida=? where id=?
Hibernate: select i1_0.id,i1_0.nome from insumo i1_0
Hibernate: select ft1_0.id,ft1_0.categoria_produto,ft1_0.codigo,ft1_0.codigo_siscomex,ft1_0.colecao,ft1_0.composicao,ft1_0.contrato_cambio_adiant,ft1_0.contrato_cambio_pgto_final,ft1_0.cor,ft1_0.data_amostra_cor,ft1_0.data_amostra_producao,ft1_0.data_aprovacao_amostra_cor,ft1_0.data_aprovacao_amostra_producao,ft1_0.data_chegada_destino,ft1_0.data_colocacao_pedido,ft1_0.data_saida_origem,ft1_0.descricao,ft1_0.descricao_produto,ft1_0.duimp_di,ft1_0.estagio,ft1_0.fornecedor,ft1_0.foto_path,ft1_0.gramatura,ft1_0.largura,ft1_0.marca,ft1_0.marca_que_comprou,ft1_0.marca_que_utiliza,ft1_0.minimo,ft1_0.minimo_compra,ft1_0.ncm,ft1_0.nome_navio,ft1_0.numero_pedido,ft1_0.observacao_amostra_cor,ft1_0.observacao_amostra_producao,ft1_0.preco_reais,ft1_0.preco_usd,ft1_0.qti_pct,ft1_0.quantidade_comprada,ft1_0.ref_fornecedor,ft1_0.ref_texcotton,ft1_0.referencia,ft1_0.rendimento,ft1_0.status_amostra_cor,ft1_0.status_amostra_producao,ft1_0.status_colecao,ft1_0.status_pedido,ft1_0.tipo,ft1_0.tipo_solicitacao,ft1_0.unidade_medida from ficha_tecnica ft1_0 where (? is null or lower(ft1_0.colecao) like lower(('%'||?||'%')) escape '') and (? is null or ft1_0.tipo=?) and (? is null or ft1_0.status_pedido=?) and (? is null or ft1_0.data_colocacao_pedido>=?) and (? is null or ft1_0.data_colocacao_pedido<=?) and (? is null or lower(ft1_0.duimp_di) like lower(('%'||?||'%')) escape '') and (? is null or lower(ft1_0.contrato_cambio_adiant) like lower(('%'||?||'%')) escape '' or lower(ft1_0.contrato_cambio_pgto_final) like lower(('%'||?||'%')) escape '') and (? is null or lower(ft1_0.ref_texcotton) like lower(('%'||?||'%')) escape '' or lower(ft1_0.codigo) like lower(('%'||?||'%')) escape '' or lower(ft1_0.ref_fornecedor) like lower(('%'||?||'%')) escape '') and (? is null or lower(ft1_0.numero_pedido) like lower(('%'||?||'%')) escape '') and (? is null or lower(ft1_0.fornecedor) like lower(('%'||?||'%')) escape '') order by ft1_0.id desc
Hibernate: select c1_0.id,c1_0.nome from colecao c1_0
Hibernate: select f1_0.id,f1_0.nome from fornecedor f1_0
Hibernate: select ft1_0.colecao,count(ft1_0.id) from ficha_tecnica ft1_0 where ft1_0.colecao is not null and ft1_0.colecao<>'' group by ft1_0.colecao order by ft1_0.colecao
Hibernate: select i1_0.id,i1_0.nome from insumo i1_0
Hibernate: select ft1_0.id,ft1_0.categoria_produto,ft1_0.codigo,ft1_0.codigo_siscomex,ft1_0.colecao,ft1_0.composicao,ft1_0.contrato_cambio_adiant,ft1_0.contrato_cambio_pgto_final,ft1_0.cor,ft1_0.data_amostra_cor,ft1_0.data_amostra_producao,ft1_0.data_aprovacao_amostra_cor,ft1_0.data_aprovacao_amostra_producao,ft1_0.data_chegada_destino,ft1_0.data_colocacao_pedido,ft1_0.data_saida_origem,ft1_0.descricao,ft1_0.descricao_produto,ft1_0.duimp_di,ft1_0.estagio,ft1_0.fornecedor,ft1_0.foto_path,ft1_0.gramatura,ft1_0.largura,ft1_0.marca,ft1_0.marca_que_comprou,ft1_0.marca_que_utiliza,ft1_0.minimo,ft1_0.minimo_compra,ft1_0.ncm,ft1_0.nome_navio,ft1_0.numero_pedido,ft1_0.observacao_amostra_cor,ft1_0.observacao_amostra_producao,ft1_0.preco_reais,ft1_0.preco_usd,ft1_0.qti_pct,ft1_0.quantidade_comprada,ft1_0.ref_fornecedor,ft1_0.ref_texcotton,ft1_0.referencia,ft1_0.rendimento,ft1_0.status_amostra_cor,ft1_0.status_amostra_producao,ft1_0.status_colecao,ft1_0.status_pedido,ft1_0.tipo,ft1_0.tipo_solicitacao,ft1_0.unidade_medida from ficha_tecnica ft1_0 where ft1_0.id=?
Hibernate: select m1_0.id,m1_0.nome from marca m1_0
Hibernate: select c1_0.id,c1_0.nome from colecao c1_0
Hibernate: select f1_0.id,f1_0.nome from fornecedor f1_0
Hibernate: select c1_0.id,c1_0.nome from categoria c1_0
Hibernate: select i1_0.id,i1_0.nome from insumo i1_0
Hibernate: select ft1_0.id,ft1_0.categoria_produto,ft1_0.codigo,ft1_0.codigo_siscomex,ft1_0.colecao,ft1_0.composicao,ft1_0.contrato_cambio_adiant,ft1_0.contrato_cambio_pgto_final,ft1_0.cor,ft1_0.data_amostra_cor,ft1_0.data_amostra_producao,ft1_0.data_aprovacao_amostra_cor,ft1_0.data_aprovacao_amostra_producao,ft1_0.data_chegada_destino,ft1_0.data_colocacao_pedido,ft1_0.data_saida_origem,ft1_0.descricao,ft1_0.descricao_produto,ft1_0.duimp_di,ft1_0.estagio,ft1_0.fornecedor,ft1_0.foto_path,ft1_0.gramatura,ft1_0.largura,ft1_0.marca,ft1_0.marca_que_comprou,ft1_0.marca_que_utiliza,ft1_0.minimo,ft1_0.minimo_compra,ft1_0.ncm,ft1_0.nome_navio,ft1_0.numero_pedido,ft1_0.observacao_amostra_cor,ft1_0.observacao_amostra_producao,ft1_0.preco_reais,ft1_0.preco_usd,ft1_0.qti_pct,ft1_0.quantidade_comprada,ft1_0.ref_fornecedor,ft1_0.ref_texcotton,ft1_0.referencia,ft1_0.rendimento,ft1_0.status_amostra_cor,ft1_0.status_amostra_producao,ft1_0.status_colecao,ft1_0.status_pedido,ft1_0.tipo,ft1_0.tipo_solicitacao,ft1_0.unidade_medida from ficha_tecnica ft1_0 where ft1_0.id=?
Hibernate: update ficha_tecnica set categoria_produto=?,codigo=?,codigo_siscomex=?,colecao=?,composicao=?,contrato_cambio_adiant=?,contrato_cambio_pgto_final=?,cor=?,data_amostra_cor=?,data_amostra_producao=?,data_aprovacao_amostra_cor=?,data_aprovacao_amostra_producao=?,data_chegada_destino=?,data_colocacao_pedido=?,data_saida_origem=?,descricao=?,descricao_produto=?,duimp_di=?,estagio=?,fornecedor=?,foto_path=?,gramatura=?,largura=?,marca=?,marca_que_comprou=?,marca_que_utiliza=?,minimo=?,minimo_compra=?,ncm=?,nome_navio=?,numero_pedido=?,observacao_amostra_cor=?,observacao_amostra_producao=?,preco_reais=?,preco_usd=?,qti_pct=?,quantidade_comprada=?,ref_fornecedor=?,ref_texcotton=?,referencia=?,rendimento=?,status_amostra_cor=?,status_amostra_producao=?,status_colecao=?,status_pedido=?,tipo=?,tipo_solicitacao=?,unidade_medida=? where id=?
Hibernate: select i1_0.id,i1_0.nome from insumo i1_0
Hibernate: select ft1_0.id,ft1_0.categoria_produto,ft1_0.codigo,ft1_0.codigo_siscomex,ft1_0.colecao,ft1_0.composicao,ft1_0.contrato_cambio_adiant,ft1_0.contrato_cambio_pgto_final,ft1_0.cor,ft1_0.data_amostra_cor,ft1_0.data_amostra_producao,ft1_0.data_aprovacao_amostra_cor,ft1_0.data_aprovacao_amostra_producao,ft1_0.data_chegada_destino,ft1_0.data_colocacao_pedido,ft1_0.data_saida_origem,ft1_0.descricao,ft1_0.descricao_produto,ft1_0.duimp_di,ft1_0.estagio,ft1_0.fornecedor,ft1_0.foto_path,ft1_0.gramatura,ft1_0.largura,ft1_0.marca,ft1_0.marca_que_comprou,ft1_0.marca_que_utiliza,ft1_0.minimo,ft1_0.minimo_compra,ft1_0.ncm,ft1_0.nome_navio,ft1_0.numero_pedido,ft1_0.observacao_amostra_cor,ft1_0.observacao_amostra_producao,ft1_0.preco_reais,ft1_0.preco_usd,ft1_0.qti_pct,ft1_0.quantidade_comprada,ft1_0.ref_fornecedor,ft1_0.ref_texcotton,ft1_0.referencia,ft1_0.rendimento,ft1_0.status_amostra_cor,ft1_0.status_amostra_producao,ft1_0.status_colecao,ft1_0.status_pedido,ft1_0.tipo,ft1_0.tipo_solicitacao,ft1_0.unidade_medida from ficha_tecnica ft1_0 where (? is null or lower(ft1_0.colecao) like lower(('%'||?||'%')) escape '') and (? is null or ft1_0.tipo=?) and (? is null or ft1_0.status_pedido=?) and (? is null or ft1_0.data_colocacao_pedido>=?) and (? is null or ft1_0.data_colocacao_pedido<=?) and (? is null or lower(ft1_0.duimp_di) like lower(('%'||?||'%')) escape '') and (? is null or lower(ft1_0.contrato_cambio_adiant) like lower(('%'||?||'%')) escape '' or lower(ft1_0.contrato_cambio_pgto_final) like lower(('%'||?||'%')) escape '') and (? is null or lower(ft1_0.ref_texcotton) like lower(('%'||?||'%')) escape '' or lower(ft1_0.codigo) like lower(('%'||?||'%')) escape '' or lower(ft1_0.ref_fornecedor) like lower(('%'||?||'%')) escape '') and (? is null or lower(ft1_0.numero_pedido) like lower(('%'||?||'%')) escape '') and (? is null or lower(ft1_0.fornecedor) like lower(('%'||?||'%')) escape '') order by ft1_0.id desc
Hibernate: select c1_0.id,c1_0.nome from colecao c1_0
Hibernate: select f1_0.id,f1_0.nome from fornecedor f1_0
Hibernate: select ft1_0.colecao,count(ft1_0.id) from ficha_tecnica ft1_0 where ft1_0.colecao is not null and ft1_0.colecao<>'' group by ft1_0.colecao order by ft1_0.colecao
Hibernate: select i1_0.id,i1_0.nome from insumo i1_0
Hibernate: select ft1_0.id,ft1_0.categoria_produto,ft1_0.codigo,ft1_0.codigo_siscomex,ft1_0.colecao,ft1_0.composicao,ft1_0.contrato_cambio_adiant,ft1_0.contrato_cambio_pgto_final,ft1_0.cor,ft1_0.data_amostra_cor,ft1_0.data_amostra_producao,ft1_0.data_aprovacao_amostra_cor,ft1_0.data_aprovacao_amostra_producao,ft1_0.data_chegada_destino,ft1_0.data_colocacao_pedido,ft1_0.data_saida_origem,ft1_0.descricao,ft1_0.descricao_produto,ft1_0.duimp_di,ft1_0.estagio,ft1_0.fornecedor,ft1_0.foto_path,ft1_0.gramatura,ft1_0.largura,ft1_0.marca,ft1_0.marca_que_comprou,ft1_0.marca_que_utiliza,ft1_0.minimo,ft1_0.minimo_compra,ft1_0.ncm,ft1_0.nome_navio,ft1_0.numero_pedido,ft1_0.observacao_amostra_cor,ft1_0.observacao_amostra_producao,ft1_0.preco_reais,ft1_0.preco_usd,ft1_0.qti_pct,ft1_0.quantidade_comprada,ft1_0.ref_fornecedor,ft1_0.ref_texcotton,ft1_0.referencia,ft1_0.rendimento,ft1_0.status_amostra_cor,ft1_0.status_amostra_producao,ft1_0.status_colecao,ft1_0.status_pedido,ft1_0.tipo,ft1_0.tipo_solicitacao,ft1_0.unidade_medida from ficha_tecnica ft1_0 where ft1_0.id=?
Hibernate: select m1_0.id,m1_0.nome from marca m1_0
Hibernate: select c1_0.id,c1_0.nome from colecao c1_0
Hibernate: select f1_0.id,f1_0.nome from fornecedor f1_0
Hibernate: select c1_0.id,c1_0.nome from categoria c1_0
Hibernate: select i1_0.id,i1_0.nome from insumo i1_0
Hibernate: select ft1_0.id,ft1_0.categoria_produto,ft1_0.codigo,ft1_0.codigo_siscomex,ft1_0.colecao,ft1_0.composicao,ft1_0.contrato_cambio_adiant,ft1_0.contrato_cambio_pgto_final,ft1_0.cor,ft1_0.data_amostra_cor,ft1_0.data_amostra_producao,ft1_0.data_aprovacao_amostra_cor,ft1_0.data_aprovacao_amostra_producao,ft1_0.data_chegada_destino,ft1_0.data_colocacao_pedido,ft1_0.data_saida_origem,ft1_0.descricao,ft1_0.descricao_produto,ft1_0.duimp_di,ft1_0.estagio,ft1_0.fornecedor,ft1_0.foto_path,ft1_0.gramatura,ft1_0.largura,ft1_0.marca,ft1_0.marca_que_comprou,ft1_0.marca_que_utiliza,ft1_0.minimo,ft1_0.minimo_compra,ft1_0.ncm,ft1_0.nome_navio,ft1_0.numero_pedido,ft1_0.observacao_amostra_cor,ft1_0.observacao_amostra_producao,ft1_0.preco_reais,ft1_0.preco_usd,ft1_0.qti_pct,ft1_0.quantidade_comprada,ft1_0.ref_fornecedor,ft1_0.ref_texcotton,ft1_0.referencia,ft1_0.rendimento,ft1_0.status_amostra_cor,ft1_0.status_amostra_producao,ft1_0.status_colecao,ft1_0.status_pedido,ft1_0.tipo,ft1_0.tipo_solicitacao,ft1_0.unidade_medida from ficha_tecnica ft1_0 where ft1_0.id=?
Hibernate: update ficha_tecnica set categoria_produto=?,codigo=?,codigo_siscomex=?,colecao=?,composicao=?,contrato_cambio_adiant=?,contrato_cambio_pgto_final=?,cor=?,data_amostra_cor=?,data_amostra_producao=?,data_aprovacao_amostra_cor=?,data_aprovacao_amostra_producao=?,data_chegada_destino=?,data_colocacao_pedido=?,data_saida_origem=?,descricao=?,descricao_produto=?,duimp_di=?,estagio=?,fornecedor=?,foto_path=?,gramatura=?,largura=?,marca=?,marca_que_comprou=?,marca_que_utiliza=?,minimo=?,minimo_compra=?,ncm=?,nome_navio=?,numero_pedido=?,observacao_amostra_cor=?,observacao_amostra_producao=?,preco_reais=?,preco_usd=?,qti_pct=?,quantidade_comprada=?,ref_fornecedor=?,ref_texcotton=?,referencia=?,rendimento=?,status_amostra_cor=?,status_amostra_producao=?,status_colecao=?,status_pedido=?,tipo=?,tipo_solicitacao=?,unidade_medida=? where id=?
Hibernate: select i1_0.id,i1_0.nome from insumo i1_0
Hibernate: select ft1_0.id,ft1_0.categoria_produto,ft1_0.codigo,ft1_0.codigo_siscomex,ft1_0.colecao,ft1_0.composicao,ft1_0.contrato_cambio_adiant,ft1_0.contrato_cambio_pgto_final,ft1_0.cor,ft1_0.data_amostra_cor,ft1_0.data_amostra_producao,ft1_0.data_aprovacao_amostra_cor,ft1_0.data_aprovacao_amostra_producao,ft1_0.data_chegada_destino,ft1_0.data_colocacao_pedido,ft1_0.data_saida_origem,ft1_0.descricao,ft1_0.descricao_produto,ft1_0.duimp_di,ft1_0.estagio,ft1_0.fornecedor,ft1_0.foto_path,ft1_0.gramatura,ft1_0.largura,ft1_0.marca,ft1_0.marca_que_comprou,ft1_0.marca_que_utiliza,ft1_0.minimo,ft1_0.minimo_compra,ft1_0.ncm,ft1_0.nome_navio,ft1_0.numero_pedido,ft1_0.observacao_amostra_cor,ft1_0.observacao_amostra_producao,ft1_0.preco_reais,ft1_0.preco_usd,ft1_0.qti_pct,ft1_0.quantidade_comprada,ft1_0.ref_fornecedor,ft1_0.ref_texcotton,ft1_0.referencia,ft1_0.rendimento,ft1_0.status_amostra_cor,ft1_0.status_amostra_producao,ft1_0.status_colecao,ft1_0.status_pedido,ft1_0.tipo,ft1_0.tipo_solicitacao,ft1_0.unidade_medida from ficha_tecnica ft1_0 where (? is null or lower(ft1_0.colecao) like lower(('%'||?||'%')) escape '') and (? is null or ft1_0.tipo=?) and (? is null or ft1_0.status_pedido=?) and (? is null or ft1_0.data_colocacao_pedido>=?) and (? is null or ft1_0.data_colocacao_pedido<=?) and (? is null or lower(ft1_0.duimp_di) like lower(('%'||?||'%')) escape '') and (? is null or lower(ft1_0.contrato_cambio_adiant) like lower(('%'||?||'%')) escape '' or lower(ft1_0.contrato_cambio_pgto_final) like lower(('%'||?||'%')) escape '') and (? is null or lower(ft1_0.ref_texcotton) like lower(('%'||?||'%')) escape '' or lower(ft1_0.codigo) like lower(('%'||?||'%')) escape '' or lower(ft1_0.ref_fornecedor) like lower(('%'||?||'%')) escape '') and (? is null or lower(ft1_0.numero_pedido) like lower(('%'||?||'%')) escape '') and (? is null or lower(ft1_0.fornecedor) like lower(('%'||?||'%')) escape '') order by ft1_0.id desc
Hibernate: select c1_0.id,c1_0.nome from colecao c1_0
Hibernate: select f1_0.id,f1_0.nome from fornecedor f1_0
Hibernate: select ft1_0.colecao,count(ft1_0.id) from ficha_tecnica ft1_0 where ft1_0.colecao is not null and ft1_0.colecao<>'' group by ft1_0.colecao order by ft1_0.colecao
Hibernate: select i1_0.id,i1_0.nome from insumo i1_0
Hibernate: select ft1_0.id,ft1_0.categoria_produto,ft1_0.codigo,ft1_0.codigo_siscomex,ft1_0.colecao,ft1_0.composicao,ft1_0.contrato_cambio_adiant,ft1_0.contrato_cambio_pgto_final,ft1_0.cor,ft1_0.data_amostra_cor,ft1_0.data_amostra_producao,ft1_0.data_aprovacao_amostra_cor,ft1_0.data_aprovacao_amostra_producao,ft1_0.data_chegada_destino,ft1_0.data_colocacao_pedido,ft1_0.data_saida_origem,ft1_0.descricao,ft1_0.descricao_produto,ft1_0.duimp_di,ft1_0.estagio,ft1_0.fornecedor,ft1_0.foto_path,ft1_0.gramatura,ft1_0.largura,ft1_0.marca,ft1_0.marca_que_comprou,ft1_0.marca_que_utiliza,ft1_0.minimo,ft1_0.minimo_compra,ft1_0.ncm,ft1_0.nome_navio,ft1_0.numero_pedido,ft1_0.observacao_amostra_cor,ft1_0.observacao_amostra_producao,ft1_0.preco_reais,ft1_0.preco_usd,ft1_0.qti_pct,ft1_0.quantidade_comprada,ft1_0.ref_fornecedor,ft1_0.ref_texcotton,ft1_0.referencia,ft1_0.rendimento,ft1_0.status_amostra_cor,ft1_0.status_amostra_producao,ft1_0.status_colecao,ft1_0.status_pedido,ft1_0.tipo,ft1_0.tipo_solicitacao,ft1_0.unidade_medida from ficha_tecnica ft1_0 where ft1_0.id=?
Hibernate: select m1_0.id,m1_0.nome from marca m1_0
Hibernate: select c1_0.id,c1_0.nome from colecao c1_0
Hibernate: select f1_0.id,f1_0.nome from fornecedor f1_0
Hibernate: select c1_0.id,c1_0.nome from categoria c1_0
Hibernate: select i1_0.id,i1_0.nome from insumo i1_0
Hibernate: select ft1_0.id,ft1_0.categoria_produto,ft1_0.codigo,ft1_0.codigo_siscomex,ft1_0.colecao,ft1_0.composicao,ft1_0.contrato_cambio_adiant,ft1_0.contrato_cambio_pgto_final,ft1_0.cor,ft1_0.data_amostra_cor,ft1_0.data_amostra_producao,ft1_0.data_aprovacao_amostra_cor,ft1_0.data_aprovacao_amostra_producao,ft1_0.data_chegada_destino,ft1_0.data_colocacao_pedido,ft1_0.data_saida_origem,ft1_0.descricao,ft1_0.descricao_produto,ft1_0.duimp_di,ft1_0.estagio,ft1_0.fornecedor,ft1_0.foto_path,ft1_0.gramatura,ft1_0.largura,ft1_0.marca,ft1_0.marca_que_comprou,ft1_0.marca_que_utiliza,ft1_0.minimo,ft1_0.minimo_compra,ft1_0.ncm,ft1_0.nome_navio,ft1_0.numero_pedido,ft1_0.observacao_amostra_cor,ft1_0.observacao_amostra_producao,ft1_0.preco_reais,ft1_0.preco_usd,ft1_0.qti_pct,ft1_0.quantidade_comprada,ft1_0.ref_fornecedor,ft1_0.ref_texcotton,ft1_0.referencia,ft1_0.rendimento,ft1_0.status_amostra_cor,ft1_0.status_amostra_producao,ft1_0.status_colecao,ft1_0.status_pedido,ft1_0.tipo,ft1_0.tipo_solicitacao,ft1_0.unidade_medida from ficha_tecnica ft1_0 where ft1_0.id=?
Hibernate: update ficha_tecnica set categoria_produto=?,codigo=?,codigo_siscomex=?,colecao=?,composicao=?,contrato_cambio_adiant=?,contrato_cambio_pgto_final=?,cor=?,data_amostra_cor=?,data_amostra_producao=?,data_aprovacao_amostra_cor=?,data_aprovacao_amostra_producao=?,data_chegada_destino=?,data_colocacao_pedido=?,data_saida_origem=?,descricao=?,descricao_produto=?,duimp_di=?,estagio=?,fornecedor=?,foto_path=?,gramatura=?,largura=?,marca=?,marca_que_comprou=?,marca_que_utiliza=?,minimo=?,minimo_compra=?,ncm=?,nome_navio=?,numero_pedido=?,observacao_amostra_cor=?,observacao_amostra_producao=?,preco_reais=?,preco_usd=?,qti_pct=?,quantidade_comprada=?,ref_fornecedor=?,ref_texcotton=?,referencia=?,rendimento=?,status_amostra_cor=?,status_amostra_producao=?,status_colecao=?,status_pedido=?,tipo=?,tipo_solicitacao=?,unidade_medida=? where id=?
Hibernate: select i1_0.id,i1_0.nome from insumo i1_0
Hibernate: select ft1_0.id,ft1_0.categoria_produto,ft1_0.codigo,ft1_0.codigo_siscomex,ft1_0.colecao,ft1_0.composicao,ft1_0.contrato_cambio_adiant,ft1_0.contrato_cambio_pgto_final,ft1_0.cor,ft1_0.data_amostra_cor,ft1_0.data_amostra_producao,ft1_0.data_aprovacao_amostra_cor,ft1_0.data_aprovacao_amostra_producao,ft1_0.data_chegada_destino,ft1_0.data_colocacao_pedido,ft1_0.data_saida_origem,ft1_0.descricao,ft1_0.descricao_produto,ft1_0.duimp_di,ft1_0.estagio,ft1_0.fornecedor,ft1_0.foto_path,ft1_0.gramatura,ft1_0.largura,ft1_0.marca,ft1_0.marca_que_comprou,ft1_0.marca_que_utiliza,ft1_0.minimo,ft1_0.minimo_compra,ft1_0.ncm,ft1_0.nome_navio,ft1_0.numero_pedido,ft1_0.observacao_amostra_cor,ft1_0.observacao_amostra_producao,ft1_0.preco_reais,ft1_0.preco_usd,ft1_0.qti_pct,ft1_0.quantidade_comprada,ft1_0.ref_fornecedor,ft1_0.ref_texcotton,ft1_0.referencia,ft1_0.rendimento,ft1_0.status_amostra_cor,ft1_0.status_amostra_producao,ft1_0.status_colecao,ft1_0.status_pedido,ft1_0.tipo,ft1_0.tipo_solicitacao,ft1_0.unidade_medida from ficha_tecnica ft1_0 where (? is null or lower(ft1_0.colecao) like lower(('%'||?||'%')) escape '') and (? is null or ft1_0.tipo=?) and (? is null or ft1_0.status_pedido=?) and (? is null or ft1_0.data_colocacao_pedido>=?) and (? is null or ft1_0.data_colocacao_pedido<=?) and (? is null or lower(ft1_0.duimp_di) like lower(('%'||?||'%')) escape '') and (? is null or lower(ft1_0.contrato_cambio_adiant) like lower(('%'||?||'%')) escape '' or lower(ft1_0.contrato_cambio_pgto_final) like lower(('%'||?||'%')) escape '') and (? is null or lower(ft1_0.ref_texcotton) like lower(('%'||?||'%')) escape '' or lower(ft1_0.codigo) like lower(('%'||?||'%')) escape '' or lower(ft1_0.ref_fornecedor) like lower(('%'||?||'%')) escape '') and (? is null or lower(ft1_0.numero_pedido) like lower(('%'||?||'%')) escape '') and (? is null or lower(ft1_0.fornecedor) like lower(('%'||?||'%')) escape '') order by ft1_0.id desc
Hibernate: select c1_0.id,c1_0.nome from colecao c1_0
Hibernate: select f1_0.id,f1_0.nome from fornecedor f1_0
Hibernate: select ft1_0.colecao,count(ft1_0.id) from ficha_tecnica ft1_0 where ft1_0.colecao is not null and ft1_0.colecao<>'' group by ft1_0.colecao order by ft1_0.colecao
Hibernate: select i1_0.id,i1_0.nome from insumo i1_0
Hibernate: select ft1_0.id,ft1_0.categoria_produto,ft1_0.codigo,ft1_0.codigo_siscomex,ft1_0.colecao,ft1_0.composicao,ft1_0.contrato_cambio_adiant,ft1_0.contrato_cambio_pgto_final,ft1_0.cor,ft1_0.data_amostra_cor,ft1_0.data_amostra_producao,ft1_0.data_aprovacao_amostra_cor,ft1_0.data_aprovacao_amostra_producao,ft1_0.data_chegada_destino,ft1_0.data_colocacao_pedido,ft1_0.data_saida_origem,ft1_0.descricao,ft1_0.descricao_produto,ft1_0.duimp_di,ft1_0.estagio,ft1_0.fornecedor,ft1_0.foto_path,ft1_0.gramatura,ft1_0.largura,ft1_0.marca,ft1_0.marca_que_comprou,ft1_0.marca_que_utiliza,ft1_0.minimo,ft1_0.minimo_compra,ft1_0.ncm,ft1_0.nome_navio,ft1_0.numero_pedido,ft1_0.observacao_amostra_cor,ft1_0.observacao_amostra_producao,ft1_0.preco_reais,ft1_0.preco_usd,ft1_0.qti_pct,ft1_0.quantidade_comprada,ft1_0.ref_fornecedor,ft1_0.ref_texcotton,ft1_0.referencia,ft1_0.rendimento,ft1_0.status_amostra_cor,ft1_0.status_amostra_producao,ft1_0.status_colecao,ft1_0.status_pedido,ft1_0.tipo,ft1_0.tipo_solicitacao,ft1_0.unidade_medida from ficha_tecnica ft1_0 where (? is null or lower(ft1_0.colecao) like lower(('%'||?||'%')) escape '') and (? is null or ft1_0.tipo=?) and (? is null or ft1_0.status_pedido=?) and (? is null or ft1_0.data_colocacao_pedido>=?) and (? is null or ft1_0.data_colocacao_pedido<=?) and (? is null or lower(ft1_0.duimp_di) like lower(('%'||?||'%')) escape '') and (? is null or lower(ft1_0.contrato_cambio_adiant) like lower(('%'||?||'%')) escape '' or lower(ft1_0.contrato_cambio_pgto_final) like lower(('%'||?||'%')) escape '') and (? is null or lower(ft1_0.ref_texcotton) like lower(('%'||?||'%')) escape '' or lower(ft1_0.codigo) like lower(('%'||?||'%')) escape '' or lower(ft1_0.ref_fornecedor) like lower(('%'||?||'%')) escape '') and (? is null or lower(ft1_0.numero_pedido) like lower(('%'||?||'%')) escape '') and (? is null or lower(ft1_0.fornecedor) like lower(('%'||?||'%')) escape '') order by ft1_0.id desc
Hibernate: select c1_0.id,c1_0.nome from colecao c1_0
Hibernate: select f1_0.id,f1_0.nome from fornecedor f1_0
Hibernate: select ft1_0.colecao,count(ft1_0.id) from ficha_tecnica ft1_0 where ft1_0.colecao is not null and ft1_0.colecao<>'' group by ft1_0.colecao order by ft1_0.colecao
Hibernate: select i1_0.id,i1_0.nome from insumo i1_0
Hibernate: select ft1_0.id,ft1_0.categoria_produto,ft1_0.codigo,ft1_0.codigo_siscomex,ft1_0.colecao,ft1_0.composicao,ft1_0.contrato_cambio_adiant,ft1_0.contrato_cambio_pgto_final,ft1_0.cor,ft1_0.data_amostra_cor,ft1_0.data_amostra_producao,ft1_0.data_aprovacao_amostra_cor,ft1_0.data_aprovacao_amostra_producao,ft1_0.data_chegada_destino,ft1_0.data_colocacao_pedido,ft1_0.data_saida_origem,ft1_0.descricao,ft1_0.descricao_produto,ft1_0.duimp_di,ft1_0.estagio,ft1_0.fornecedor,ft1_0.foto_path,ft1_0.gramatura,ft1_0.largura,ft1_0.marca,ft1_0.marca_que_comprou,ft1_0.marca_que_utiliza,ft1_0.minimo,ft1_0.minimo_compra,ft1_0.ncm,ft1_0.nome_navio,ft1_0.numero_pedido,ft1_0.observacao_amostra_cor,ft1_0.observacao_amostra_producao,ft1_0.preco_reais,ft1_0.preco_usd,ft1_0.qti_pct,ft1_0.quantidade_comprada,ft1_0.ref_fornecedor,ft1_0.ref_texcotton,ft1_0.referencia,ft1_0.rendimento,ft1_0.status_amostra_cor,ft1_0.status_amostra_producao,ft1_0.status_colecao,ft1_0.status_pedido,ft1_0.tipo,ft1_0.tipo_solicitacao,ft1_0.unidade_medida from ficha_tecnica ft1_0 where ft1_0.id=?
Hibernate: select m1_0.id,m1_0.nome from marca m1_0
Hibernate: select c1_0.id,c1_0.nome from colecao c1_0
Hibernate: select f1_0.id,f1_0.nome from fornecedor f1_0
Hibernate: select c1_0.id,c1_0.nome from categoria c1_0
Hibernate: select i1_0.id,i1_0.nome from insumo i1_0
Hibernate: select ft1_0.id,ft1_0.categoria_produto,ft1_0.codigo,ft1_0.codigo_siscomex,ft1_0.colecao,ft1_0.composicao,ft1_0.contrato_cambio_adiant,ft1_0.contrato_cambio_pgto_final,ft1_0.cor,ft1_0.data_amostra_cor,ft1_0.data_amostra_producao,ft1_0.data_aprovacao_amostra_cor,ft1_0.data_aprovacao_amostra_producao,ft1_0.data_chegada_destino,ft1_0.data_colocacao_pedido,ft1_0.data_saida_origem,ft1_0.descricao,ft1_0.descricao_produto,ft1_0.duimp_di,ft1_0.estagio,ft1_0.fornecedor,ft1_0.foto_path,ft1_0.gramatura,ft1_0.largura,ft1_0.marca,ft1_0.marca_que_comprou,ft1_0.marca_que_utiliza,ft1_0.minimo,ft1_0.minimo_compra,ft1_0.ncm,ft1_0.nome_navio,ft1_0.numero_pedido,ft1_0.observacao_amostra_cor,ft1_0.observacao_amostra_producao,ft1_0.preco_reais,ft1_0.preco_usd,ft1_0.qti_pct,ft1_0.quantidade_comprada,ft1_0.ref_fornecedor,ft1_0.ref_texcotton,ft1_0.referencia,ft1_0.rendimento,ft1_0.status_amostra_cor,ft1_0.status_amostra_producao,ft1_0.status_colecao,ft1_0.status_pedido,ft1_0.tipo,ft1_0.tipo_solicitacao,ft1_0.unidade_medida from ficha_tecnica ft1_0 where ft1_0.id=?
Hibernate: update ficha_tecnica set categoria_produto=?,codigo=?,codigo_siscomex=?,colecao=?,composicao=?,contrato_cambio_adiant=?,contrato_cambio_pgto_final=?,cor=?,data_amostra_cor=?,data_amostra_producao=?,data_aprovacao_amostra_cor=?,data_aprovacao_amostra_producao=?,data_chegada_destino=?,data_colocacao_pedido=?,data_saida_origem=?,descricao=?,descricao_produto=?,duimp_di=?,estagio=?,fornecedor=?,foto_path=?,gramatura=?,largura=?,marca=?,marca_que_comprou=?,marca_que_utiliza=?,minimo=?,minimo_compra=?,ncm=?,nome_navio=?,numero_pedido=?,observacao_amostra_cor=?,observacao_amostra_producao=?,preco_reais=?,preco_usd=?,qti_pct=?,quantidade_comprada=?,ref_fornecedor=?,ref_texcotton=?,referencia=?,rendimento=?,status_amostra_cor=?,status_amostra_producao=?,status_colecao=?,status_pedido=?,tipo=?,tipo_solicitacao=?,unidade_medida=? where id=?
Hibernate: select i1_0.id,i1_0.nome from insumo i1_0
Hibernate: select ft1_0.id,ft1_0.categoria_produto,ft1_0.codigo,ft1_0.codigo_siscomex,ft1_0.colecao,ft1_0.composicao,ft1_0.contrato_cambio_adiant,ft1_0.contrato_cambio_pgto_final,ft1_0.cor,ft1_0.data_amostra_cor,ft1_0.data_amostra_producao,ft1_0.data_aprovacao_amostra_cor,ft1_0.data_aprovacao_amostra_producao,ft1_0.data_chegada_destino,ft1_0.data_colocacao_pedido,ft1_0.data_saida_origem,ft1_0.descricao,ft1_0.descricao_produto,ft1_0.duimp_di,ft1_0.estagio,ft1_0.fornecedor,ft1_0.foto_path,ft1_0.gramatura,ft1_0.largura,ft1_0.marca,ft1_0.marca_que_comprou,ft1_0.marca_que_utiliza,ft1_0.minimo,ft1_0.minimo_compra,ft1_0.ncm,ft1_0.nome_navio,ft1_0.numero_pedido,ft1_0.observacao_amostra_cor,ft1_0.observacao_amostra_producao,ft1_0.preco_reais,ft1_0.preco_usd,ft1_0.qti_pct,ft1_0.quantidade_comprada,ft1_0.ref_fornecedor,ft1_0.ref_texcotton,ft1_0.referencia,ft1_0.rendimento,ft1_0.status_amostra_cor,ft1_0.status_amostra_producao,ft1_0.status_colecao,ft1_0.status_pedido,ft1_0.tipo,ft1_0.tipo_solicitacao,ft1_0.unidade_medida from ficha_tecnica ft1_0 where (? is null or lower(ft1_0.colecao) like lower(('%'||?||'%')) escape '') and (? is null or ft1_0.tipo=?) and (? is null or ft1_0.status_pedido=?) and (? is null or ft1_0.data_colocacao_pedido>=?) and (? is null or ft1_0.data_colocacao_pedido<=?) and (? is null or lower(ft1_0.duimp_di) like lower(('%'||?||'%')) escape '') and (? is null or lower(ft1_0.contrato_cambio_adiant) like lower(('%'||?||'%')) escape '' or lower(ft1_0.contrato_cambio_pgto_final) like lower(('%'||?||'%')) escape '') and (? is null or lower(ft1_0.ref_texcotton) like lower(('%'||?||'%')) escape '' or lower(ft1_0.codigo) like lower(('%'||?||'%')) escape '' or lower(ft1_0.ref_fornecedor) like lower(('%'||?||'%')) escape '') and (? is null or lower(ft1_0.numero_pedido) like lower(('%'||?||'%')) escape '') and (? is null or lower(ft1_0.fornecedor) like lower(('%'||?||'%')) escape '') order by ft1_0.id desc
Hibernate: select c1_0.id,c1_0.nome from colecao c1_0
Hibernate: select f1_0.id,f1_0.nome from fornecedor f1_0
Hibernate: select ft1_0.colecao,count(ft1_0.id) from ficha_tecnica ft1_0 where ft1_0.colecao is not null and ft1_0.colecao<>'' group by ft1_0.colecao order by ft1_0.colecao
Hibernate: select i1_0.id,i1_0.nome from insumo i1_0
Hibernate: select ft1_0.id,ft1_0.categoria_produto,ft1_0.codigo,ft1_0.codigo_siscomex,ft1_0.colecao,ft1_0.composicao,ft1_0.contrato_cambio_adiant,ft1_0.contrato_cambio_pgto_final,ft1_0.cor,ft1_0.data_amostra_cor,ft1_0.data_amostra_producao,ft1_0.data_aprovacao_amostra_cor,ft1_0.data_aprovacao_amostra_producao,ft1_0.data_chegada_destino,ft1_0.data_colocacao_pedido,ft1_0.data_saida_origem,ft1_0.descricao,ft1_0.descricao_produto,ft1_0.duimp_di,ft1_0.estagio,ft1_0.fornecedor,ft1_0.foto_path,ft1_0.gramatura,ft1_0.largura,ft1_0.marca,ft1_0.marca_que_comprou,ft1_0.marca_que_utiliza,ft1_0.minimo,ft1_0.minimo_compra,ft1_0.ncm,ft1_0.nome_navio,ft1_0.numero_pedido,ft1_0.observacao_amostra_cor,ft1_0.observacao_amostra_producao,ft1_0.preco_reais,ft1_0.preco_usd,ft1_0.qti_pct,ft1_0.quantidade_comprada,ft1_0.ref_fornecedor,ft1_0.ref_texcotton,ft1_0.referencia,ft1_0.rendimento,ft1_0.status_amostra_cor,ft1_0.status_amostra_producao,ft1_0.status_colecao,ft1_0.status_pedido,ft1_0.tipo,ft1_0.tipo_solicitacao,ft1_0.unidade_medida from ficha_tecnica ft1_0 where ft1_0.id=?
Hibernate: select m1_0.id,m1_0.nome from marca m1_0
Hibernate: select c1_0.id,c1_0.nome from colecao c1_0
Hibernate: select f1_0.id,f1_0.nome from fornecedor f1_0
Hibernate: select c1_0.id,c1_0.nome from categoria c1_0
Hibernate: select i1_0.id,i1_0.nome from insumo i1_0
Hibernate: select ft1_0.id,ft1_0.categoria_produto,ft1_0.codigo,ft1_0.codigo_siscomex,ft1_0.colecao,ft1_0.composicao,ft1_0.contrato_cambio_adiant,ft1_0.contrato_cambio_pgto_final,ft1_0.cor,ft1_0.data_amostra_cor,ft1_0.data_amostra_producao,ft1_0.data_aprovacao_amostra_cor,ft1_0.data_aprovacao_amostra_producao,ft1_0.data_chegada_destino,ft1_0.data_colocacao_pedido,ft1_0.data_saida_origem,ft1_0.descricao,ft1_0.descricao_produto,ft1_0.duimp_di,ft1_0.estagio,ft1_0.fornecedor,ft1_0.foto_path,ft1_0.gramatura,ft1_0.largura,ft1_0.marca,ft1_0.marca_que_comprou,ft1_0.marca_que_utiliza,ft1_0.minimo,ft1_0.minimo_compra,ft1_0.ncm,ft1_0.nome_navio,ft1_0.numero_pedido,ft1_0.observacao_amostra_cor,ft1_0.observacao_amostra_producao,ft1_0.preco_reais,ft1_0.preco_usd,ft1_0.qti_pct,ft1_0.quantidade_comprada,ft1_0.ref_fornecedor,ft1_0.ref_texcotton,ft1_0.referencia,ft1_0.rendimento,ft1_0.status_amostra_cor,ft1_0.status_amostra_producao,ft1_0.status_colecao,ft1_0.status_pedido,ft1_0.tipo,ft1_0.tipo_solicitacao,ft1_0.unidade_medida from ficha_tecnica ft1_0 where ft1_0.id=?
Hibernate: update ficha_tecnica set categoria_produto=?,codigo=?,codigo_siscomex=?,colecao=?,composicao=?,contrato_cambio_adiant=?,contrato_cambio_pgto_final=?,cor=?,data_amostra_cor=?,data_amostra_producao=?,data_aprovacao_amostra_cor=?,data_aprovacao_amostra_producao=?,data_chegada_destino=?,data_colocacao_pedido=?,data_saida_origem=?,descricao=?,descricao_produto=?,duimp_di=?,estagio=?,fornecedor=?,foto_path=?,gramatura=?,largura=?,marca=?,marca_que_comprou=?,marca_que_utiliza=?,minimo=?,minimo_compra=?,ncm=?,nome_navio=?,numero_pedido=?,observacao_amostra_cor=?,observacao_amostra_producao=?,preco_reais=?,preco_usd=?,qti_pct=?,quantidade_comprada=?,ref_fornecedor=?,ref_texcotton=?,referencia=?,rendimento=?,status_amostra_cor=?,status_amostra_producao=?,status_colecao=?,status_pedido=?,tipo=?,tipo_solicitacao=?,unidade_medida=? where id=?
Hibernate: select i1_0.id,i1_0.nome from insumo i1_0
Hibernate: select ft1_0.id,ft1_0.categoria_produto,ft1_0.codigo,ft1_0.codigo_siscomex,ft1_0.colecao,ft1_0.composicao,ft1_0.contrato_cambio_adiant,ft1_0.contrato_cambio_pgto_final,ft1_0.cor,ft1_0.data_amostra_cor,ft1_0.data_amostra_producao,ft1_0.data_aprovacao_amostra_cor,ft1_0.data_aprovacao_amostra_producao,ft1_0.data_chegada_destino,ft1_0.data_colocacao_pedido,ft1_0.data_saida_origem,ft1_0.descricao,ft1_0.descricao_produto,ft1_0.duimp_di,ft1_0.estagio,ft1_0.fornecedor,ft1_0.foto_path,ft1_0.gramatura,ft1_0.largura,ft1_0.marca,ft1_0.marca_que_comprou,ft1_0.marca_que_utiliza,ft1_0.minimo,ft1_0.minimo_compra,ft1_0.ncm,ft1_0.nome_navio,ft1_0.numero_pedido,ft1_0.observacao_amostra_cor,ft1_0.observacao_amostra_producao,ft1_0.preco_reais,ft1_0.preco_usd,ft1_0.qti_pct,ft1_0.quantidade_comprada,ft1_0.ref_fornecedor,ft1_0.ref_texcotton,ft1_0.referencia,ft1_0.rendimento,ft1_0.status_amostra_cor,ft1_0.status_amostra_producao,ft1_0.status_colecao,ft1_0.status_pedido,ft1_0.tipo,ft1_0.tipo_solicitacao,ft1_0.unidade_medida from ficha_tecnica ft1_0 where (? is null or lower(ft1_0.colecao) like lower(('%'||?||'%')) escape '') and (? is null or ft1_0.tipo=?) and (? is null or ft1_0.status_pedido=?) and (? is null or ft1_0.data_colocacao_pedido>=?) and (? is null or ft1_0.data_colocacao_pedido<=?) and (? is null or lower(ft1_0.duimp_di) like lower(('%'||?||'%')) escape '') and (? is null or lower(ft1_0.contrato_cambio_adiant) like lower(('%'||?||'%')) escape '' or lower(ft1_0.contrato_cambio_pgto_final) like lower(('%'||?||'%')) escape '') and (? is null or lower(ft1_0.ref_texcotton) like lower(('%'||?||'%')) escape '' or lower(ft1_0.codigo) like lower(('%'||?||'%')) escape '' or lower(ft1_0.ref_fornecedor) like lower(('%'||?||'%')) escape '') and (? is null or lower(ft1_0.numero_pedido) like lower(('%'||?||'%')) escape '') and (? is null or lower(ft1_0.fornecedor) like lower(('%'||?||'%')) escape '') order by ft1_0.id desc
Hibernate: select c1_0.id,c1_0.nome from colecao c1_0
Hibernate: select f1_0.id,f1_0.nome from fornecedor f1_0
Hibernate: select ft1_0.colecao,count(ft1_0.id) from ficha_tecnica ft1_0 where ft1_0.colecao is not null and ft1_0.colecao<>'' group by ft1_0.colecao order by ft1_0.colecao
Hibernate: select i1_0.id,i1_0.nome from insumo i1_0
Hibernate: select ft1_0.id,ft1_0.categoria_produto,ft1_0.codigo,ft1_0.codigo_siscomex,ft1_0.colecao,ft1_0.composicao,ft1_0.contrato_cambio_adiant,ft1_0.contrato_cambio_pgto_final,ft1_0.cor,ft1_0.data_amostra_cor,ft1_0.data_amostra_producao,ft1_0.data_aprovacao_amostra_cor,ft1_0.data_aprovacao_amostra_producao,ft1_0.data_chegada_destino,ft1_0.data_colocacao_pedido,ft1_0.data_saida_origem,ft1_0.descricao,ft1_0.descricao_produto,ft1_0.duimp_di,ft1_0.estagio,ft1_0.fornecedor,ft1_0.foto_path,ft1_0.gramatura,ft1_0.largura,ft1_0.marca,ft1_0.marca_que_comprou,ft1_0.marca_que_utiliza,ft1_0.minimo,ft1_0.minimo_compra,ft1_0.ncm,ft1_0.nome_navio,ft1_0.numero_pedido,ft1_0.observacao_amostra_cor,ft1_0.observacao_amostra_producao,ft1_0.preco_reais,ft1_0.preco_usd,ft1_0.qti_pct,ft1_0.quantidade_comprada,ft1_0.ref_fornecedor,ft1_0.ref_texcotton,ft1_0.referencia,ft1_0.rendimento,ft1_0.status_amostra_cor,ft1_0.status_amostra_producao,ft1_0.status_colecao,ft1_0.status_pedido,ft1_0.tipo,ft1_0.tipo_solicitacao,ft1_0.unidade_medida from ficha_tecnica ft1_0 where ft1_0.id=?
Hibernate: select m1_0.id,m1_0.nome from marca m1_0
Hibernate: select c1_0.id,c1_0.nome from colecao c1_0
Hibernate: select f1_0.id,f1_0.nome from fornecedor f1_0
Hibernate: select c1_0.id,c1_0.nome from categoria c1_0
Hibernate: select i1_0.id,i1_0.nome from insumo i1_0
Hibernate: select ft1_0.id,ft1_0.categoria_produto,ft1_0.codigo,ft1_0.codigo_siscomex,ft1_0.colecao,ft1_0.composicao,ft1_0.contrato_cambio_adiant,ft1_0.contrato_cambio_pgto_final,ft1_0.cor,ft1_0.data_amostra_cor,ft1_0.data_amostra_producao,ft1_0.data_aprovacao_amostra_cor,ft1_0.data_aprovacao_amostra_producao,ft1_0.data_chegada_destino,ft1_0.data_colocacao_pedido,ft1_0.data_saida_origem,ft1_0.descricao,ft1_0.descricao_produto,ft1_0.duimp_di,ft1_0.estagio,ft1_0.fornecedor,ft1_0.foto_path,ft1_0.gramatura,ft1_0.largura,ft1_0.marca,ft1_0.marca_que_comprou,ft1_0.marca_que_utiliza,ft1_0.minimo,ft1_0.minimo_compra,ft1_0.ncm,ft1_0.nome_navio,ft1_0.numero_pedido,ft1_0.observacao_amostra_cor,ft1_0.observacao_amostra_producao,ft1_0.preco_reais,ft1_0.preco_usd,ft1_0.qti_pct,ft1_0.quantidade_comprada,ft1_0.ref_fornecedor,ft1_0.ref_texcotton,ft1_0.referencia,ft1_0.rendimento,ft1_0.status_amostra_cor,ft1_0.status_amostra_producao,ft1_0.status_colecao,ft1_0.status_pedido,ft1_0.tipo,ft1_0.tipo_solicitacao,ft1_0.unidade_medida from ficha_tecnica ft1_0 where ft1_0.id=?
Hibernate: update ficha_tecnica set categoria_produto=?,codigo=?,codigo_siscomex=?,colecao=?,composicao=?,contrato_cambio_adiant=?,contrato_cambio_pgto_final=?,cor=?,data_amostra_cor=?,data_amostra_producao=?,data_aprovacao_amostra_cor=?,data_aprovacao_amostra_producao=?,data_chegada_destino=?,data_colocacao_pedido=?,data_saida_origem=?,descricao=?,descricao_produto=?,duimp_di=?,estagio=?,fornecedor=?,foto_path=?,gramatura=?,largura=?,marca=?,marca_que_comprou=?,marca_que_utiliza=?,minimo=?,minimo_compra=?,ncm=?,nome_navio=?,numero_pedido=?,observacao_amostra_cor=?,observacao_amostra_producao=?,preco_reais=?,preco_usd=?,qti_pct=?,quantidade_comprada=?,ref_fornecedor=?,ref_texcotton=?,referencia=?,rendimento=?,status_amostra_cor=?,status_amostra_producao=?,status_colecao=?,status_pedido=?,tipo=?,tipo_solicitacao=?,unidade_medida=? where id=?
Hibernate: select i1_0.id,i1_0.nome from insumo i1_0
Hibernate: select ft1_0.id,ft1_0.categoria_produto,ft1_0.codigo,ft1_0.codigo_siscomex,ft1_0.colecao,ft1_0.composicao,ft1_0.contrato_cambio_adiant,ft1_0.contrato_cambio_pgto_final,ft1_0.cor,ft1_0.data_amostra_cor,ft1_0.data_amostra_producao,ft1_0.data_aprovacao_amostra_cor,ft1_0.data_aprovacao_amostra_producao,ft1_0.data_chegada_destino,ft1_0.data_colocacao_pedido,ft1_0.data_saida_origem,ft1_0.descricao,ft1_0.descricao_produto,ft1_0.duimp_di,ft1_0.estagio,ft1_0.fornecedor,ft1_0.foto_path,ft1_0.gramatura,ft1_0.largura,ft1_0.marca,ft1_0.marca_que_comprou,ft1_0.marca_que_utiliza,ft1_0.minimo,ft1_0.minimo_compra,ft1_0.ncm,ft1_0.nome_navio,ft1_0.numero_pedido,ft1_0.observacao_amostra_cor,ft1_0.observacao_amostra_producao,ft1_0.preco_reais,ft1_0.preco_usd,ft1_0.qti_pct,ft1_0.quantidade_comprada,ft1_0.ref_fornecedor,ft1_0.ref_texcotton,ft1_0.referencia,ft1_0.rendimento,ft1_0.status_amostra_cor,ft1_0.status_amostra_producao,ft1_0.status_colecao,ft1_0.status_pedido,ft1_0.tipo,ft1_0.tipo_solicitacao,ft1_0.unidade_medida from ficha_tecnica ft1_0 where (? is null or lower(ft1_0.colecao) like lower(('%'||?||'%')) escape '') and (? is null or ft1_0.tipo=?) and (? is null or ft1_0.status_pedido=?) and (? is null or ft1_0.data_colocacao_pedido>=?) and (? is null or ft1_0.data_colocacao_pedido<=?) and (? is null or lower(ft1_0.duimp_di) like lower(('%'||?||'%')) escape '') and (? is null or lower(ft1_0.contrato_cambio_adiant) like lower(('%'||?||'%')) escape '' or lower(ft1_0.contrato_cambio_pgto_final) like lower(('%'||?||'%')) escape '') and (? is null or lower(ft1_0.ref_texcotton) like lower(('%'||?||'%')) escape '' or lower(ft1_0.codigo) like lower(('%'||?||'%')) escape '' or lower(ft1_0.ref_fornecedor) like lower(('%'||?||'%')) escape '') and (? is null or lower(ft1_0.numero_pedido) like lower(('%'||?||'%')) escape '') and (? is null or lower(ft1_0.fornecedor) like lower(('%'||?||'%')) escape '') order by ft1_0.id desc
Hibernate: select c1_0.id,c1_0.nome from colecao c1_0
Hibernate: select f1_0.id,f1_0.nome from fornecedor f1_0
Hibernate: select ft1_0.colecao,count(ft1_0.id) from ficha_tecnica ft1_0 where ft1_0.colecao is not null and ft1_0.colecao<>'' group by ft1_0.colecao order by ft1_0.colecao
Hibernate: select i1_0.id,i1_0.nome from insumo i1_0
Hibernate: select ft1_0.id,ft1_0.categoria_produto,ft1_0.codigo,ft1_0.codigo_siscomex,ft1_0.colecao,ft1_0.composicao,ft1_0.contrato_cambio_adiant,ft1_0.contrato_cambio_pgto_final,ft1_0.cor,ft1_0.data_amostra_cor,ft1_0.data_amostra_producao,ft1_0.data_aprovacao_amostra_cor,ft1_0.data_aprovacao_amostra_producao,ft1_0.data_chegada_destino,ft1_0.data_colocacao_pedido,ft1_0.data_saida_origem,ft1_0.descricao,ft1_0.descricao_produto,ft1_0.duimp_di,ft1_0.estagio,ft1_0.fornecedor,ft1_0.foto_path,ft1_0.gramatura,ft1_0.largura,ft1_0.marca,ft1_0.marca_que_comprou,ft1_0.marca_que_utiliza,ft1_0.minimo,ft1_0.minimo_compra,ft1_0.ncm,ft1_0.nome_navio,ft1_0.numero_pedido,ft1_0.observacao_amostra_cor,ft1_0.observacao_amostra_producao,ft1_0.preco_reais,ft1_0.preco_usd,ft1_0.qti_pct,ft1_0.quantidade_comprada,ft1_0.ref_fornecedor,ft1_0.ref_texcotton,ft1_0.referencia,ft1_0.rendimento,ft1_0.status_amostra_cor,ft1_0.status_amostra_producao,ft1_0.status_colecao,ft1_0.status_pedido,ft1_0.tipo,ft1_0.tipo_solicitacao,ft1_0.unidade_medida from ficha_tecnica ft1_0 where ft1_0.id=?
Hibernate: select m1_0.id,m1_0.nome from marca m1_0
Hibernate: select c1_0.id,c1_0.nome from colecao c1_0
Hibernate: select f1_0.id,f1_0.nome from fornecedor f1_0
Hibernate: select c1_0.id,c1_0.nome from categoria c1_0
Hibernate: select i1_0.id,i1_0.nome from insumo i1_0
Hibernate: select ft1_0.id,ft1_0.categoria_produto,ft1_0.codigo,ft1_0.codigo_siscomex,ft1_0.colecao,ft1_0.composicao,ft1_0.contrato_cambio_adiant,ft1_0.contrato_cambio_pgto_final,ft1_0.cor,ft1_0.data_amostra_cor,ft1_0.data_amostra_producao,ft1_0.data_aprovacao_amostra_cor,ft1_0.data_aprovacao_amostra_producao,ft1_0.data_chegada_destino,ft1_0.data_colocacao_pedido,ft1_0.data_saida_origem,ft1_0.descricao,ft1_0.descricao_produto,ft1_0.duimp_di,ft1_0.estagio,ft1_0.fornecedor,ft1_0.foto_path,ft1_0.gramatura,ft1_0.largura,ft1_0.marca,ft1_0.marca_que_comprou,ft1_0.marca_que_utiliza,ft1_0.minimo,ft1_0.minimo_compra,ft1_0.ncm,ft1_0.nome_navio,ft1_0.numero_pedido,ft1_0.observacao_amostra_cor,ft1_0.observacao_amostra_producao,ft1_0.preco_reais,ft1_0.preco_usd,ft1_0.qti_pct,ft1_0.quantidade_comprada,ft1_0.ref_fornecedor,ft1_0.ref_texcotton,ft1_0.referencia,ft1_0.rendimento,ft1_0.status_amostra_cor,ft1_0.status_amostra_producao,ft1_0.status_colecao,ft1_0.status_pedido,ft1_0.tipo,ft1_0.tipo_solicitacao,ft1_0.unidade_medida from ficha_tecnica ft1_0 where ft1_0.id=?
Hibernate: update ficha_tecnica set categoria_produto=?,codigo=?,codigo_siscomex=?,colecao=?,composicao=?,contrato_cambio_adiant=?,contrato_cambio_pgto_final=?,cor=?,data_amostra_cor=?,data_amostra_producao=?,data_aprovacao_amostra_cor=?,data_aprovacao_amostra_producao=?,data_chegada_destino=?,data_colocacao_pedido=?,data_saida_origem=?,descricao=?,descricao_produto=?,duimp_di=?,estagio=?,fornecedor=?,foto_path=?,gramatura=?,largura=?,marca=?,marca_que_comprou=?,marca_que_utiliza=?,minimo=?,minimo_compra=?,ncm=?,nome_navio=?,numero_pedido=?,observacao_amostra_cor=?,observacao_amostra_producao=?,preco_reais=?,preco_usd=?,qti_pct=?,quantidade_comprada=?,ref_fornecedor=?,ref_texcotton=?,referencia=?,rendimento=?,status_amostra_cor=?,status_amostra_producao=?,status_colecao=?,status_pedido=?,tipo=?,tipo_solicitacao=?,unidade_medida=? where id=?
Hibernate: select i1_0.id,i1_0.nome from insumo i1_0
Hibernate: select ft1_0.id,ft1_0.categoria_produto,ft1_0.codigo,ft1_0.codigo_siscomex,ft1_0.colecao,ft1_0.composicao,ft1_0.contrato_cambio_adiant,ft1_0.contrato_cambio_pgto_final,ft1_0.cor,ft1_0.data_amostra_cor,ft1_0.data_amostra_producao,ft1_0.data_aprovacao_amostra_cor,ft1_0.data_aprovacao_amostra_producao,ft1_0.data_chegada_destino,ft1_0.data_colocacao_pedido,ft1_0.data_saida_origem,ft1_0.descricao,ft1_0.descricao_produto,ft1_0.duimp_di,ft1_0.estagio,ft1_0.fornecedor,ft1_0.foto_path,ft1_0.gramatura,ft1_0.largura,ft1_0.marca,ft1_0.marca_que_comprou,ft1_0.marca_que_utiliza,ft1_0.minimo,ft1_0.minimo_compra,ft1_0.ncm,ft1_0.nome_navio,ft1_0.numero_pedido,ft1_0.observacao_amostra_cor,ft1_0.observacao_amostra_producao,ft1_0.preco_reais,ft1_0.preco_usd,ft1_0.qti_pct,ft1_0.quantidade_comprada,ft1_0.ref_fornecedor,ft1_0.ref_texcotton,ft1_0.referencia,ft1_0.rendimento,ft1_0.status_amostra_cor,ft1_0.status_amostra_producao,ft1_0.status_colecao,ft1_0.status_pedido,ft1_0.tipo,ft1_0.tipo_solicitacao,ft1_0.unidade_medida from ficha_tecnica ft1_0 where (? is null or lower(ft1_0.colecao) like lower(('%'||?||'%')) escape '') and (? is null or ft1_0.tipo=?) and (? is null or ft1_0.status_pedido=?) and (? is null or ft1_0.data_colocacao_pedido>=?) and (? is null or ft1_0.data_colocacao_pedido<=?) and (? is null or lower(ft1_0.duimp_di) like lower(('%'||?||'%')) escape '') and (? is null or lower(ft1_0.contrato_cambio_adiant) like lower(('%'||?||'%')) escape '' or lower(ft1_0.contrato_cambio_pgto_final) like lower(('%'||?||'%')) escape '') and (? is null or lower(ft1_0.ref_texcotton) like lower(('%'||?||'%')) escape '' or lower(ft1_0.codigo) like lower(('%'||?||'%')) escape '' or lower(ft1_0.ref_fornecedor) like lower(('%'||?||'%')) escape '') and (? is null or lower(ft1_0.numero_pedido) like lower(('%'||?||'%')) escape '') and (? is null or lower(ft1_0.fornecedor) like lower(('%'||?||'%')) escape '') order by ft1_0.id desc
Hibernate: select c1_0.id,c1_0.nome from colecao c1_0
Hibernate: select f1_0.id,f1_0.nome from fornecedor f1_0
Hibernate: select ft1_0.colecao,count(ft1_0.id) from ficha_tecnica ft1_0 where ft1_0.colecao is not null and ft1_0.colecao<>'' group by ft1_0.colecao order by ft1_0.colecao
Hibernate: select i1_0.id,i1_0.nome from insumo i1_0
Hibernate: select ft1_0.id,ft1_0.categoria_produto,ft1_0.codigo,ft1_0.codigo_siscomex,ft1_0.colecao,ft1_0.composicao,ft1_0.contrato_cambio_adiant,ft1_0.contrato_cambio_pgto_final,ft1_0.cor,ft1_0.data_amostra_cor,ft1_0.data_amostra_producao,ft1_0.data_aprovacao_amostra_cor,ft1_0.data_aprovacao_amostra_producao,ft1_0.data_chegada_destino,ft1_0.data_colocacao_pedido,ft1_0.data_saida_origem,ft1_0.descricao,ft1_0.descricao_produto,ft1_0.duimp_di,ft1_0.estagio,ft1_0.fornecedor,ft1_0.foto_path,ft1_0.gramatura,ft1_0.largura,ft1_0.marca,ft1_0.marca_que_comprou,ft1_0.marca_que_utiliza,ft1_0.minimo,ft1_0.minimo_compra,ft1_0.ncm,ft1_0.nome_navio,ft1_0.numero_pedido,ft1_0.observacao_amostra_cor,ft1_0.observacao_amostra_producao,ft1_0.preco_reais,ft1_0.preco_usd,ft1_0.qti_pct,ft1_0.quantidade_comprada,ft1_0.ref_fornecedor,ft1_0.ref_texcotton,ft1_0.referencia,ft1_0.rendimento,ft1_0.status_amostra_cor,ft1_0.status_amostra_producao,ft1_0.status_colecao,ft1_0.status_pedido,ft1_0.tipo,ft1_0.tipo_solicitacao,ft1_0.unidade_medida from ficha_tecnica ft1_0 where ft1_0.id=?
Hibernate: select m1_0.id,m1_0.nome from marca m1_0
Hibernate: select c1_0.id,c1_0.nome from colecao c1_0
Hibernate: select f1_0.id,f1_0.nome from fornecedor f1_0
Hibernate: select c1_0.id,c1_0.nome from categoria c1_0
Hibernate: select i1_0.id,i1_0.nome from insumo i1_0
Hibernate: select ft1_0.id,ft1_0.categoria_produto,ft1_0.codigo,ft1_0.codigo_siscomex,ft1_0.colecao,ft1_0.composicao,ft1_0.contrato_cambio_adiant,ft1_0.contrato_cambio_pgto_final,ft1_0.cor,ft1_0.data_amostra_cor,ft1_0.data_amostra_producao,ft1_0.data_aprovacao_amostra_cor,ft1_0.data_aprovacao_amostra_producao,ft1_0.data_chegada_destino,ft1_0.data_colocacao_pedido,ft1_0.data_saida_origem,ft1_0.descricao,ft1_0.descricao_produto,ft1_0.duimp_di,ft1_0.estagio,ft1_0.fornecedor,ft1_0.foto_path,ft1_0.gramatura,ft1_0.largura,ft1_0.marca,ft1_0.marca_que_comprou,ft1_0.marca_que_utiliza,ft1_0.minimo,ft1_0.minimo_compra,ft1_0.ncm,ft1_0.nome_navio,ft1_0.numero_pedido,ft1_0.observacao_amostra_cor,ft1_0.observacao_amostra_producao,ft1_0.preco_reais,ft1_0.preco_usd,ft1_0.qti_pct,ft1_0.quantidade_comprada,ft1_0.ref_fornecedor,ft1_0.ref_texcotton,ft1_0.referencia,ft1_0.rendimento,ft1_0.status_amostra_cor,ft1_0.status_amostra_producao,ft1_0.status_colecao,ft1_0.status_pedido,ft1_0.tipo,ft1_0.tipo_solicitacao,ft1_0.unidade_medida from ficha_tecnica ft1_0 where ft1_0.id=?
Hibernate: update ficha_tecnica set categoria_produto=?,codigo=?,codigo_siscomex=?,colecao=?,composicao=?,contrato_cambio_adiant=?,contrato_cambio_pgto_final=?,cor=?,data_amostra_cor=?,data_amostra_producao=?,data_aprovacao_amostra_cor=?,data_aprovacao_amostra_producao=?,data_chegada_destino=?,data_colocacao_pedido=?,data_saida_origem=?,descricao=?,descricao_produto=?,duimp_di=?,estagio=?,fornecedor=?,foto_path=?,gramatura=?,largura=?,marca=?,marca_que_comprou=?,marca_que_utiliza=?,minimo=?,minimo_compra=?,ncm=?,nome_navio=?,numero_pedido=?,observacao_amostra_cor=?,observacao_amostra_producao=?,preco_reais=?,preco_usd=?,qti_pct=?,quantidade_comprada=?,ref_fornecedor=?,ref_texcotton=?,referencia=?,rendimento=?,status_amostra_cor=?,status_amostra_producao=?,status_colecao=?,status_pedido=?,tipo=?,tipo_solicitacao=?,unidade_medida=? where id=?
Hibernate: select i1_0.id,i1_0.nome from insumo i1_0
Hibernate: select ft1_0.id,ft1_0.categoria_produto,ft1_0.codigo,ft1_0.codigo_siscomex,ft1_0.colecao,ft1_0.composicao,ft1_0.contrato_cambio_adiant,ft1_0.contrato_cambio_pgto_final,ft1_0.cor,ft1_0.data_amostra_cor,ft1_0.data_amostra_producao,ft1_0.data_aprovacao_amostra_cor,ft1_0.data_aprovacao_amostra_producao,ft1_0.data_chegada_destino,ft1_0.data_colocacao_pedido,ft1_0.data_saida_origem,ft1_0.descricao,ft1_0.descricao_produto,ft1_0.duimp_di,ft1_0.estagio,ft1_0.fornecedor,ft1_0.foto_path,ft1_0.gramatura,ft1_0.largura,ft1_0.marca,ft1_0.marca_que_comprou,ft1_0.marca_que_utiliza,ft1_0.minimo,ft1_0.minimo_compra,ft1_0.ncm,ft1_0.nome_navio,ft1_0.numero_pedido,ft1_0.observacao_amostra_cor,ft1_0.observacao_amostra_producao,ft1_0.preco_reais,ft1_0.preco_usd,ft1_0.qti_pct,ft1_0.quantidade_comprada,ft1_0.ref_fornecedor,ft1_0.ref_texcotton,ft1_0.referencia,ft1_0.rendimento,ft1_0.status_amostra_cor,ft1_0.status_amostra_producao,ft1_0.status_colecao,ft1_0.status_pedido,ft1_0.tipo,ft1_0.tipo_solicitacao,ft1_0.unidade_medida from ficha_tecnica ft1_0 where (? is null or lower(ft1_0.colecao) like lower(('%'||?||'%')) escape '') and (? is null or ft1_0.tipo=?) and (? is null or ft1_0.status_pedido=?) and (? is null or ft1_0.data_colocacao_pedido>=?) and (? is null or ft1_0.data_colocacao_pedido<=?) and (? is null or lower(ft1_0.duimp_di) like lower(('%'||?||'%')) escape '') and (? is null or lower(ft1_0.contrato_cambio_adiant) like lower(('%'||?||'%')) escape '' or lower(ft1_0.contrato_cambio_pgto_final) like lower(('%'||?||'%')) escape '') and (? is null or lower(ft1_0.ref_texcotton) like lower(('%'||?||'%')) escape '' or lower(ft1_0.codigo) like lower(('%'||?||'%')) escape '' or lower(ft1_0.ref_fornecedor) like lower(('%'||?||'%')) escape '') and (? is null or lower(ft1_0.numero_pedido) like lower(('%'||?||'%')) escape '') and (? is null or lower(ft1_0.fornecedor) like lower(('%'||?||'%')) escape '') order by ft1_0.id desc
Hibernate: select c1_0.id,c1_0.nome from colecao c1_0
Hibernate: select f1_0.id,f1_0.nome from fornecedor f1_0
Hibernate: select ft1_0.colecao,count(ft1_0.id) from ficha_tecnica ft1_0 where ft1_0.colecao is not null and ft1_0.colecao<>'' group by ft1_0.colecao order by ft1_0.colecao
Hibernate: select i1_0.id,i1_0.nome from insumo i1_0
Hibernate: select ft1_0.id,ft1_0.categoria_produto,ft1_0.codigo,ft1_0.codigo_siscomex,ft1_0.colecao,ft1_0.composicao,ft1_0.contrato_cambio_adiant,ft1_0.contrato_cambio_pgto_final,ft1_0.cor,ft1_0.data_amostra_cor,ft1_0.data_amostra_producao,ft1_0.data_aprovacao_amostra_cor,ft1_0.data_aprovacao_amostra_producao,ft1_0.data_chegada_destino,ft1_0.data_colocacao_pedido,ft1_0.data_saida_origem,ft1_0.descricao,ft1_0.descricao_produto,ft1_0.duimp_di,ft1_0.estagio,ft1_0.fornecedor,ft1_0.foto_path,ft1_0.gramatura,ft1_0.largura,ft1_0.marca,ft1_0.marca_que_comprou,ft1_0.marca_que_utiliza,ft1_0.minimo,ft1_0.minimo_compra,ft1_0.ncm,ft1_0.nome_navio,ft1_0.numero_pedido,ft1_0.observacao_amostra_cor,ft1_0.observacao_amostra_producao,ft1_0.preco_reais,ft1_0.preco_usd,ft1_0.qti_pct,ft1_0.quantidade_comprada,ft1_0.ref_fornecedor,ft1_0.ref_texcotton,ft1_0.referencia,ft1_0.rendimento,ft1_0.status_amostra_cor,ft1_0.status_amostra_producao,ft1_0.status_colecao,ft1_0.status_pedido,ft1_0.tipo,ft1_0.tipo_solicitacao,ft1_0.unidade_medida from ficha_tecnica ft1_0 where ft1_0.id=?
Hibernate: select m1_0.id,m1_0.nome from marca m1_0
Hibernate: select c1_0.id,c1_0.nome from colecao c1_0
Hibernate: select f1_0.id,f1_0.nome from fornecedor f1_0
Hibernate: select c1_0.id,c1_0.nome from categoria c1_0
Hibernate: select i1_0.id,i1_0.nome from insumo i1_0
Hibernate: select ft1_0.id,ft1_0.categoria_produto,ft1_0.codigo,ft1_0.codigo_siscomex,ft1_0.colecao,ft1_0.composicao,ft1_0.contrato_cambio_adiant,ft1_0.contrato_cambio_pgto_final,ft1_0.cor,ft1_0.data_amostra_cor,ft1_0.data_amostra_producao,ft1_0.data_aprovacao_amostra_cor,ft1_0.data_aprovacao_amostra_producao,ft1_0.data_chegada_destino,ft1_0.data_colocacao_pedido,ft1_0.data_saida_origem,ft1_0.descricao,ft1_0.descricao_produto,ft1_0.duimp_di,ft1_0.estagio,ft1_0.fornecedor,ft1_0.foto_path,ft1_0.gramatura,ft1_0.largura,ft1_0.marca,ft1_0.marca_que_comprou,ft1_0.marca_que_utiliza,ft1_0.minimo,ft1_0.minimo_compra,ft1_0.ncm,ft1_0.nome_navio,ft1_0.numero_pedido,ft1_0.observacao_amostra_cor,ft1_0.observacao_amostra_producao,ft1_0.preco_reais,ft1_0.preco_usd,ft1_0.qti_pct,ft1_0.quantidade_comprada,ft1_0.ref_fornecedor,ft1_0.ref_texcotton,ft1_0.referencia,ft1_0.rendimento,ft1_0.status_amostra_cor,ft1_0.status_amostra_producao,ft1_0.status_colecao,ft1_0.status_pedido,ft1_0.tipo,ft1_0.tipo_solicitacao,ft1_0.unidade_medida from ficha_tecnica ft1_0 where ft1_0.id=?
Hibernate: update ficha_tecnica set categoria_produto=?,codigo=?,codigo_siscomex=?,colecao=?,composicao=?,contrato_cambio_adiant=?,contrato_cambio_pgto_final=?,cor=?,data_amostra_cor=?,data_amostra_producao=?,data_aprovacao_amostra_cor=?,data_aprovacao_amostra_producao=?,data_chegada_destino=?,data_colocacao_pedido=?,data_saida_origem=?,descricao=?,descricao_produto=?,duimp_di=?,estagio=?,fornecedor=?,foto_path=?,gramatura=?,largura=?,marca=?,marca_que_comprou=?,marca_que_utiliza=?,minimo=?,minimo_compra=?,ncm=?,nome_navio=?,numero_pedido=?,observacao_amostra_cor=?,observacao_amostra_producao=?,preco_reais=?,preco_usd=?,qti_pct=?,quantidade_comprada=?,ref_fornecedor=?,ref_texcotton=?,referencia=?,rendimento=?,status_amostra_cor=?,status_amostra_producao=?,status_colecao=?,status_pedido=?,tipo=?,tipo_solicitacao=?,unidade_medida=? where id=?
Hibernate: select i1_0.id,i1_0.nome from insumo i1_0
Hibernate: select ft1_0.id,ft1_0.categoria_produto,ft1_0.codigo,ft1_0.codigo_siscomex,ft1_0.colecao,ft1_0.composicao,ft1_0.contrato_cambio_adiant,ft1_0.contrato_cambio_pgto_final,ft1_0.cor,ft1_0.data_amostra_cor,ft1_0.data_amostra_producao,ft1_0.data_aprovacao_amostra_cor,ft1_0.data_aprovacao_amostra_producao,ft1_0.data_chegada_destino,ft1_0.data_colocacao_pedido,ft1_0.data_saida_origem,ft1_0.descricao,ft1_0.descricao_produto,ft1_0.duimp_di,ft1_0.estagio,ft1_0.fornecedor,ft1_0.foto_path,ft1_0.gramatura,ft1_0.largura,ft1_0.marca,ft1_0.marca_que_comprou,ft1_0.marca_que_utiliza,ft1_0.minimo,ft1_0.minimo_compra,ft1_0.ncm,ft1_0.nome_navio,ft1_0.numero_pedido,ft1_0.observacao_amostra_cor,ft1_0.observacao_amostra_producao,ft1_0.preco_reais,ft1_0.preco_usd,ft1_0.qti_pct,ft1_0.quantidade_comprada,ft1_0.ref_fornecedor,ft1_0.ref_texcotton,ft1_0.referencia,ft1_0.rendimento,ft1_0.status_amostra_cor,ft1_0.status_amostra_producao,ft1_0.status_colecao,ft1_0.status_pedido,ft1_0.tipo,ft1_0.tipo_solicitacao,ft1_0.unidade_medida from ficha_tecnica ft1_0 where (? is null or lower(ft1_0.colecao) like lower(('%'||?||'%')) escape '') and (? is null or ft1_0.tipo=?) and (? is null or ft1_0.status_pedido=?) and (? is null or ft1_0.data_colocacao_pedido>=?) and (? is null or ft1_0.data_colocacao_pedido<=?) and (? is null or lower(ft1_0.duimp_di) like lower(('%'||?||'%')) escape '') and (? is null or lower(ft1_0.contrato_cambio_adiant) like lower(('%'||?||'%')) escape '' or lower(ft1_0.contrato_cambio_pgto_final) like lower(('%'||?||'%')) escape '') and (? is null or lower(ft1_0.ref_texcotton) like lower(('%'||?||'%')) escape '' or lower(ft1_0.codigo) like lower(('%'||?||'%')) escape '' or lower(ft1_0.ref_fornecedor) like lower(('%'||?||'%')) escape '') and (? is null or lower(ft1_0.numero_pedido) like lower(('%'||?||'%')) escape '') and (? is null or lower(ft1_0.fornecedor) like lower(('%'||?||'%')) escape '') order by ft1_0.id desc
Hibernate: select c1_0.id,c1_0.nome from colecao c1_0
Hibernate: select f1_0.id,f1_0.nome from fornecedor f1_0
Hibernate: select ft1_0.colecao,count(ft1_0.id) from ficha_tecnica ft1_0 where ft1_0.colecao is not null and ft1_0.colecao<>'' group by ft1_0.colecao order by ft1_0.colecao
Hibernate: select i1_0.id,i1_0.nome from insumo i1_0
Hibernate: select ft1_0.id,ft1_0.categoria_produto,ft1_0.codigo,ft1_0.codigo_siscomex,ft1_0.colecao,ft1_0.composicao,ft1_0.contrato_cambio_adiant,ft1_0.contrato_cambio_pgto_final,ft1_0.cor,ft1_0.data_amostra_cor,ft1_0.data_amostra_producao,ft1_0.data_aprovacao_amostra_cor,ft1_0.data_aprovacao_amostra_producao,ft1_0.data_chegada_destino,ft1_0.data_colocacao_pedido,ft1_0.data_saida_origem,ft1_0.descricao,ft1_0.descricao_produto,ft1_0.duimp_di,ft1_0.estagio,ft1_0.fornecedor,ft1_0.foto_path,ft1_0.gramatura,ft1_0.largura,ft1_0.marca,ft1_0.marca_que_comprou,ft1_0.marca_que_utiliza,ft1_0.minimo,ft1_0.minimo_compra,ft1_0.ncm,ft1_0.nome_navio,ft1_0.numero_pedido,ft1_0.observacao_amostra_cor,ft1_0.observacao_amostra_producao,ft1_0.preco_reais,ft1_0.preco_usd,ft1_0.qti_pct,ft1_0.quantidade_comprada,ft1_0.ref_fornecedor,ft1_0.ref_texcotton,ft1_0.referencia,ft1_0.rendimento,ft1_0.status_amostra_cor,ft1_0.status_amostra_producao,ft1_0.status_colecao,ft1_0.status_pedido,ft1_0.tipo,ft1_0.tipo_solicitacao,ft1_0.unidade_medida from ficha_tecnica ft1_0 where ft1_0.id=?
Hibernate: select m1_0.id,m1_0.nome from marca m1_0
Hibernate: select c1_0.id,c1_0.nome from colecao c1_0
Hibernate: select f1_0.id,f1_0.nome from fornecedor f1_0
Hibernate: select c1_0.id,c1_0.nome from categoria c1_0
Hibernate: select i1_0.id,i1_0.nome from insumo i1_0
Hibernate: select ft1_0.id,ft1_0.categoria_produto,ft1_0.codigo,ft1_0.codigo_siscomex,ft1_0.colecao,ft1_0.composicao,ft1_0.contrato_cambio_adiant,ft1_0.contrato_cambio_pgto_final,ft1_0.cor,ft1_0.data_amostra_cor,ft1_0.data_amostra_producao,ft1_0.data_aprovacao_amostra_cor,ft1_0.data_aprovacao_amostra_producao,ft1_0.data_chegada_destino,ft1_0.data_colocacao_pedido,ft1_0.data_saida_origem,ft1_0.descricao,ft1_0.descricao_produto,ft1_0.duimp_di,ft1_0.estagio,ft1_0.fornecedor,ft1_0.foto_path,ft1_0.gramatura,ft1_0.largura,ft1_0.marca,ft1_0.marca_que_comprou,ft1_0.marca_que_utiliza,ft1_0.minimo,ft1_0.minimo_compra,ft1_0.ncm,ft1_0.nome_navio,ft1_0.numero_pedido,ft1_0.observacao_amostra_cor,ft1_0.observacao_amostra_producao,ft1_0.preco_reais,ft1_0.preco_usd,ft1_0.qti_pct,ft1_0.quantidade_comprada,ft1_0.ref_fornecedor,ft1_0.ref_texcotton,ft1_0.referencia,ft1_0.rendimento,ft1_0.status_amostra_cor,ft1_0.status_amostra_producao,ft1_0.status_colecao,ft1_0.status_pedido,ft1_0.tipo,ft1_0.tipo_solicitacao,ft1_0.unidade_medida from ficha_tecnica ft1_0 where ft1_0.id=?
Hibernate: update ficha_tecnica set categoria_produto=?,codigo=?,codigo_siscomex=?,colecao=?,composicao=?,contrato_cambio_adiant=?,contrato_cambio_pgto_final=?,cor=?,data_amostra_cor=?,data_amostra_producao=?,data_aprovacao_amostra_cor=?,data_aprovacao_amostra_producao=?,data_chegada_destino=?,data_colocacao_pedido=?,data_saida_origem=?,descricao=?,descricao_produto=?,duimp_di=?,estagio=?,fornecedor=?,foto_path=?,gramatura=?,largura=?,marca=?,marca_que_comprou=?,marca_que_utiliza=?,minimo=?,minimo_compra=?,ncm=?,nome_navio=?,numero_pedido=?,observacao_amostra_cor=?,observacao_amostra_producao=?,preco_reais=?,preco_usd=?,qti_pct=?,quantidade_comprada=?,ref_fornecedor=?,ref_texcotton=?,referencia=?,rendimento=?,status_amostra_cor=?,status_amostra_producao=?,status_colecao=?,status_pedido=?,tipo=?,tipo_solicitacao=?,unidade_medida=? where id=?
Hibernate: select i1_0.id,i1_0.nome from insumo i1_0
Hibernate: select ft1_0.id,ft1_0.categoria_produto,ft1_0.codigo,ft1_0.codigo_siscomex,ft1_0.colecao,ft1_0.composicao,ft1_0.contrato_cambio_adiant,ft1_0.contrato_cambio_pgto_final,ft1_0.cor,ft1_0.data_amostra_cor,ft1_0.data_amostra_producao,ft1_0.data_aprovacao_amostra_cor,ft1_0.data_aprovacao_amostra_producao,ft1_0.data_chegada_destino,ft1_0.data_colocacao_pedido,ft1_0.data_saida_origem,ft1_0.descricao,ft1_0.descricao_produto,ft1_0.duimp_di,ft1_0.estagio,ft1_0.fornecedor,ft1_0.foto_path,ft1_0.gramatura,ft1_0.largura,ft1_0.marca,ft1_0.marca_que_comprou,ft1_0.marca_que_utiliza,ft1_0.minimo,ft1_0.minimo_compra,ft1_0.ncm,ft1_0.nome_navio,ft1_0.numero_pedido,ft1_0.observacao_amostra_cor,ft1_0.observacao_amostra_producao,ft1_0.preco_reais,ft1_0.preco_usd,ft1_0.qti_pct,ft1_0.quantidade_comprada,ft1_0.ref_fornecedor,ft1_0.ref_texcotton,ft1_0.referencia,ft1_0.rendimento,ft1_0.status_amostra_cor,ft1_0.status_amostra_producao,ft1_0.status_colecao,ft1_0.status_pedido,ft1_0.tipo,ft1_0.tipo_solicitacao,ft1_0.unidade_medida from ficha_tecnica ft1_0 where (? is null or lower(ft1_0.colecao) like lower(('%'||?||'%')) escape '') and (? is null or ft1_0.tipo=?) and (? is null or ft1_0.status_pedido=?) and (? is null or ft1_0.data_colocacao_pedido>=?) and (? is null or ft1_0.data_colocacao_pedido<=?) and (? is null or lower(ft1_0.duimp_di) like lower(('%'||?||'%')) escape '') and (? is null or lower(ft1_0.contrato_cambio_adiant) like lower(('%'||?||'%')) escape '' or lower(ft1_0.contrato_cambio_pgto_final) like lower(('%'||?||'%')) escape '') and (? is null or lower(ft1_0.ref_texcotton) like lower(('%'||?||'%')) escape '' or lower(ft1_0.codigo) like lower(('%'||?||'%')) escape '' or lower(ft1_0.ref_fornecedor) like lower(('%'||?||'%')) escape '') and (? is null or lower(ft1_0.numero_pedido) like lower(('%'||?||'%')) escape '') and (? is null or lower(ft1_0.fornecedor) like lower(('%'||?||'%')) escape '') order by ft1_0.id desc
Hibernate: select c1_0.id,c1_0.nome from colecao c1_0
Hibernate: select f1_0.id,f1_0.nome from fornecedor f1_0
Hibernate: select ft1_0.colecao,count(ft1_0.id) from ficha_tecnica ft1_0 where ft1_0.colecao is not null and ft1_0.colecao<>'' group by ft1_0.colecao order by ft1_0.colecao
Hibernate: select i1_0.id,i1_0.nome from insumo i1_0
Hibernate: select ft1_0.id,ft1_0.categoria_produto,ft1_0.codigo,ft1_0.codigo_siscomex,ft1_0.colecao,ft1_0.composicao,ft1_0.contrato_cambio_adiant,ft1_0.contrato_cambio_pgto_final,ft1_0.cor,ft1_0.data_amostra_cor,ft1_0.data_amostra_producao,ft1_0.data_aprovacao_amostra_cor,ft1_0.data_aprovacao_amostra_producao,ft1_0.data_chegada_destino,ft1_0.data_colocacao_pedido,ft1_0.data_saida_origem,ft1_0.descricao,ft1_0.descricao_produto,ft1_0.duimp_di,ft1_0.estagio,ft1_0.fornecedor,ft1_0.foto_path,ft1_0.gramatura,ft1_0.largura,ft1_0.marca,ft1_0.marca_que_comprou,ft1_0.marca_que_utiliza,ft1_0.minimo,ft1_0.minimo_compra,ft1_0.ncm,ft1_0.nome_navio,ft1_0.numero_pedido,ft1_0.observacao_amostra_cor,ft1_0.observacao_amostra_producao,ft1_0.preco_reais,ft1_0.preco_usd,ft1_0.qti_pct,ft1_0.quantidade_comprada,ft1_0.ref_fornecedor,ft1_0.ref_texcotton,ft1_0.referencia,ft1_0.rendimento,ft1_0.status_amostra_cor,ft1_0.status_amostra_producao,ft1_0.status_colecao,ft1_0.status_pedido,ft1_0.tipo,ft1_0.tipo_solicitacao,ft1_0.unidade_medida from ficha_tecnica ft1_0 where ft1_0.id=?
Hibernate: select m1_0.id,m1_0.nome from marca m1_0
Hibernate: select c1_0.id,c1_0.nome from colecao c1_0
Hibernate: select f1_0.id,f1_0.nome from fornecedor f1_0
Hibernate: select c1_0.id,c1_0.nome from categoria c1_0
Hibernate: select i1_0.id,i1_0.nome from insumo i1_0
Hibernate: select ft1_0.id,ft1_0.categoria_produto,ft1_0.codigo,ft1_0.codigo_siscomex,ft1_0.colecao,ft1_0.composicao,ft1_0.contrato_cambio_adiant,ft1_0.contrato_cambio_pgto_final,ft1_0.cor,ft1_0.data_amostra_cor,ft1_0.data_amostra_producao,ft1_0.data_aprovacao_amostra_cor,ft1_0.data_aprovacao_amostra_producao,ft1_0.data_chegada_destino,ft1_0.data_colocacao_pedido,ft1_0.data_saida_origem,ft1_0.descricao,ft1_0.descricao_produto,ft1_0.duimp_di,ft1_0.estagio,ft1_0.fornecedor,ft1_0.foto_path,ft1_0.gramatura,ft1_0.largura,ft1_0.marca,ft1_0.marca_que_comprou,ft1_0.marca_que_utiliza,ft1_0.minimo,ft1_0.minimo_compra,ft1_0.ncm,ft1_0.nome_navio,ft1_0.numero_pedido,ft1_0.observacao_amostra_cor,ft1_0.observacao_amostra_producao,ft1_0.preco_reais,ft1_0.preco_usd,ft1_0.qti_pct,ft1_0.quantidade_comprada,ft1_0.ref_fornecedor,ft1_0.ref_texcotton,ft1_0.referencia,ft1_0.rendimento,ft1_0.status_amostra_cor,ft1_0.status_amostra_producao,ft1_0.status_colecao,ft1_0.status_pedido,ft1_0.tipo,ft1_0.tipo_solicitacao,ft1_0.unidade_medida from ficha_tecnica ft1_0 where ft1_0.id=?
Hibernate: update ficha_tecnica set categoria_produto=?,codigo=?,codigo_siscomex=?,colecao=?,composicao=?,contrato_cambio_adiant=?,contrato_cambio_pgto_final=?,cor=?,data_amostra_cor=?,data_amostra_producao=?,data_aprovacao_amostra_cor=?,data_aprovacao_amostra_producao=?,data_chegada_destino=?,data_colocacao_pedido=?,data_saida_origem=?,descricao=?,descricao_produto=?,duimp_di=?,estagio=?,fornecedor=?,foto_path=?,gramatura=?,largura=?,marca=?,marca_que_comprou=?,marca_que_utiliza=?,minimo=?,minimo_compra=?,ncm=?,nome_navio=?,numero_pedido=?,observacao_amostra_cor=?,observacao_amostra_producao=?,preco_reais=?,preco_usd=?,qti_pct=?,quantidade_comprada=?,ref_fornecedor=?,ref_texcotton=?,referencia=?,rendimento=?,status_amostra_cor=?,status_amostra_producao=?,status_colecao=?,status_pedido=?,tipo=?,tipo_solicitacao=?,unidade_medida=? where id=?
Hibernate: select i1_0.id,i1_0.nome from insumo i1_0
Hibernate: select ft1_0.id,ft1_0.categoria_produto,ft1_0.codigo,ft1_0.codigo_siscomex,ft1_0.colecao,ft1_0.composicao,ft1_0.contrato_cambio_adiant,ft1_0.contrato_cambio_pgto_final,ft1_0.cor,ft1_0.data_amostra_cor,ft1_0.data_amostra_producao,ft1_0.data_aprovacao_amostra_cor,ft1_0.data_aprovacao_amostra_producao,ft1_0.data_chegada_destino,ft1_0.data_colocacao_pedido,ft1_0.data_saida_origem,ft1_0.descricao,ft1_0.descricao_produto,ft1_0.duimp_di,ft1_0.estagio,ft1_0.fornecedor,ft1_0.foto_path,ft1_0.gramatura,ft1_0.largura,ft1_0.marca,ft1_0.marca_que_comprou,ft1_0.marca_que_utiliza,ft1_0.minimo,ft1_0.minimo_compra,ft1_0.ncm,ft1_0.nome_navio,ft1_0.numero_pedido,ft1_0.observacao_amostra_cor,ft1_0.observacao_amostra_producao,ft1_0.preco_reais,ft1_0.preco_usd,ft1_0.qti_pct,ft1_0.quantidade_comprada,ft1_0.ref_fornecedor,ft1_0.ref_texcotton,ft1_0.referencia,ft1_0.rendimento,ft1_0.status_amostra_cor,ft1_0.status_amostra_producao,ft1_0.status_colecao,ft1_0.status_pedido,ft1_0.tipo,ft1_0.tipo_solicitacao,ft1_0.unidade_medida from ficha_tecnica ft1_0 where (? is null or lower(ft1_0.colecao) like lower(('%'||?||'%')) escape '') and (? is null or ft1_0.tipo=?) and (? is null or ft1_0.status_pedido=?) and (? is null or ft1_0.data_colocacao_pedido>=?) and (? is null or ft1_0.data_colocacao_pedido<=?) and (? is null or lower(ft1_0.duimp_di) like lower(('%'||?||'%')) escape '') and (? is null or lower(ft1_0.contrato_cambio_adiant) like lower(('%'||?||'%')) escape '' or lower(ft1_0.contrato_cambio_pgto_final) like lower(('%'||?||'%')) escape '') and (? is null or lower(ft1_0.ref_texcotton) like lower(('%'||?||'%')) escape '' or lower(ft1_0.codigo) like lower(('%'||?||'%')) escape '' or lower(ft1_0.ref_fornecedor) like lower(('%'||?||'%')) escape '') and (? is null or lower(ft1_0.numero_pedido) like lower(('%'||?||'%')) escape '') and (? is null or lower(ft1_0.fornecedor) like lower(('%'||?||'%')) escape '') order by ft1_0.id desc
Hibernate: select c1_0.id,c1_0.nome from colecao c1_0
Hibernate: select f1_0.id,f1_0.nome from fornecedor f1_0
Hibernate: select ft1_0.colecao,count(ft1_0.id) from ficha_tecnica ft1_0 where ft1_0.colecao is not null and ft1_0.colecao<>'' group by ft1_0.colecao order by ft1_0.colecao
Hibernate: select ft1_0.id,ft1_0.categoria_produto,ft1_0.codigo,ft1_0.codigo_siscomex,ft1_0.colecao,ft1_0.composicao,ft1_0.contrato_cambio_adiant,ft1_0.contrato_cambio_pgto_final,ft1_0.cor,ft1_0.data_amostra_cor,ft1_0.data_amostra_producao,ft1_0.data_aprovacao_amostra_cor,ft1_0.data_aprovacao_amostra_producao,ft1_0.data_chegada_destino,ft1_0.data_colocacao_pedido,ft1_0.data_saida_origem,ft1_0.descricao,ft1_0.descricao_produto,ft1_0.duimp_di,ft1_0.estagio,ft1_0.fornecedor,ft1_0.foto_path,ft1_0.gramatura,ft1_0.largura,ft1_0.marca,ft1_0.marca_que_comprou,ft1_0.marca_que_utiliza,ft1_0.minimo,ft1_0.minimo_compra,ft1_0.ncm,ft1_0.nome_navio,ft1_0.numero_pedido,ft1_0.observacao_amostra_cor,ft1_0.observacao_amostra_producao,ft1_0.preco_reais,ft1_0.preco_usd,ft1_0.qti_pct,ft1_0.quantidade_comprada,ft1_0.ref_fornecedor,ft1_0.ref_texcotton,ft1_0.referencia,ft1_0.rendimento,ft1_0.status_amostra_cor,ft1_0.status_amostra_producao,ft1_0.status_colecao,ft1_0.status_pedido,ft1_0.tipo,ft1_0.tipo_solicitacao,ft1_0.unidade_medida from ficha_tecnica ft1_0
Hibernate: select m1_0.id,m1_0.nome from marca m1_0
Hibernate: select c1_0.id,c1_0.nome from colecao c1_0
Hibernate: select i1_0.id,i1_0.nome from insumo i1_0
Hibernate: select f1_0.id,f1_0.nome from fornecedor f1_0
Hibernate: select c1_0.id,c1_0.nome from categoria c1_0
Hibernate: select bn1_0.id,bn1_0.colecao,bn1_0.fornecedor,bn1_0.insumo,bn1_0.quantidade from bandeira_novidade bn1_0
Hibernate: select qp1_0.id,qp1_0.anime_aprovado,qp1_0.anime_cancelado,qp1_0.anime_cotado,qp1_0.authoria_aprovado,qp1_0.authoria_cancelado,qp1_0.authoria_cotado,qp1_0.bimbi_aprovado,qp1_0.bimbi_cancelado,qp1_0.bimbi_cotado,qp1_0.colecao,qp1_0.momi_aprovado,qp1_0.momi_cancelado,qp1_0.momi_cotado,qp1_0.tipo_solicitacao,qp1_0.youcciecancelado,qp1_0.youcciecotado,qp1_0.youcciee_aprovado from quadro_planejamento qp1_0
Hibernate: select cp1_0.id,cp1_0.colecao,cp1_0.insumo,cp1_0.marca from cadastro_previo cp1_0
2026-10-01T10:13:31.174-03:00  INFO 12700 --- [projeto] [   scheduling-1] c.e.projeto.service.CsvBackupService     : Backup CSV concluído em C:\Users\sabrina.00858\IdeaProjects\projetoMichele\backups (131 registros no total).
Hibernate: select i1_0.id,i1_0.nome from insumo i1_0
Hibernate: select ft1_0.id,ft1_0.categoria_produto,ft1_0.codigo,ft1_0.codigo_siscomex,ft1_0.colecao,ft1_0.composicao,ft1_0.contrato_cambio_adiant,ft1_0.contrato_cambio_pgto_final,ft1_0.cor,ft1_0.data_amostra_cor,ft1_0.data_amostra_producao,ft1_0.data_aprovacao_amostra_cor,ft1_0.data_aprovacao_amostra_producao,ft1_0.data_chegada_destino,ft1_0.data_colocacao_pedido,ft1_0.data_saida_origem,ft1_0.descricao,ft1_0.descricao_produto,ft1_0.duimp_di,ft1_0.estagio,ft1_0.fornecedor,ft1_0.foto_path,ft1_0.gramatura,ft1_0.largura,ft1_0.marca,ft1_0.marca_que_comprou,ft1_0.marca_que_utiliza,ft1_0.minimo,ft1_0.minimo_compra,ft1_0.ncm,ft1_0.nome_navio,ft1_0.numero_pedido,ft1_0.observacao_amostra_cor,ft1_0.observacao_amostra_producao,ft1_0.preco_reais,ft1_0.preco_usd,ft1_0.qti_pct,ft1_0.quantidade_comprada,ft1_0.ref_fornecedor,ft1_0.ref_texcotton,ft1_0.referencia,ft1_0.rendimento,ft1_0.status_amostra_cor,ft1_0.status_amostra_producao,ft1_0.status_colecao,ft1_0.status_pedido,ft1_0.tipo,ft1_0.tipo_solicitacao,ft1_0.unidade_medida from ficha_tecnica ft1_0 where (? is null or lower(ft1_0.colecao) like lower(('%'||?||'%')) escape '') and (? is null or ft1_0.tipo=?) and (? is null or ft1_0.status_pedido=?) and (? is null or ft1_0.data_colocacao_pedido>=?) and (? is null or ft1_0.data_colocacao_pedido<=?) and (? is null or lower(ft1_0.duimp_di) like lower(('%'||?||'%')) escape '') and (? is null or lower(ft1_0.contrato_cambio_adiant) like lower(('%'||?||'%')) escape '' or lower(ft1_0.contrato_cambio_pgto_final) like lower(('%'||?||'%')) escape '') and (? is null or lower(ft1_0.ref_texcotton) like lower(('%'||?||'%')) escape '' or lower(ft1_0.codigo) like lower(('%'||?||'%')) escape '' or lower(ft1_0.ref_fornecedor) like lower(('%'||?||'%')) escape '') and (? is null or lower(ft1_0.numero_pedido) like lower(('%'||?||'%')) escape '') and (? is null or lower(ft1_0.fornecedor) like lower(('%'||?||'%')) escape '') order by ft1_0.id desc
Hibernate: select c1_0.id,c1_0.nome from colecao c1_0
Hibernate: select f1_0.id,f1_0.nome from fornecedor f1_0
Hibernate: select ft1_0.colecao,count(ft1_0.id) from ficha_tecnica ft1_0 where ft1_0.colecao is not null and ft1_0.colecao<>'' group by ft1_0.colecao order by ft1_0.colecao
Hibernate: select i1_0.id,i1_0.nome from insumo i1_0
Hibernate: select ft1_0.id,ft1_0.categoria_produto,ft1_0.codigo,ft1_0.codigo_siscomex,ft1_0.colecao,ft1_0.composicao,ft1_0.contrato_cambio_adiant,ft1_0.contrato_cambio_pgto_final,ft1_0.cor,ft1_0.data_amostra_cor,ft1_0.data_amostra_producao,ft1_0.data_aprovacao_amostra_cor,ft1_0.data_aprovacao_amostra_producao,ft1_0.data_chegada_destino,ft1_0.data_colocacao_pedido,ft1_0.data_saida_origem,ft1_0.descricao,ft1_0.descricao_produto,ft1_0.duimp_di,ft1_0.estagio,ft1_0.fornecedor,ft1_0.foto_path,ft1_0.gramatura,ft1_0.largura,ft1_0.marca,ft1_0.marca_que_comprou,ft1_0.marca_que_utiliza,ft1_0.minimo,ft1_0.minimo_compra,ft1_0.ncm,ft1_0.nome_navio,ft1_0.numero_pedido,ft1_0.observacao_amostra_cor,ft1_0.observacao_amostra_producao,ft1_0.preco_reais,ft1_0.preco_usd,ft1_0.qti_pct,ft1_0.quantidade_comprada,ft1_0.ref_fornecedor,ft1_0.ref_texcotton,ft1_0.referencia,ft1_0.rendimento,ft1_0.status_amostra_cor,ft1_0.status_amostra_producao,ft1_0.status_colecao,ft1_0.status_pedido,ft1_0.tipo,ft1_0.tipo_solicitacao,ft1_0.unidade_medida from ficha_tecnica ft1_0 where ft1_0.id=?
Hibernate: select m1_0.id,m1_0.nome from marca m1_0
Hibernate: select c1_0.id,c1_0.nome from colecao c1_0
Hibernate: select f1_0.id,f1_0.nome from fornecedor f1_0
Hibernate: select c1_0.id,c1_0.nome from categoria c1_0
Hibernate: select i1_0.id,i1_0.nome from insumo i1_0
Hibernate: select ft1_0.id,ft1_0.categoria_produto,ft1_0.codigo,ft1_0.codigo_siscomex,ft1_0.colecao,ft1_0.composicao,ft1_0.contrato_cambio_adiant,ft1_0.contrato_cambio_pgto_final,ft1_0.cor,ft1_0.data_amostra_cor,ft1_0.data_amostra_producao,ft1_0.data_aprovacao_amostra_cor,ft1_0.data_aprovacao_amostra_producao,ft1_0.data_chegada_destino,ft1_0.data_colocacao_pedido,ft1_0.data_saida_origem,ft1_0.descricao,ft1_0.descricao_produto,ft1_0.duimp_di,ft1_0.estagio,ft1_0.fornecedor,ft1_0.foto_path,ft1_0.gramatura,ft1_0.largura,ft1_0.marca,ft1_0.marca_que_comprou,ft1_0.marca_que_utiliza,ft1_0.minimo,ft1_0.minimo_compra,ft1_0.ncm,ft1_0.nome_navio,ft1_0.numero_pedido,ft1_0.observacao_amostra_cor,ft1_0.observacao_amostra_producao,ft1_0.preco_reais,ft1_0.preco_usd,ft1_0.qti_pct,ft1_0.quantidade_comprada,ft1_0.ref_fornecedor,ft1_0.ref_texcotton,ft1_0.referencia,ft1_0.rendimento,ft1_0.status_amostra_cor,ft1_0.status_amostra_producao,ft1_0.status_colecao,ft1_0.status_pedido,ft1_0.tipo,ft1_0.tipo_solicitacao,ft1_0.unidade_medida from ficha_tecnica ft1_0 where ft1_0.id=?
Hibernate: update ficha_tecnica set categoria_produto=?,codigo=?,codigo_siscomex=?,colecao=?,composicao=?,contrato_cambio_adiant=?,contrato_cambio_pgto_final=?,cor=?,data_amostra_cor=?,data_amostra_producao=?,data_aprovacao_amostra_cor=?,data_aprovacao_amostra_producao=?,data_chegada_destino=?,data_colocacao_pedido=?,data_saida_origem=?,descricao=?,descricao_produto=?,duimp_di=?,estagio=?,fornecedor=?,foto_path=?,gramatura=?,largura=?,marca=?,marca_que_comprou=?,marca_que_utiliza=?,minimo=?,minimo_compra=?,ncm=?,nome_navio=?,numero_pedido=?,observacao_amostra_cor=?,observacao_amostra_producao=?,preco_reais=?,preco_usd=?,qti_pct=?,quantidade_comprada=?,ref_fornecedor=?,ref_texcotton=?,referencia=?,rendimento=?,status_amostra_cor=?,status_amostra_producao=?,status_colecao=?,status_pedido=?,tipo=?,tipo_solicitacao=?,unidade_medida=? where id=?
Hibernate: select i1_0.id,i1_0.nome from insumo i1_0
Hibernate: select ft1_0.id,ft1_0.categoria_produto,ft1_0.codigo,ft1_0.codigo_siscomex,ft1_0.colecao,ft1_0.composicao,ft1_0.contrato_cambio_adiant,ft1_0.contrato_cambio_pgto_final,ft1_0.cor,ft1_0.data_amostra_cor,ft1_0.data_amostra_producao,ft1_0.data_aprovacao_amostra_cor,ft1_0.data_aprovacao_amostra_producao,ft1_0.data_chegada_destino,ft1_0.data_colocacao_pedido,ft1_0.data_saida_origem,ft1_0.descricao,ft1_0.descricao_produto,ft1_0.duimp_di,ft1_0.estagio,ft1_0.fornecedor,ft1_0.foto_path,ft1_0.gramatura,ft1_0.largura,ft1_0.marca,ft1_0.marca_que_comprou,ft1_0.marca_que_utiliza,ft1_0.minimo,ft1_0.minimo_compra,ft1_0.ncm,ft1_0.nome_navio,ft1_0.numero_pedido,ft1_0.observacao_amostra_cor,ft1_0.observacao_amostra_producao,ft1_0.preco_reais,ft1_0.preco_usd,ft1_0.qti_pct,ft1_0.quantidade_comprada,ft1_0.ref_fornecedor,ft1_0.ref_texcotton,ft1_0.referencia,ft1_0.rendimento,ft1_0.status_amostra_cor,ft1_0.status_amostra_producao,ft1_0.status_colecao,ft1_0.status_pedido,ft1_0.tipo,ft1_0.tipo_solicitacao,ft1_0.unidade_medida from ficha_tecnica ft1_0 where (? is null or lower(ft1_0.colecao) like lower(('%'||?||'%')) escape '') and (? is null or ft1_0.tipo=?) and (? is null or ft1_0.status_pedido=?) and (? is null or ft1_0.data_colocacao_pedido>=?) and (? is null or ft1_0.data_colocacao_pedido<=?) and (? is null or lower(ft1_0.duimp_di) like lower(('%'||?||'%')) escape '') and (? is null or lower(ft1_0.contrato_cambio_adiant) like lower(('%'||?||'%')) escape '' or lower(ft1_0.contrato_cambio_pgto_final) like lower(('%'||?||'%')) escape '') and (? is null or lower(ft1_0.ref_texcotton) like lower(('%'||?||'%')) escape '' or lower(ft1_0.codigo) like lower(('%'||?||'%')) escape '' or lower(ft1_0.ref_fornecedor) like lower(('%'||?||'%')) escape '') and (? is null or lower(ft1_0.numero_pedido) like lower(('%'||?||'%')) escape '') and (? is null or lower(ft1_0.fornecedor) like lower(('%'||?||'%')) escape '') order by ft1_0.id desc
Hibernate: select c1_0.id,c1_0.nome from colecao c1_0
Hibernate: select f1_0.id,f1_0.nome from fornecedor f1_0
Hibernate: select ft1_0.colecao,count(ft1_0.id) from ficha_tecnica ft1_0 where ft1_0.colecao is not null and ft1_0.colecao<>'' group by ft1_0.colecao order by ft1_0.colecao
Hibernate: select i1_0.id,i1_0.nome from insumo i1_0
Hibernate: select ft1_0.id,ft1_0.categoria_produto,ft1_0.codigo,ft1_0.codigo_siscomex,ft1_0.colecao,ft1_0.composicao,ft1_0.contrato_cambio_adiant,ft1_0.contrato_cambio_pgto_final,ft1_0.cor,ft1_0.data_amostra_cor,ft1_0.data_amostra_producao,ft1_0.data_aprovacao_amostra_cor,ft1_0.data_aprovacao_amostra_producao,ft1_0.data_chegada_destino,ft1_0.data_colocacao_pedido,ft1_0.data_saida_origem,ft1_0.descricao,ft1_0.descricao_produto,ft1_0.duimp_di,ft1_0.estagio,ft1_0.fornecedor,ft1_0.foto_path,ft1_0.gramatura,ft1_0.largura,ft1_0.marca,ft1_0.marca_que_comprou,ft1_0.marca_que_utiliza,ft1_0.minimo,ft1_0.minimo_compra,ft1_0.ncm,ft1_0.nome_navio,ft1_0.numero_pedido,ft1_0.observacao_amostra_cor,ft1_0.observacao_amostra_producao,ft1_0.preco_reais,ft1_0.preco_usd,ft1_0.qti_pct,ft1_0.quantidade_comprada,ft1_0.ref_fornecedor,ft1_0.ref_texcotton,ft1_0.referencia,ft1_0.rendimento,ft1_0.status_amostra_cor,ft1_0.status_amostra_producao,ft1_0.status_colecao,ft1_0.status_pedido,ft1_0.tipo,ft1_0.tipo_solicitacao,ft1_0.unidade_medida from ficha_tecnica ft1_0 where ft1_0.id=?
Hibernate: select m1_0.id,m1_0.nome from marca m1_0
Hibernate: select c1_0.id,c1_0.nome from colecao c1_0
Hibernate: select f1_0.id,f1_0.nome from fornecedor f1_0
Hibernate: select c1_0.id,c1_0.nome from categoria c1_0
Hibernate: select i1_0.id,i1_0.nome from insumo i1_0
Hibernate: select ft1_0.id,ft1_0.categoria_produto,ft1_0.codigo,ft1_0.codigo_siscomex,ft1_0.colecao,ft1_0.composicao,ft1_0.contrato_cambio_adiant,ft1_0.contrato_cambio_pgto_final,ft1_0.cor,ft1_0.data_amostra_cor,ft1_0.data_amostra_producao,ft1_0.data_aprovacao_amostra_cor,ft1_0.data_aprovacao_amostra_producao,ft1_0.data_chegada_destino,ft1_0.data_colocacao_pedido,ft1_0.data_saida_origem,ft1_0.descricao,ft1_0.descricao_produto,ft1_0.duimp_di,ft1_0.estagio,ft1_0.fornecedor,ft1_0.foto_path,ft1_0.gramatura,ft1_0.largura,ft1_0.marca,ft1_0.marca_que_comprou,ft1_0.marca_que_utiliza,ft1_0.minimo,ft1_0.minimo_compra,ft1_0.ncm,ft1_0.nome_navio,ft1_0.numero_pedido,ft1_0.observacao_amostra_cor,ft1_0.observacao_amostra_producao,ft1_0.preco_reais,ft1_0.preco_usd,ft1_0.qti_pct,ft1_0.quantidade_comprada,ft1_0.ref_fornecedor,ft1_0.ref_texcotton,ft1_0.referencia,ft1_0.rendimento,ft1_0.status_amostra_cor,ft1_0.status_amostra_producao,ft1_0.status_colecao,ft1_0.status_pedido,ft1_0.tipo,ft1_0.tipo_solicitacao,ft1_0.unidade_medida from ficha_tecnica ft1_0 where ft1_0.id=?
Hibernate: update ficha_tecnica set categoria_produto=?,codigo=?,codigo_siscomex=?,colecao=?,composicao=?,contrato_cambio_adiant=?,contrato_cambio_pgto_final=?,cor=?,data_amostra_cor=?,data_amostra_producao=?,data_aprovacao_amostra_cor=?,data_aprovacao_amostra_producao=?,data_chegada_destino=?,data_colocacao_pedido=?,data_saida_origem=?,descricao=?,descricao_produto=?,duimp_di=?,estagio=?,fornecedor=?,foto_path=?,gramatura=?,largura=?,marca=?,marca_que_comprou=?,marca_que_utiliza=?,minimo=?,minimo_compra=?,ncm=?,nome_navio=?,numero_pedido=?,observacao_amostra_cor=?,observacao_amostra_producao=?,preco_reais=?,preco_usd=?,qti_pct=?,quantidade_comprada=?,ref_fornecedor=?,ref_texcotton=?,referencia=?,rendimento=?,status_amostra_cor=?,status_amostra_producao=?,status_colecao=?,status_pedido=?,tipo=?,tipo_solicitacao=?,unidade_medida=? where id=?
Hibernate: select i1_0.id,i1_0.nome from insumo i1_0
Hibernate: select ft1_0.id,ft1_0.categoria_produto,ft1_0.codigo,ft1_0.codigo_siscomex,ft1_0.colecao,ft1_0.composicao,ft1_0.contrato_cambio_adiant,ft1_0.contrato_cambio_pgto_final,ft1_0.cor,ft1_0.data_amostra_cor,ft1_0.data_amostra_producao,ft1_0.data_aprovacao_amostra_cor,ft1_0.data_aprovacao_amostra_producao,ft1_0.data_chegada_destino,ft1_0.data_colocacao_pedido,ft1_0.data_saida_origem,ft1_0.descricao,ft1_0.descricao_produto,ft1_0.duimp_di,ft1_0.estagio,ft1_0.fornecedor,ft1_0.foto_path,ft1_0.gramatura,ft1_0.largura,ft1_0.marca,ft1_0.marca_que_comprou,ft1_0.marca_que_utiliza,ft1_0.minimo,ft1_0.minimo_compra,ft1_0.ncm,ft1_0.nome_navio,ft1_0.numero_pedido,ft1_0.observacao_amostra_cor,ft1_0.observacao_amostra_producao,ft1_0.preco_reais,ft1_0.preco_usd,ft1_0.qti_pct,ft1_0.quantidade_comprada,ft1_0.ref_fornecedor,ft1_0.ref_texcotton,ft1_0.referencia,ft1_0.rendimento,ft1_0.status_amostra_cor,ft1_0.status_amostra_producao,ft1_0.status_colecao,ft1_0.status_pedido,ft1_0.tipo,ft1_0.tipo_solicitacao,ft1_0.unidade_medida from ficha_tecnica ft1_0 where (? is null or lower(ft1_0.colecao) like lower(('%'||?||'%')) escape '') and (? is null or ft1_0.tipo=?) and (? is null or ft1_0.status_pedido=?) and (? is null or ft1_0.data_colocacao_pedido>=?) and (? is null or ft1_0.data_colocacao_pedido<=?) and (? is null or lower(ft1_0.duimp_di) like lower(('%'||?||'%')) escape '') and (? is null or lower(ft1_0.contrato_cambio_adiant) like lower(('%'||?||'%')) escape '' or lower(ft1_0.contrato_cambio_pgto_final) like lower(('%'||?||'%')) escape '') and (? is null or lower(ft1_0.ref_texcotton) like lower(('%'||?||'%')) escape '' or lower(ft1_0.codigo) like lower(('%'||?||'%')) escape '' or lower(ft1_0.ref_fornecedor) like lower(('%'||?||'%')) escape '') and (? is null or lower(ft1_0.numero_pedido) like lower(('%'||?||'%')) escape '') and (? is null or lower(ft1_0.fornecedor) like lower(('%'||?||'%')) escape '') order by ft1_0.id desc
Hibernate: select c1_0.id,c1_0.nome from colecao c1_0
Hibernate: select f1_0.id,f1_0.nome from fornecedor f1_0
Hibernate: select ft1_0.colecao,count(ft1_0.id) from ficha_tecnica ft1_0 where ft1_0.colecao is not null and ft1_0.colecao<>'' group by ft1_0.colecao order by ft1_0.colecao
Hibernate: select i1_0.id,i1_0.nome from insumo i1_0
Hibernate: select ft1_0.id,ft1_0.categoria_produto,ft1_0.codigo,ft1_0.codigo_siscomex,ft1_0.colecao,ft1_0.composicao,ft1_0.contrato_cambio_adiant,ft1_0.contrato_cambio_pgto_final,ft1_0.cor,ft1_0.data_amostra_cor,ft1_0.data_amostra_producao,ft1_0.data_aprovacao_amostra_cor,ft1_0.data_aprovacao_amostra_producao,ft1_0.data_chegada_destino,ft1_0.data_colocacao_pedido,ft1_0.data_saida_origem,ft1_0.descricao,ft1_0.descricao_produto,ft1_0.duimp_di,ft1_0.estagio,ft1_0.fornecedor,ft1_0.foto_path,ft1_0.gramatura,ft1_0.largura,ft1_0.marca,ft1_0.marca_que_comprou,ft1_0.marca_que_utiliza,ft1_0.minimo,ft1_0.minimo_compra,ft1_0.ncm,ft1_0.nome_navio,ft1_0.numero_pedido,ft1_0.observacao_amostra_cor,ft1_0.observacao_amostra_producao,ft1_0.preco_reais,ft1_0.preco_usd,ft1_0.qti_pct,ft1_0.quantidade_comprada,ft1_0.ref_fornecedor,ft1_0.ref_texcotton,ft1_0.referencia,ft1_0.rendimento,ft1_0.status_amostra_cor,ft1_0.status_amostra_producao,ft1_0.status_colecao,ft1_0.status_pedido,ft1_0.tipo,ft1_0.tipo_solicitacao,ft1_0.unidade_medida from ficha_tecnica ft1_0 where ft1_0.id=?
Hibernate: select m1_0.id,m1_0.nome from marca m1_0
Hibernate: select c1_0.id,c1_0.nome from colecao c1_0
Hibernate: select f1_0.id,f1_0.nome from fornecedor f1_0
Hibernate: select c1_0.id,c1_0.nome from categoria c1_0
Hibernate: select i1_0.id,i1_0.nome from insumo i1_0
Hibernate: select ft1_0.id,ft1_0.categoria_produto,ft1_0.codigo,ft1_0.codigo_siscomex,ft1_0.colecao,ft1_0.composicao,ft1_0.contrato_cambio_adiant,ft1_0.contrato_cambio_pgto_final,ft1_0.cor,ft1_0.data_amostra_cor,ft1_0.data_amostra_producao,ft1_0.data_aprovacao_amostra_cor,ft1_0.data_aprovacao_amostra_producao,ft1_0.data_chegada_destino,ft1_0.data_colocacao_pedido,ft1_0.data_saida_origem,ft1_0.descricao,ft1_0.descricao_produto,ft1_0.duimp_di,ft1_0.estagio,ft1_0.fornecedor,ft1_0.foto_path,ft1_0.gramatura,ft1_0.largura,ft1_0.marca,ft1_0.marca_que_comprou,ft1_0.marca_que_utiliza,ft1_0.minimo,ft1_0.minimo_compra,ft1_0.ncm,ft1_0.nome_navio,ft1_0.numero_pedido,ft1_0.observacao_amostra_cor,ft1_0.observacao_amostra_producao,ft1_0.preco_reais,ft1_0.preco_usd,ft1_0.qti_pct,ft1_0.quantidade_comprada,ft1_0.ref_fornecedor,ft1_0.ref_texcotton,ft1_0.referencia,ft1_0.rendimento,ft1_0.status_amostra_cor,ft1_0.status_amostra_producao,ft1_0.status_colecao,ft1_0.status_pedido,ft1_0.tipo,ft1_0.tipo_solicitacao,ft1_0.unidade_medida from ficha_tecnica ft1_0 where ft1_0.id=?
Hibernate: update ficha_tecnica set categoria_produto=?,codigo=?,codigo_siscomex=?,colecao=?,composicao=?,contrato_cambio_adiant=?,contrato_cambio_pgto_final=?,cor=?,data_amostra_cor=?,data_amostra_producao=?,data_aprovacao_amostra_cor=?,data_aprovacao_amostra_producao=?,data_chegada_destino=?,data_colocacao_pedido=?,data_saida_origem=?,descricao=?,descricao_produto=?,duimp_di=?,estagio=?,fornecedor=?,foto_path=?,gramatura=?,largura=?,marca=?,marca_que_comprou=?,marca_que_utiliza=?,minimo=?,minimo_compra=?,ncm=?,nome_navio=?,numero_pedido=?,observacao_amostra_cor=?,observacao_amostra_producao=?,preco_reais=?,preco_usd=?,qti_pct=?,quantidade_comprada=?,ref_fornecedor=?,ref_texcotton=?,referencia=?,rendimento=?,status_amostra_cor=?,status_amostra_producao=?,status_colecao=?,status_pedido=?,tipo=?,tipo_solicitacao=?,unidade_medida=? where id=?
Hibernate: select i1_0.id,i1_0.nome from insumo i1_0
Hibernate: select ft1_0.id,ft1_0.categoria_produto,ft1_0.codigo,ft1_0.codigo_siscomex,ft1_0.colecao,ft1_0.composicao,ft1_0.contrato_cambio_adiant,ft1_0.contrato_cambio_pgto_final,ft1_0.cor,ft1_0.data_amostra_cor,ft1_0.data_amostra_producao,ft1_0.data_aprovacao_amostra_cor,ft1_0.data_aprovacao_amostra_producao,ft1_0.data_chegada_destino,ft1_0.data_colocacao_pedido,ft1_0.data_saida_origem,ft1_0.descricao,ft1_0.descricao_produto,ft1_0.duimp_di,ft1_0.estagio,ft1_0.fornecedor,ft1_0.foto_path,ft1_0.gramatura,ft1_0.largura,ft1_0.marca,ft1_0.marca_que_comprou,ft1_0.marca_que_utiliza,ft1_0.minimo,ft1_0.minimo_compra,ft1_0.ncm,ft1_0.nome_navio,ft1_0.numero_pedido,ft1_0.observacao_amostra_cor,ft1_0.observacao_amostra_producao,ft1_0.preco_reais,ft1_0.preco_usd,ft1_0.qti_pct,ft1_0.quantidade_comprada,ft1_0.ref_fornecedor,ft1_0.ref_texcotton,ft1_0.referencia,ft1_0.rendimento,ft1_0.status_amostra_cor,ft1_0.status_amostra_producao,ft1_0.status_colecao,ft1_0.status_pedido,ft1_0.tipo,ft1_0.tipo_solicitacao,ft1_0.unidade_medida from ficha_tecnica ft1_0 where (? is null or lower(ft1_0.colecao) like lower(('%'||?||'%')) escape '') and (? is null or ft1_0.tipo=?) and (? is null or ft1_0.status_pedido=?) and (? is null or ft1_0.data_colocacao_pedido>=?) and (? is null or ft1_0.data_colocacao_pedido<=?) and (? is null or lower(ft1_0.duimp_di) like lower(('%'||?||'%')) escape '') and (? is null or lower(ft1_0.contrato_cambio_adiant) like lower(('%'||?||'%')) escape '' or lower(ft1_0.contrato_cambio_pgto_final) like lower(('%'||?||'%')) escape '') and (? is null or lower(ft1_0.ref_texcotton) like lower(('%'||?||'%')) escape '' or lower(ft1_0.codigo) like lower(('%'||?||'%')) escape '' or lower(ft1_0.ref_fornecedor) like lower(('%'||?||'%')) escape '') and (? is null or lower(ft1_0.numero_pedido) like lower(('%'||?||'%')) escape '') and (? is null or lower(ft1_0.fornecedor) like lower(('%'||?||'%')) escape '') order by ft1_0.id desc
Hibernate: select c1_0.id,c1_0.nome from colecao c1_0
Hibernate: select f1_0.id,f1_0.nome from fornecedor f1_0
Hibernate: select ft1_0.colecao,count(ft1_0.id) from ficha_tecnica ft1_0 where ft1_0.colecao is not null and ft1_0.colecao<>'' group by ft1_0.colecao order by ft1_0.colecao
Hibernate: select i1_0.id,i1_0.nome from insumo i1_0
Hibernate: select ft1_0.id,ft1_0.categoria_produto,ft1_0.codigo,ft1_0.codigo_siscomex,ft1_0.colecao,ft1_0.composicao,ft1_0.contrato_cambio_adiant,ft1_0.contrato_cambio_pgto_final,ft1_0.cor,ft1_0.data_amostra_cor,ft1_0.data_amostra_producao,ft1_0.data_aprovacao_amostra_cor,ft1_0.data_aprovacao_amostra_producao,ft1_0.data_chegada_destino,ft1_0.data_colocacao_pedido,ft1_0.data_saida_origem,ft1_0.descricao,ft1_0.descricao_produto,ft1_0.duimp_di,ft1_0.estagio,ft1_0.fornecedor,ft1_0.foto_path,ft1_0.gramatura,ft1_0.largura,ft1_0.marca,ft1_0.marca_que_comprou,ft1_0.marca_que_utiliza,ft1_0.minimo,ft1_0.minimo_compra,ft1_0.ncm,ft1_0.nome_navio,ft1_0.numero_pedido,ft1_0.observacao_amostra_cor,ft1_0.observacao_amostra_producao,ft1_0.preco_reais,ft1_0.preco_usd,ft1_0.qti_pct,ft1_0.quantidade_comprada,ft1_0.ref_fornecedor,ft1_0.ref_texcotton,ft1_0.referencia,ft1_0.rendimento,ft1_0.status_amostra_cor,ft1_0.status_amostra_producao,ft1_0.status_colecao,ft1_0.status_pedido,ft1_0.tipo,ft1_0.tipo_solicitacao,ft1_0.unidade_medida from ficha_tecnica ft1_0 where ft1_0.id=?
Hibernate: select m1_0.id,m1_0.nome from marca m1_0
Hibernate: select c1_0.id,c1_0.nome from colecao c1_0
Hibernate: select f1_0.id,f1_0.nome from fornecedor f1_0
Hibernate: select c1_0.id,c1_0.nome from categoria c1_0
Hibernate: select i1_0.id,i1_0.nome from insumo i1_0
Hibernate: select ft1_0.id,ft1_0.categoria_produto,ft1_0.codigo,ft1_0.codigo_siscomex,ft1_0.colecao,ft1_0.composicao,ft1_0.contrato_cambio_adiant,ft1_0.contrato_cambio_pgto_final,ft1_0.cor,ft1_0.data_amostra_cor,ft1_0.data_amostra_producao,ft1_0.data_aprovacao_amostra_cor,ft1_0.data_aprovacao_amostra_producao,ft1_0.data_chegada_destino,ft1_0.data_colocacao_pedido,ft1_0.data_saida_origem,ft1_0.descricao,ft1_0.descricao_produto,ft1_0.duimp_di,ft1_0.estagio,ft1_0.fornecedor,ft1_0.foto_path,ft1_0.gramatura,ft1_0.largura,ft1_0.marca,ft1_0.marca_que_comprou,ft1_0.marca_que_utiliza,ft1_0.minimo,ft1_0.minimo_compra,ft1_0.ncm,ft1_0.nome_navio,ft1_0.numero_pedido,ft1_0.observacao_amostra_cor,ft1_0.observacao_amostra_producao,ft1_0.preco_reais,ft1_0.preco_usd,ft1_0.qti_pct,ft1_0.quantidade_comprada,ft1_0.ref_fornecedor,ft1_0.ref_texcotton,ft1_0.referencia,ft1_0.rendimento,ft1_0.status_amostra_cor,ft1_0.status_amostra_producao,ft1_0.status_colecao,ft1_0.status_pedido,ft1_0.tipo,ft1_0.tipo_solicitacao,ft1_0.unidade_medida from ficha_tecnica ft1_0 where ft1_0.id=?
Hibernate: update ficha_tecnica set categoria_produto=?,codigo=?,codigo_siscomex=?,colecao=?,composicao=?,contrato_cambio_adiant=?,contrato_cambio_pgto_final=?,cor=?,data_amostra_cor=?,data_amostra_producao=?,data_aprovacao_amostra_cor=?,data_aprovacao_amostra_producao=?,data_chegada_destino=?,data_colocacao_pedido=?,data_saida_origem=?,descricao=?,descricao_produto=?,duimp_di=?,estagio=?,fornecedor=?,foto_path=?,gramatura=?,largura=?,marca=?,marca_que_comprou=?,marca_que_utiliza=?,minimo=?,minimo_compra=?,ncm=?,nome_navio=?,numero_pedido=?,observacao_amostra_cor=?,observacao_amostra_producao=?,preco_reais=?,preco_usd=?,qti_pct=?,quantidade_comprada=?,ref_fornecedor=?,ref_texcotton=?,referencia=?,rendimento=?,status_amostra_cor=?,status_amostra_producao=?,status_colecao=?,status_pedido=?,tipo=?,tipo_solicitacao=?,unidade_medida=? where id=?
Hibernate: select i1_0.id,i1_0.nome from insumo i1_0
Hibernate: select ft1_0.id,ft1_0.categoria_produto,ft1_0.codigo,ft1_0.codigo_siscomex,ft1_0.colecao,ft1_0.composicao,ft1_0.contrato_cambio_adiant,ft1_0.contrato_cambio_pgto_final,ft1_0.cor,ft1_0.data_amostra_cor,ft1_0.data_amostra_producao,ft1_0.data_aprovacao_amostra_cor,ft1_0.data_aprovacao_amostra_producao,ft1_0.data_chegada_destino,ft1_0.data_colocacao_pedido,ft1_0.data_saida_origem,ft1_0.descricao,ft1_0.descricao_produto,ft1_0.duimp_di,ft1_0.estagio,ft1_0.fornecedor,ft1_0.foto_path,ft1_0.gramatura,ft1_0.largura,ft1_0.marca,ft1_0.marca_que_comprou,ft1_0.marca_que_utiliza,ft1_0.minimo,ft1_0.minimo_compra,ft1_0.ncm,ft1_0.nome_navio,ft1_0.numero_pedido,ft1_0.observacao_amostra_cor,ft1_0.observacao_amostra_producao,ft1_0.preco_reais,ft1_0.preco_usd,ft1_0.qti_pct,ft1_0.quantidade_comprada,ft1_0.ref_fornecedor,ft1_0.ref_texcotton,ft1_0.referencia,ft1_0.rendimento,ft1_0.status_amostra_cor,ft1_0.status_amostra_producao,ft1_0.status_colecao,ft1_0.status_pedido,ft1_0.tipo,ft1_0.tipo_solicitacao,ft1_0.unidade_medida from ficha_tecnica ft1_0 where (? is null or lower(ft1_0.colecao) like lower(('%'||?||'%')) escape '') and (? is null or ft1_0.tipo=?) and (? is null or ft1_0.status_pedido=?) and (? is null or ft1_0.data_colocacao_pedido>=?) and (? is null or ft1_0.data_colocacao_pedido<=?) and (? is null or lower(ft1_0.duimp_di) like lower(('%'||?||'%')) escape '') and (? is null or lower(ft1_0.contrato_cambio_adiant) like lower(('%'||?||'%')) escape '' or lower(ft1_0.contrato_cambio_pgto_final) like lower(('%'||?||'%')) escape '') and (? is null or lower(ft1_0.ref_texcotton) like lower(('%'||?||'%')) escape '' or lower(ft1_0.codigo) like lower(('%'||?||'%')) escape '' or lower(ft1_0.ref_fornecedor) like lower(('%'||?||'%')) escape '') and (? is null or lower(ft1_0.numero_pedido) like lower(('%'||?||'%')) escape '') and (? is null or lower(ft1_0.fornecedor) like lower(('%'||?||'%')) escape '') order by ft1_0.id desc
Hibernate: select c1_0.id,c1_0.nome from colecao c1_0
Hibernate: select f1_0.id,f1_0.nome from fornecedor f1_0
Hibernate: select ft1_0.colecao,count(ft1_0.id) from ficha_tecnica ft1_0 where ft1_0.colecao is not null and ft1_0.colecao<>'' group by ft1_0.colecao order by ft1_0.colecao
Hibernate: select i1_0.id,i1_0.nome from insumo i1_0
Hibernate: select ft1_0.id,ft1_0.categoria_produto,ft1_0.codigo,ft1_0.codigo_siscomex,ft1_0.colecao,ft1_0.composicao,ft1_0.contrato_cambio_adiant,ft1_0.contrato_cambio_pgto_final,ft1_0.cor,ft1_0.data_amostra_cor,ft1_0.data_amostra_producao,ft1_0.data_aprovacao_amostra_cor,ft1_0.data_aprovacao_amostra_producao,ft1_0.data_chegada_destino,ft1_0.data_colocacao_pedido,ft1_0.data_saida_origem,ft1_0.descricao,ft1_0.descricao_produto,ft1_0.duimp_di,ft1_0.estagio,ft1_0.fornecedor,ft1_0.foto_path,ft1_0.gramatura,ft1_0.largura,ft1_0.marca,ft1_0.marca_que_comprou,ft1_0.marca_que_utiliza,ft1_0.minimo,ft1_0.minimo_compra,ft1_0.ncm,ft1_0.nome_navio,ft1_0.numero_pedido,ft1_0.observacao_amostra_cor,ft1_0.observacao_amostra_producao,ft1_0.preco_reais,ft1_0.preco_usd,ft1_0.qti_pct,ft1_0.quantidade_comprada,ft1_0.ref_fornecedor,ft1_0.ref_texcotton,ft1_0.referencia,ft1_0.rendimento,ft1_0.status_amostra_cor,ft1_0.status_amostra_producao,ft1_0.status_colecao,ft1_0.status_pedido,ft1_0.tipo,ft1_0.tipo_solicitacao,ft1_0.unidade_medida from ficha_tecnica ft1_0 where ft1_0.id=?
Hibernate: select m1_0.id,m1_0.nome from marca m1_0
Hibernate: select c1_0.id,c1_0.nome from colecao c1_0
Hibernate: select f1_0.id,f1_0.nome from fornecedor f1_0
Hibernate: select c1_0.id,c1_0.nome from categoria c1_0
Hibernate: select i1_0.id,i1_0.nome from insumo i1_0
Hibernate: select ft1_0.id,ft1_0.categoria_produto,ft1_0.codigo,ft1_0.codigo_siscomex,ft1_0.colecao,ft1_0.composicao,ft1_0.contrato_cambio_adiant,ft1_0.contrato_cambio_pgto_final,ft1_0.cor,ft1_0.data_amostra_cor,ft1_0.data_amostra_producao,ft1_0.data_aprovacao_amostra_cor,ft1_0.data_aprovacao_amostra_producao,ft1_0.data_chegada_destino,ft1_0.data_colocacao_pedido,ft1_0.data_saida_origem,ft1_0.descricao,ft1_0.descricao_produto,ft1_0.duimp_di,ft1_0.estagio,ft1_0.fornecedor,ft1_0.foto_path,ft1_0.gramatura,ft1_0.largura,ft1_0.marca,ft1_0.marca_que_comprou,ft1_0.marca_que_utiliza,ft1_0.minimo,ft1_0.minimo_compra,ft1_0.ncm,ft1_0.nome_navio,ft1_0.numero_pedido,ft1_0.observacao_amostra_cor,ft1_0.observacao_amostra_producao,ft1_0.preco_reais,ft1_0.preco_usd,ft1_0.qti_pct,ft1_0.quantidade_comprada,ft1_0.ref_fornecedor,ft1_0.ref_texcotton,ft1_0.referencia,ft1_0.rendimento,ft1_0.status_amostra_cor,ft1_0.status_amostra_producao,ft1_0.status_colecao,ft1_0.status_pedido,ft1_0.tipo,ft1_0.tipo_solicitacao,ft1_0.unidade_medida from ficha_tecnica ft1_0 where ft1_0.id=?
Hibernate: update ficha_tecnica set categoria_produto=?,codigo=?,codigo_siscomex=?,colecao=?,composicao=?,contrato_cambio_adiant=?,contrato_cambio_pgto_final=?,cor=?,data_amostra_cor=?,data_amostra_producao=?,data_aprovacao_amostra_cor=?,data_aprovacao_amostra_producao=?,data_chegada_destino=?,data_colocacao_pedido=?,data_saida_origem=?,descricao=?,descricao_produto=?,duimp_di=?,estagio=?,fornecedor=?,foto_path=?,gramatura=?,largura=?,marca=?,marca_que_comprou=?,marca_que_utiliza=?,minimo=?,minimo_compra=?,ncm=?,nome_navio=?,numero_pedido=?,observacao_amostra_cor=?,observacao_amostra_producao=?,preco_reais=?,preco_usd=?,qti_pct=?,quantidade_comprada=?,ref_fornecedor=?,ref_texcotton=?,referencia=?,rendimento=?,status_amostra_cor=?,status_amostra_producao=?,status_colecao=?,status_pedido=?,tipo=?,tipo_solicitacao=?,unidade_medida=? where id=?
Hibernate: select i1_0.id,i1_0.nome from insumo i1_0
Hibernate: select ft1_0.id,ft1_0.categoria_produto,ft1_0.codigo,ft1_0.codigo_siscomex,ft1_0.colecao,ft1_0.composicao,ft1_0.contrato_cambio_adiant,ft1_0.contrato_cambio_pgto_final,ft1_0.cor,ft1_0.data_amostra_cor,ft1_0.data_amostra_producao,ft1_0.data_aprovacao_amostra_cor,ft1_0.data_aprovacao_amostra_producao,ft1_0.data_chegada_destino,ft1_0.data_colocacao_pedido,ft1_0.data_saida_origem,ft1_0.descricao,ft1_0.descricao_produto,ft1_0.duimp_di,ft1_0.estagio,ft1_0.fornecedor,ft1_0.foto_path,ft1_0.gramatura,ft1_0.largura,ft1_0.marca,ft1_0.marca_que_comprou,ft1_0.marca_que_utiliza,ft1_0.minimo,ft1_0.minimo_compra,ft1_0.ncm,ft1_0.nome_navio,ft1_0.numero_pedido,ft1_0.observacao_amostra_cor,ft1_0.observacao_amostra_producao,ft1_0.preco_reais,ft1_0.preco_usd,ft1_0.qti_pct,ft1_0.quantidade_comprada,ft1_0.ref_fornecedor,ft1_0.ref_texcotton,ft1_0.referencia,ft1_0.rendimento,ft1_0.status_amostra_cor,ft1_0.status_amostra_producao,ft1_0.status_colecao,ft1_0.status_pedido,ft1_0.tipo,ft1_0.tipo_solicitacao,ft1_0.unidade_medida from ficha_tecnica ft1_0 where (? is null or lower(ft1_0.colecao) like lower(('%'||?||'%')) escape '') and (? is null or ft1_0.tipo=?) and (? is null or ft1_0.status_pedido=?) and (? is null or ft1_0.data_colocacao_pedido>=?) and (? is null or ft1_0.data_colocacao_pedido<=?) and (? is null or lower(ft1_0.duimp_di) like lower(('%'||?||'%')) escape '') and (? is null or lower(ft1_0.contrato_cambio_adiant) like lower(('%'||?||'%')) escape '' or lower(ft1_0.contrato_cambio_pgto_final) like lower(('%'||?||'%')) escape '') and (? is null or lower(ft1_0.ref_texcotton) like lower(('%'||?||'%')) escape '' or lower(ft1_0.codigo) like lower(('%'||?||'%')) escape '' or lower(ft1_0.ref_fornecedor) like lower(('%'||?||'%')) escape '') and (? is null or lower(ft1_0.numero_pedido) like lower(('%'||?||'%')) escape '') and (? is null or lower(ft1_0.fornecedor) like lower(('%'||?||'%')) escape '') order by ft1_0.id desc
Hibernate: select c1_0.id,c1_0.nome from colecao c1_0
Hibernate: select f1_0.id,f1_0.nome from fornecedor f1_0
Hibernate: select ft1_0.colecao,count(ft1_0.id) from ficha_tecnica ft1_0 where ft1_0.colecao is not null and ft1_0.colecao<>'' group by ft1_0.colecao order by ft1_0.colecao
Hibernate: select i1_0.id,i1_0.nome from insumo i1_0
Hibernate: select ft1_0.id,ft1_0.categoria_produto,ft1_0.codigo,ft1_0.codigo_siscomex,ft1_0.colecao,ft1_0.composicao,ft1_0.contrato_cambio_adiant,ft1_0.contrato_cambio_pgto_final,ft1_0.cor,ft1_0.data_amostra_cor,ft1_0.data_amostra_producao,ft1_0.data_aprovacao_amostra_cor,ft1_0.data_aprovacao_amostra_producao,ft1_0.data_chegada_destino,ft1_0.data_colocacao_pedido,ft1_0.data_saida_origem,ft1_0.descricao,ft1_0.descricao_produto,ft1_0.duimp_di,ft1_0.estagio,ft1_0.fornecedor,ft1_0.foto_path,ft1_0.gramatura,ft1_0.largura,ft1_0.marca,ft1_0.marca_que_comprou,ft1_0.marca_que_utiliza,ft1_0.minimo,ft1_0.minimo_compra,ft1_0.ncm,ft1_0.nome_navio,ft1_0.numero_pedido,ft1_0.observacao_amostra_cor,ft1_0.observacao_amostra_producao,ft1_0.preco_reais,ft1_0.preco_usd,ft1_0.qti_pct,ft1_0.quantidade_comprada,ft1_0.ref_fornecedor,ft1_0.ref_texcotton,ft1_0.referencia,ft1_0.rendimento,ft1_0.status_amostra_cor,ft1_0.status_amostra_producao,ft1_0.status_colecao,ft1_0.status_pedido,ft1_0.tipo,ft1_0.tipo_solicitacao,ft1_0.unidade_medida from ficha_tecnica ft1_0 where ft1_0.id=?
Hibernate: select m1_0.id,m1_0.nome from marca m1_0
Hibernate: select c1_0.id,c1_0.nome from colecao c1_0
Hibernate: select f1_0.id,f1_0.nome from fornecedor f1_0
Hibernate: select c1_0.id,c1_0.nome from categoria c1_0
Hibernate: select i1_0.id,i1_0.nome from insumo i1_0
Hibernate: select ft1_0.id,ft1_0.categoria_produto,ft1_0.codigo,ft1_0.codigo_siscomex,ft1_0.colecao,ft1_0.composicao,ft1_0.contrato_cambio_adiant,ft1_0.contrato_cambio_pgto_final,ft1_0.cor,ft1_0.data_amostra_cor,ft1_0.data_amostra_producao,ft1_0.data_aprovacao_amostra_cor,ft1_0.data_aprovacao_amostra_producao,ft1_0.data_chegada_destino,ft1_0.data_colocacao_pedido,ft1_0.data_saida_origem,ft1_0.descricao,ft1_0.descricao_produto,ft1_0.duimp_di,ft1_0.estagio,ft1_0.fornecedor,ft1_0.foto_path,ft1_0.gramatura,ft1_0.largura,ft1_0.marca,ft1_0.marca_que_comprou,ft1_0.marca_que_utiliza,ft1_0.minimo,ft1_0.minimo_compra,ft1_0.ncm,ft1_0.nome_navio,ft1_0.numero_pedido,ft1_0.observacao_amostra_cor,ft1_0.observacao_amostra_producao,ft1_0.preco_reais,ft1_0.preco_usd,ft1_0.qti_pct,ft1_0.quantidade_comprada,ft1_0.ref_fornecedor,ft1_0.ref_texcotton,ft1_0.referencia,ft1_0.rendimento,ft1_0.status_amostra_cor,ft1_0.status_amostra_producao,ft1_0.status_colecao,ft1_0.status_pedido,ft1_0.tipo,ft1_0.tipo_solicitacao,ft1_0.unidade_medida from ficha_tecnica ft1_0 where ft1_0.id=?
Hibernate: update ficha_tecnica set categoria_produto=?,codigo=?,codigo_siscomex=?,colecao=?,composicao=?,contrato_cambio_adiant=?,contrato_cambio_pgto_final=?,cor=?,data_amostra_cor=?,data_amostra_producao=?,data_aprovacao_amostra_cor=?,data_aprovacao_amostra_producao=?,data_chegada_destino=?,data_colocacao_pedido=?,data_saida_origem=?,descricao=?,descricao_produto=?,duimp_di=?,estagio=?,fornecedor=?,foto_path=?,gramatura=?,largura=?,marca=?,marca_que_comprou=?,marca_que_utiliza=?,minimo=?,minimo_compra=?,ncm=?,nome_navio=?,numero_pedido=?,observacao_amostra_cor=?,observacao_amostra_producao=?,preco_reais=?,preco_usd=?,qti_pct=?,quantidade_comprada=?,ref_fornecedor=?,ref_texcotton=?,referencia=?,rendimento=?,status_amostra_cor=?,status_amostra_producao=?,status_colecao=?,status_pedido=?,tipo=?,tipo_solicitacao=?,unidade_medida=? where id=?
Hibernate: select i1_0.id,i1_0.nome from insumo i1_0
Hibernate: select ft1_0.id,ft1_0.categoria_produto,ft1_0.codigo,ft1_0.codigo_siscomex,ft1_0.colecao,ft1_0.composicao,ft1_0.contrato_cambio_adiant,ft1_0.contrato_cambio_pgto_final,ft1_0.cor,ft1_0.data_amostra_cor,ft1_0.data_amostra_producao,ft1_0.data_aprovacao_amostra_cor,ft1_0.data_aprovacao_amostra_producao,ft1_0.data_chegada_destino,ft1_0.data_colocacao_pedido,ft1_0.data_saida_origem,ft1_0.descricao,ft1_0.descricao_produto,ft1_0.duimp_di,ft1_0.estagio,ft1_0.fornecedor,ft1_0.foto_path,ft1_0.gramatura,ft1_0.largura,ft1_0.marca,ft1_0.marca_que_comprou,ft1_0.marca_que_utiliza,ft1_0.minimo,ft1_0.minimo_compra,ft1_0.ncm,ft1_0.nome_navio,ft1_0.numero_pedido,ft1_0.observacao_amostra_cor,ft1_0.observacao_amostra_producao,ft1_0.preco_reais,ft1_0.preco_usd,ft1_0.qti_pct,ft1_0.quantidade_comprada,ft1_0.ref_fornecedor,ft1_0.ref_texcotton,ft1_0.referencia,ft1_0.rendimento,ft1_0.status_amostra_cor,ft1_0.status_amostra_producao,ft1_0.status_colecao,ft1_0.status_pedido,ft1_0.tipo,ft1_0.tipo_solicitacao,ft1_0.unidade_medida from ficha_tecnica ft1_0 where (? is null or lower(ft1_0.colecao) like lower(('%'||?||'%')) escape '') and (? is null or ft1_0.tipo=?) and (? is null or ft1_0.status_pedido=?) and (? is null or ft1_0.data_colocacao_pedido>=?) and (? is null or ft1_0.data_colocacao_pedido<=?) and (? is null or lower(ft1_0.duimp_di) like lower(('%'||?||'%')) escape '') and (? is null or lower(ft1_0.contrato_cambio_adiant) like lower(('%'||?||'%')) escape '' or lower(ft1_0.contrato_cambio_pgto_final) like lower(('%'||?||'%')) escape '') and (? is null or lower(ft1_0.ref_texcotton) like lower(('%'||?||'%')) escape '' or lower(ft1_0.codigo) like lower(('%'||?||'%')) escape '' or lower(ft1_0.ref_fornecedor) like lower(('%'||?||'%')) escape '') and (? is null or lower(ft1_0.numero_pedido) like lower(('%'||?||'%')) escape '') and (? is null or lower(ft1_0.fornecedor) like lower(('%'||?||'%')) escape '') order by ft1_0.id desc
Hibernate: select c1_0.id,c1_0.nome from colecao c1_0
Hibernate: select f1_0.id,f1_0.nome from fornecedor f1_0
Hibernate: select ft1_0.colecao,count(ft1_0.id) from ficha_tecnica ft1_0 where ft1_0.colecao is not null and ft1_0.colecao<>'' group by ft1_0.colecao order by ft1_0.colecao
Hibernate: select i1_0.id,i1_0.nome from insumo i1_0
Hibernate: select ft1_0.id,ft1_0.categoria_produto,ft1_0.codigo,ft1_0.codigo_siscomex,ft1_0.colecao,ft1_0.composicao,ft1_0.contrato_cambio_adiant,ft1_0.contrato_cambio_pgto_final,ft1_0.cor,ft1_0.data_amostra_cor,ft1_0.data_amostra_producao,ft1_0.data_aprovacao_amostra_cor,ft1_0.data_aprovacao_amostra_producao,ft1_0.data_chegada_destino,ft1_0.data_colocacao_pedido,ft1_0.data_saida_origem,ft1_0.descricao,ft1_0.descricao_produto,ft1_0.duimp_di,ft1_0.estagio,ft1_0.fornecedor,ft1_0.foto_path,ft1_0.gramatura,ft1_0.largura,ft1_0.marca,ft1_0.marca_que_comprou,ft1_0.marca_que_utiliza,ft1_0.minimo,ft1_0.minimo_compra,ft1_0.ncm,ft1_0.nome_navio,ft1_0.numero_pedido,ft1_0.observacao_amostra_cor,ft1_0.observacao_amostra_producao,ft1_0.preco_reais,ft1_0.preco_usd,ft1_0.qti_pct,ft1_0.quantidade_comprada,ft1_0.ref_fornecedor,ft1_0.ref_texcotton,ft1_0.referencia,ft1_0.rendimento,ft1_0.status_amostra_cor,ft1_0.status_amostra_producao,ft1_0.status_colecao,ft1_0.status_pedido,ft1_0.tipo,ft1_0.tipo_solicitacao,ft1_0.unidade_medida from ficha_tecnica ft1_0 where ft1_0.id=?
Hibernate: select m1_0.id,m1_0.nome from marca m1_0
Hibernate: select c1_0.id,c1_0.nome from colecao c1_0
Hibernate: select f1_0.id,f1_0.nome from fornecedor f1_0
Hibernate: select c1_0.id,c1_0.nome from categoria c1_0
Hibernate: select i1_0.id,i1_0.nome from insumo i1_0
Hibernate: select ft1_0.id,ft1_0.categoria_produto,ft1_0.codigo,ft1_0.codigo_siscomex,ft1_0.colecao,ft1_0.composicao,ft1_0.contrato_cambio_adiant,ft1_0.contrato_cambio_pgto_final,ft1_0.cor,ft1_0.data_amostra_cor,ft1_0.data_amostra_producao,ft1_0.data_aprovacao_amostra_cor,ft1_0.data_aprovacao_amostra_producao,ft1_0.data_chegada_destino,ft1_0.data_colocacao_pedido,ft1_0.data_saida_origem,ft1_0.descricao,ft1_0.descricao_produto,ft1_0.duimp_di,ft1_0.estagio,ft1_0.fornecedor,ft1_0.foto_path,ft1_0.gramatura,ft1_0.largura,ft1_0.marca,ft1_0.marca_que_comprou,ft1_0.marca_que_utiliza,ft1_0.minimo,ft1_0.minimo_compra,ft1_0.ncm,ft1_0.nome_navio,ft1_0.numero_pedido,ft1_0.observacao_amostra_cor,ft1_0.observacao_amostra_producao,ft1_0.preco_reais,ft1_0.preco_usd,ft1_0.qti_pct,ft1_0.quantidade_comprada,ft1_0.ref_fornecedor,ft1_0.ref_texcotton,ft1_0.referencia,ft1_0.rendimento,ft1_0.status_amostra_cor,ft1_0.status_amostra_producao,ft1_0.status_colecao,ft1_0.status_pedido,ft1_0.tipo,ft1_0.tipo_solicitacao,ft1_0.unidade_medida from ficha_tecnica ft1_0 where ft1_0.id=?
Hibernate: update ficha_tecnica set categoria_produto=?,codigo=?,codigo_siscomex=?,colecao=?,composicao=?,contrato_cambio_adiant=?,contrato_cambio_pgto_final=?,cor=?,data_amostra_cor=?,data_amostra_producao=?,data_aprovacao_amostra_cor=?,data_aprovacao_amostra_producao=?,data_chegada_destino=?,data_colocacao_pedido=?,data_saida_origem=?,descricao=?,descricao_produto=?,duimp_di=?,estagio=?,fornecedor=?,foto_path=?,gramatura=?,largura=?,marca=?,marca_que_comprou=?,marca_que_utiliza=?,minimo=?,minimo_compra=?,ncm=?,nome_navio=?,numero_pedido=?,observacao_amostra_cor=?,observacao_amostra_producao=?,preco_reais=?,preco_usd=?,qti_pct=?,quantidade_comprada=?,ref_fornecedor=?,ref_texcotton=?,referencia=?,rendimento=?,status_amostra_cor=?,status_amostra_producao=?,status_colecao=?,status_pedido=?,tipo=?,tipo_solicitacao=?,unidade_medida=? where id=?
Hibernate: select i1_0.id,i1_0.nome from insumo i1_0
Hibernate: select ft1_0.id,ft1_0.categoria_produto,ft1_0.codigo,ft1_0.codigo_siscomex,ft1_0.colecao,ft1_0.composicao,ft1_0.contrato_cambio_adiant,ft1_0.contrato_cambio_pgto_final,ft1_0.cor,ft1_0.data_amostra_cor,ft1_0.data_amostra_producao,ft1_0.data_aprovacao_amostra_cor,ft1_0.data_aprovacao_amostra_producao,ft1_0.data_chegada_destino,ft1_0.data_colocacao_pedido,ft1_0.data_saida_origem,ft1_0.descricao,ft1_0.descricao_produto,ft1_0.duimp_di,ft1_0.estagio,ft1_0.fornecedor,ft1_0.foto_path,ft1_0.gramatura,ft1_0.largura,ft1_0.marca,ft1_0.marca_que_comprou,ft1_0.marca_que_utiliza,ft1_0.minimo,ft1_0.minimo_compra,ft1_0.ncm,ft1_0.nome_navio,ft1_0.numero_pedido,ft1_0.observacao_amostra_cor,ft1_0.observacao_amostra_producao,ft1_0.preco_reais,ft1_0.preco_usd,ft1_0.qti_pct,ft1_0.quantidade_comprada,ft1_0.ref_fornecedor,ft1_0.ref_texcotton,ft1_0.referencia,ft1_0.rendimento,ft1_0.status_amostra_cor,ft1_0.status_amostra_producao,ft1_0.status_colecao,ft1_0.status_pedido,ft1_0.tipo,ft1_0.tipo_solicitacao,ft1_0.unidade_medida from ficha_tecnica ft1_0 where (? is null or lower(ft1_0.colecao) like lower(('%'||?||'%')) escape '') and (? is null or ft1_0.tipo=?) and (? is null or ft1_0.status_pedido=?) and (? is null or ft1_0.data_colocacao_pedido>=?) and (? is null or ft1_0.data_colocacao_pedido<=?) and (? is null or lower(ft1_0.duimp_di) like lower(('%'||?||'%')) escape '') and (? is null or lower(ft1_0.contrato_cambio_adiant) like lower(('%'||?||'%')) escape '' or lower(ft1_0.contrato_cambio_pgto_final) like lower(('%'||?||'%')) escape '') and (? is null or lower(ft1_0.ref_texcotton) like lower(('%'||?||'%')) escape '' or lower(ft1_0.codigo) like lower(('%'||?||'%')) escape '' or lower(ft1_0.ref_fornecedor) like lower(('%'||?||'%')) escape '') and (? is null or lower(ft1_0.numero_pedido) like lower(('%'||?||'%')) escape '') and (? is null or lower(ft1_0.fornecedor) like lower(('%'||?||'%')) escape '') order by ft1_0.id desc
Hibernate: select c1_0.id,c1_0.nome from colecao c1_0
Hibernate: select f1_0.id,f1_0.nome from fornecedor f1_0
Hibernate: select ft1_0.colecao,count(ft1_0.id) from ficha_tecnica ft1_0 where ft1_0.colecao is not null and ft1_0.colecao<>'' group by ft1_0.colecao order by ft1_0.colecao
Hibernate: select i1_0.id,i1_0.nome from insumo i1_0
Hibernate: select ft1_0.id,ft1_0.categoria_produto,ft1_0.codigo,ft1_0.codigo_siscomex,ft1_0.colecao,ft1_0.composicao,ft1_0.contrato_cambio_adiant,ft1_0.contrato_cambio_pgto_final,ft1_0.cor,ft1_0.data_amostra_cor,ft1_0.data_amostra_producao,ft1_0.data_aprovacao_amostra_cor,ft1_0.data_aprovacao_amostra_producao,ft1_0.data_chegada_destino,ft1_0.data_colocacao_pedido,ft1_0.data_saida_origem,ft1_0.descricao,ft1_0.descricao_produto,ft1_0.duimp_di,ft1_0.estagio,ft1_0.fornecedor,ft1_0.foto_path,ft1_0.gramatura,ft1_0.largura,ft1_0.marca,ft1_0.marca_que_comprou,ft1_0.marca_que_utiliza,ft1_0.minimo,ft1_0.minimo_compra,ft1_0.ncm,ft1_0.nome_navio,ft1_0.numero_pedido,ft1_0.observacao_amostra_cor,ft1_0.observacao_amostra_producao,ft1_0.preco_reais,ft1_0.preco_usd,ft1_0.qti_pct,ft1_0.quantidade_comprada,ft1_0.ref_fornecedor,ft1_0.ref_texcotton,ft1_0.referencia,ft1_0.rendimento,ft1_0.status_amostra_cor,ft1_0.status_amostra_producao,ft1_0.status_colecao,ft1_0.status_pedido,ft1_0.tipo,ft1_0.tipo_solicitacao,ft1_0.unidade_medida from ficha_tecnica ft1_0 where ft1_0.id=?
Hibernate: select m1_0.id,m1_0.nome from marca m1_0
Hibernate: select c1_0.id,c1_0.nome from colecao c1_0
Hibernate: select f1_0.id,f1_0.nome from fornecedor f1_0
Hibernate: select c1_0.id,c1_0.nome from categoria c1_0
Hibernate: select i1_0.id,i1_0.nome from insumo i1_0
Hibernate: select ft1_0.id,ft1_0.categoria_produto,ft1_0.codigo,ft1_0.codigo_siscomex,ft1_0.colecao,ft1_0.composicao,ft1_0.contrato_cambio_adiant,ft1_0.contrato_cambio_pgto_final,ft1_0.cor,ft1_0.data_amostra_cor,ft1_0.data_amostra_producao,ft1_0.data_aprovacao_amostra_cor,ft1_0.data_aprovacao_amostra_producao,ft1_0.data_chegada_destino,ft1_0.data_colocacao_pedido,ft1_0.data_saida_origem,ft1_0.descricao,ft1_0.descricao_produto,ft1_0.duimp_di,ft1_0.estagio,ft1_0.fornecedor,ft1_0.foto_path,ft1_0.gramatura,ft1_0.largura,ft1_0.marca,ft1_0.marca_que_comprou,ft1_0.marca_que_utiliza,ft1_0.minimo,ft1_0.minimo_compra,ft1_0.ncm,ft1_0.nome_navio,ft1_0.numero_pedido,ft1_0.observacao_amostra_cor,ft1_0.observacao_amostra_producao,ft1_0.preco_reais,ft1_0.preco_usd,ft1_0.qti_pct,ft1_0.quantidade_comprada,ft1_0.ref_fornecedor,ft1_0.ref_texcotton,ft1_0.referencia,ft1_0.rendimento,ft1_0.status_amostra_cor,ft1_0.status_amostra_producao,ft1_0.status_colecao,ft1_0.status_pedido,ft1_0.tipo,ft1_0.tipo_solicitacao,ft1_0.unidade_medida from ficha_tecnica ft1_0 where ft1_0.id=?
Hibernate: update ficha_tecnica set categoria_produto=?,codigo=?,codigo_siscomex=?,colecao=?,composicao=?,contrato_cambio_adiant=?,contrato_cambio_pgto_final=?,cor=?,data_amostra_cor=?,data_amostra_producao=?,data_aprovacao_amostra_cor=?,data_aprovacao_amostra_producao=?,data_chegada_destino=?,data_colocacao_pedido=?,data_saida_origem=?,descricao=?,descricao_produto=?,duimp_di=?,estagio=?,fornecedor=?,foto_path=?,gramatura=?,largura=?,marca=?,marca_que_comprou=?,marca_que_utiliza=?,minimo=?,minimo_compra=?,ncm=?,nome_navio=?,numero_pedido=?,observacao_amostra_cor=?,observacao_amostra_producao=?,preco_reais=?,preco_usd=?,qti_pct=?,quantidade_comprada=?,ref_fornecedor=?,ref_texcotton=?,referencia=?,rendimento=?,status_amostra_cor=?,status_amostra_producao=?,status_colecao=?,status_pedido=?,tipo=?,tipo_solicitacao=?,unidade_medida=? where id=?
Hibernate: select i1_0.id,i1_0.nome from insumo i1_0
Hibernate: select ft1_0.id,ft1_0.categoria_produto,ft1_0.codigo,ft1_0.codigo_siscomex,ft1_0.colecao,ft1_0.composicao,ft1_0.contrato_cambio_adiant,ft1_0.contrato_cambio_pgto_final,ft1_0.cor,ft1_0.data_amostra_cor,ft1_0.data_amostra_producao,ft1_0.data_aprovacao_amostra_cor,ft1_0.data_aprovacao_amostra_producao,ft1_0.data_chegada_destino,ft1_0.data_colocacao_pedido,ft1_0.data_saida_origem,ft1_0.descricao,ft1_0.descricao_produto,ft1_0.duimp_di,ft1_0.estagio,ft1_0.fornecedor,ft1_0.foto_path,ft1_0.gramatura,ft1_0.largura,ft1_0.marca,ft1_0.marca_que_comprou,ft1_0.marca_que_utiliza,ft1_0.minimo,ft1_0.minimo_compra,ft1_0.ncm,ft1_0.nome_navio,ft1_0.numero_pedido,ft1_0.observacao_amostra_cor,ft1_0.observacao_amostra_producao,ft1_0.preco_reais,ft1_0.preco_usd,ft1_0.qti_pct,ft1_0.quantidade_comprada,ft1_0.ref_fornecedor,ft1_0.ref_texcotton,ft1_0.referencia,ft1_0.rendimento,ft1_0.status_amostra_cor,ft1_0.status_amostra_producao,ft1_0.status_colecao,ft1_0.status_pedido,ft1_0.tipo,ft1_0.tipo_solicitacao,ft1_0.unidade_medida from ficha_tecnica ft1_0 where (? is null or lower(ft1_0.colecao) like lower(('%'||?||'%')) escape '') and (? is null or ft1_0.tipo=?) and (? is null or ft1_0.status_pedido=?) and (? is null or ft1_0.data_colocacao_pedido>=?) and (? is null or ft1_0.data_colocacao_pedido<=?) and (? is null or lower(ft1_0.duimp_di) like lower(('%'||?||'%')) escape '') and (? is null or lower(ft1_0.contrato_cambio_adiant) like lower(('%'||?||'%')) escape '' or lower(ft1_0.contrato_cambio_pgto_final) like lower(('%'||?||'%')) escape '') and (? is null or lower(ft1_0.ref_texcotton) like lower(('%'||?||'%')) escape '' or lower(ft1_0.codigo) like lower(('%'||?||'%')) escape '' or lower(ft1_0.ref_fornecedor) like lower(('%'||?||'%')) escape '') and (? is null or lower(ft1_0.numero_pedido) like lower(('%'||?||'%')) escape '') and (? is null or lower(ft1_0.fornecedor) like lower(('%'||?||'%')) escape '') order by ft1_0.id desc
Hibernate: select c1_0.id,c1_0.nome from colecao c1_0
Hibernate: select f1_0.id,f1_0.nome from fornecedor f1_0
Hibernate: select ft1_0.colecao,count(ft1_0.id) from ficha_tecnica ft1_0 where ft1_0.colecao is not null and ft1_0.colecao<>'' group by ft1_0.colecao order by ft1_0.colecao
Hibernate: select i1_0.id,i1_0.nome from insumo i1_0
Hibernate: select ft1_0.id,ft1_0.categoria_produto,ft1_0.codigo,ft1_0.codigo_siscomex,ft1_0.colecao,ft1_0.composicao,ft1_0.contrato_cambio_adiant,ft1_0.contrato_cambio_pgto_final,ft1_0.cor,ft1_0.data_amostra_cor,ft1_0.data_amostra_producao,ft1_0.data_aprovacao_amostra_cor,ft1_0.data_aprovacao_amostra_producao,ft1_0.data_chegada_destino,ft1_0.data_colocacao_pedido,ft1_0.data_saida_origem,ft1_0.descricao,ft1_0.descricao_produto,ft1_0.duimp_di,ft1_0.estagio,ft1_0.fornecedor,ft1_0.foto_path,ft1_0.gramatura,ft1_0.largura,ft1_0.marca,ft1_0.marca_que_comprou,ft1_0.marca_que_utiliza,ft1_0.minimo,ft1_0.minimo_compra,ft1_0.ncm,ft1_0.nome_navio,ft1_0.numero_pedido,ft1_0.observacao_amostra_cor,ft1_0.observacao_amostra_producao,ft1_0.preco_reais,ft1_0.preco_usd,ft1_0.qti_pct,ft1_0.quantidade_comprada,ft1_0.ref_fornecedor,ft1_0.ref_texcotton,ft1_0.referencia,ft1_0.rendimento,ft1_0.status_amostra_cor,ft1_0.status_amostra_producao,ft1_0.status_colecao,ft1_0.status_pedido,ft1_0.tipo,ft1_0.tipo_solicitacao,ft1_0.unidade_medida from ficha_tecnica ft1_0 where ft1_0.id=?
Hibernate: select m1_0.id,m1_0.nome from marca m1_0
Hibernate: select c1_0.id,c1_0.nome from colecao c1_0
Hibernate: select f1_0.id,f1_0.nome from fornecedor f1_0
Hibernate: select c1_0.id,c1_0.nome from categoria c1_0
Hibernate: select i1_0.id,i1_0.nome from insumo i1_0
Hibernate: select ft1_0.id,ft1_0.categoria_produto,ft1_0.codigo,ft1_0.codigo_siscomex,ft1_0.colecao,ft1_0.composicao,ft1_0.contrato_cambio_adiant,ft1_0.contrato_cambio_pgto_final,ft1_0.cor,ft1_0.data_amostra_cor,ft1_0.data_amostra_producao,ft1_0.data_aprovacao_amostra_cor,ft1_0.data_aprovacao_amostra_producao,ft1_0.data_chegada_destino,ft1_0.data_colocacao_pedido,ft1_0.data_saida_origem,ft1_0.descricao,ft1_0.descricao_produto,ft1_0.duimp_di,ft1_0.estagio,ft1_0.fornecedor,ft1_0.foto_path,ft1_0.gramatura,ft1_0.largura,ft1_0.marca,ft1_0.marca_que_comprou,ft1_0.marca_que_utiliza,ft1_0.minimo,ft1_0.minimo_compra,ft1_0.ncm,ft1_0.nome_navio,ft1_0.numero_pedido,ft1_0.observacao_amostra_cor,ft1_0.observacao_amostra_producao,ft1_0.preco_reais,ft1_0.preco_usd,ft1_0.qti_pct,ft1_0.quantidade_comprada,ft1_0.ref_fornecedor,ft1_0.ref_texcotton,ft1_0.referencia,ft1_0.rendimento,ft1_0.status_amostra_cor,ft1_0.status_amostra_producao,ft1_0.status_colecao,ft1_0.status_pedido,ft1_0.tipo,ft1_0.tipo_solicitacao,ft1_0.unidade_medida from ficha_tecnica ft1_0 where ft1_0.id=?
Hibernate: update ficha_tecnica set categoria_produto=?,codigo=?,codigo_siscomex=?,colecao=?,composicao=?,contrato_cambio_adiant=?,contrato_cambio_pgto_final=?,cor=?,data_amostra_cor=?,data_amostra_producao=?,data_aprovacao_amostra_cor=?,data_aprovacao_amostra_producao=?,data_chegada_destino=?,data_colocacao_pedido=?,data_saida_origem=?,descricao=?,descricao_produto=?,duimp_di=?,estagio=?,fornecedor=?,foto_path=?,gramatura=?,largura=?,marca=?,marca_que_comprou=?,marca_que_utiliza=?,minimo=?,minimo_compra=?,ncm=?,nome_navio=?,numero_pedido=?,observacao_amostra_cor=?,observacao_amostra_producao=?,preco_reais=?,preco_usd=?,qti_pct=?,quantidade_comprada=?,ref_fornecedor=?,ref_texcotton=?,referencia=?,rendimento=?,status_amostra_cor=?,status_amostra_producao=?,status_colecao=?,status_pedido=?,tipo=?,tipo_solicitacao=?,unidade_medida=? where id=?
Hibernate: select i1_0.id,i1_0.nome from insumo i1_0
Hibernate: select ft1_0.id,ft1_0.categoria_produto,ft1_0.codigo,ft1_0.codigo_siscomex,ft1_0.colecao,ft1_0.composicao,ft1_0.contrato_cambio_adiant,ft1_0.contrato_cambio_pgto_final,ft1_0.cor,ft1_0.data_amostra_cor,ft1_0.data_amostra_producao,ft1_0.data_aprovacao_amostra_cor,ft1_0.data_aprovacao_amostra_producao,ft1_0.data_chegada_destino,ft1_0.data_colocacao_pedido,ft1_0.data_saida_origem,ft1_0.descricao,ft1_0.descricao_produto,ft1_0.duimp_di,ft1_0.estagio,ft1_0.fornecedor,ft1_0.foto_path,ft1_0.gramatura,ft1_0.largura,ft1_0.marca,ft1_0.marca_que_comprou,ft1_0.marca_que_utiliza,ft1_0.minimo,ft1_0.minimo_compra,ft1_0.ncm,ft1_0.nome_navio,ft1_0.numero_pedido,ft1_0.observacao_amostra_cor,ft1_0.observacao_amostra_producao,ft1_0.preco_reais,ft1_0.preco_usd,ft1_0.qti_pct,ft1_0.quantidade_comprada,ft1_0.ref_fornecedor,ft1_0.ref_texcotton,ft1_0.referencia,ft1_0.rendimento,ft1_0.status_amostra_cor,ft1_0.status_amostra_producao,ft1_0.status_colecao,ft1_0.status_pedido,ft1_0.tipo,ft1_0.tipo_solicitacao,ft1_0.unidade_medida from ficha_tecnica ft1_0 where (? is null or lower(ft1_0.colecao) like lower(('%'||?||'%')) escape '') and (? is null or ft1_0.tipo=?) and (? is null or ft1_0.status_pedido=?) and (? is null or ft1_0.data_colocacao_pedido>=?) and (? is null or ft1_0.data_colocacao_pedido<=?) and (? is null or lower(ft1_0.duimp_di) like lower(('%'||?||'%')) escape '') and (? is null or lower(ft1_0.contrato_cambio_adiant) like lower(('%'||?||'%')) escape '' or lower(ft1_0.contrato_cambio_pgto_final) like lower(('%'||?||'%')) escape '') and (? is null or lower(ft1_0.ref_texcotton) like lower(('%'||?||'%')) escape '' or lower(ft1_0.codigo) like lower(('%'||?||'%')) escape '' or lower(ft1_0.ref_fornecedor) like lower(('%'||?||'%')) escape '') and (? is null or lower(ft1_0.numero_pedido) like lower(('%'||?||'%')) escape '') and (? is null or lower(ft1_0.fornecedor) like lower(('%'||?||'%')) escape '') order by ft1_0.id desc
Hibernate: select c1_0.id,c1_0.nome from colecao c1_0
Hibernate: select f1_0.id,f1_0.nome from fornecedor f1_0
Hibernate: select ft1_0.colecao,count(ft1_0.id) from ficha_tecnica ft1_0 where ft1_0.colecao is not null and ft1_0.colecao<>'' group by ft1_0.colecao order by ft1_0.colecao
Hibernate: select i1_0.id,i1_0.nome from insumo i1_0
Hibernate: select ft1_0.id,ft1_0.categoria_produto,ft1_0.codigo,ft1_0.codigo_siscomex,ft1_0.colecao,ft1_0.composicao,ft1_0.contrato_cambio_adiant,ft1_0.contrato_cambio_pgto_final,ft1_0.cor,ft1_0.data_amostra_cor,ft1_0.data_amostra_producao,ft1_0.data_aprovacao_amostra_cor,ft1_0.data_aprovacao_amostra_producao,ft1_0.data_chegada_destino,ft1_0.data_colocacao_pedido,ft1_0.data_saida_origem,ft1_0.descricao,ft1_0.descricao_produto,ft1_0.duimp_di,ft1_0.estagio,ft1_0.fornecedor,ft1_0.foto_path,ft1_0.gramatura,ft1_0.largura,ft1_0.marca,ft1_0.marca_que_comprou,ft1_0.marca_que_utiliza,ft1_0.minimo,ft1_0.minimo_compra,ft1_0.ncm,ft1_0.nome_navio,ft1_0.numero_pedido,ft1_0.observacao_amostra_cor,ft1_0.observacao_amostra_producao,ft1_0.preco_reais,ft1_0.preco_usd,ft1_0.qti_pct,ft1_0.quantidade_comprada,ft1_0.ref_fornecedor,ft1_0.ref_texcotton,ft1_0.referencia,ft1_0.rendimento,ft1_0.status_amostra_cor,ft1_0.status_amostra_producao,ft1_0.status_colecao,ft1_0.status_pedido,ft1_0.tipo,ft1_0.tipo_solicitacao,ft1_0.unidade_medida from ficha_tecnica ft1_0 where ft1_0.id=?
Hibernate: select m1_0.id,m1_0.nome from marca m1_0
Hibernate: select c1_0.id,c1_0.nome from colecao c1_0
Hibernate: select f1_0.id,f1_0.nome from fornecedor f1_0
Hibernate: select c1_0.id,c1_0.nome from categoria c1_0
Hibernate: select i1_0.id,i1_0.nome from insumo i1_0
Hibernate: select ft1_0.id,ft1_0.categoria_produto,ft1_0.codigo,ft1_0.codigo_siscomex,ft1_0.colecao,ft1_0.composicao,ft1_0.contrato_cambio_adiant,ft1_0.contrato_cambio_pgto_final,ft1_0.cor,ft1_0.data_amostra_cor,ft1_0.data_amostra_producao,ft1_0.data_aprovacao_amostra_cor,ft1_0.data_aprovacao_amostra_producao,ft1_0.data_chegada_destino,ft1_0.data_colocacao_pedido,ft1_0.data_saida_origem,ft1_0.descricao,ft1_0.descricao_produto,ft1_0.duimp_di,ft1_0.estagio,ft1_0.fornecedor,ft1_0.foto_path,ft1_0.gramatura,ft1_0.largura,ft1_0.marca,ft1_0.marca_que_comprou,ft1_0.marca_que_utiliza,ft1_0.minimo,ft1_0.minimo_compra,ft1_0.ncm,ft1_0.nome_navio,ft1_0.numero_pedido,ft1_0.observacao_amostra_cor,ft1_0.observacao_amostra_producao,ft1_0.preco_reais,ft1_0.preco_usd,ft1_0.qti_pct,ft1_0.quantidade_comprada,ft1_0.ref_fornecedor,ft1_0.ref_texcotton,ft1_0.referencia,ft1_0.rendimento,ft1_0.status_amostra_cor,ft1_0.status_amostra_producao,ft1_0.status_colecao,ft1_0.status_pedido,ft1_0.tipo,ft1_0.tipo_solicitacao,ft1_0.unidade_medida from ficha_tecnica ft1_0 where ft1_0.id=?
Hibernate: update ficha_tecnica set categoria_produto=?,codigo=?,codigo_siscomex=?,colecao=?,composicao=?,contrato_cambio_adiant=?,contrato_cambio_pgto_final=?,cor=?,data_amostra_cor=?,data_amostra_producao=?,data_aprovacao_amostra_cor=?,data_aprovacao_amostra_producao=?,data_chegada_destino=?,data_colocacao_pedido=?,data_saida_origem=?,descricao=?,descricao_produto=?,duimp_di=?,estagio=?,fornecedor=?,foto_path=?,gramatura=?,largura=?,marca=?,marca_que_comprou=?,marca_que_utiliza=?,minimo=?,minimo_compra=?,ncm=?,nome_navio=?,numero_pedido=?,observacao_amostra_cor=?,observacao_amostra_producao=?,preco_reais=?,preco_usd=?,qti_pct=?,quantidade_comprada=?,ref_fornecedor=?,ref_texcotton=?,referencia=?,rendimento=?,status_amostra_cor=?,status_amostra_producao=?,status_colecao=?,status_pedido=?,tipo=?,tipo_solicitacao=?,unidade_medida=? where id=?
Hibernate: select i1_0.id,i1_0.nome from insumo i1_0
Hibernate: select ft1_0.id,ft1_0.categoria_produto,ft1_0.codigo,ft1_0.codigo_siscomex,ft1_0.colecao,ft1_0.composicao,ft1_0.contrato_cambio_adiant,ft1_0.contrato_cambio_pgto_final,ft1_0.cor,ft1_0.data_amostra_cor,ft1_0.data_amostra_producao,ft1_0.data_aprovacao_amostra_cor,ft1_0.data_aprovacao_amostra_producao,ft1_0.data_chegada_destino,ft1_0.data_colocacao_pedido,ft1_0.data_saida_origem,ft1_0.descricao,ft1_0.descricao_produto,ft1_0.duimp_di,ft1_0.estagio,ft1_0.fornecedor,ft1_0.foto_path,ft1_0.gramatura,ft1_0.largura,ft1_0.marca,ft1_0.marca_que_comprou,ft1_0.marca_que_utiliza,ft1_0.minimo,ft1_0.minimo_compra,ft1_0.ncm,ft1_0.nome_navio,ft1_0.numero_pedido,ft1_0.observacao_amostra_cor,ft1_0.observacao_amostra_producao,ft1_0.preco_reais,ft1_0.preco_usd,ft1_0.qti_pct,ft1_0.quantidade_comprada,ft1_0.ref_fornecedor,ft1_0.ref_texcotton,ft1_0.referencia,ft1_0.rendimento,ft1_0.status_amostra_cor,ft1_0.status_amostra_producao,ft1_0.status_colecao,ft1_0.status_pedido,ft1_0.tipo,ft1_0.tipo_solicitacao,ft1_0.unidade_medida from ficha_tecnica ft1_0 where (? is null or lower(ft1_0.colecao) like lower(('%'||?||'%')) escape '') and (? is null or ft1_0.tipo=?) and (? is null or ft1_0.status_pedido=?) and (? is null or ft1_0.data_colocacao_pedido>=?) and (? is null or ft1_0.data_colocacao_pedido<=?) and (? is null or lower(ft1_0.duimp_di) like lower(('%'||?||'%')) escape '') and (? is null or lower(ft1_0.contrato_cambio_adiant) like lower(('%'||?||'%')) escape '' or lower(ft1_0.contrato_cambio_pgto_final) like lower(('%'||?||'%')) escape '') and (? is null or lower(ft1_0.ref_texcotton) like lower(('%'||?||'%')) escape '' or lower(ft1_0.codigo) like lower(('%'||?||'%')) escape '' or lower(ft1_0.ref_fornecedor) like lower(('%'||?||'%')) escape '') and (? is null or lower(ft1_0.numero_pedido) like lower(('%'||?||'%')) escape '') and (? is null or lower(ft1_0.fornecedor) like lower(('%'||?||'%')) escape '') order by ft1_0.id desc
Hibernate: select c1_0.id,c1_0.nome from colecao c1_0
Hibernate: select f1_0.id,f1_0.nome from fornecedor f1_0
Hibernate: select ft1_0.colecao,count(ft1_0.id) from ficha_tecnica ft1_0 where ft1_0.colecao is not null and ft1_0.colecao<>'' group by ft1_0.colecao order by ft1_0.colecao
Hibernate: select i1_0.id,i1_0.nome from insumo i1_0
Hibernate: select ft1_0.id,ft1_0.categoria_produto,ft1_0.codigo,ft1_0.codigo_siscomex,ft1_0.colecao,ft1_0.composicao,ft1_0.contrato_cambio_adiant,ft1_0.contrato_cambio_pgto_final,ft1_0.cor,ft1_0.data_amostra_cor,ft1_0.data_amostra_producao,ft1_0.data_aprovacao_amostra_cor,ft1_0.data_aprovacao_amostra_producao,ft1_0.data_chegada_destino,ft1_0.data_colocacao_pedido,ft1_0.data_saida_origem,ft1_0.descricao,ft1_0.descricao_produto,ft1_0.duimp_di,ft1_0.estagio,ft1_0.fornecedor,ft1_0.foto_path,ft1_0.gramatura,ft1_0.largura,ft1_0.marca,ft1_0.marca_que_comprou,ft1_0.marca_que_utiliza,ft1_0.minimo,ft1_0.minimo_compra,ft1_0.ncm,ft1_0.nome_navio,ft1_0.numero_pedido,ft1_0.observacao_amostra_cor,ft1_0.observacao_amostra_producao,ft1_0.preco_reais,ft1_0.preco_usd,ft1_0.qti_pct,ft1_0.quantidade_comprada,ft1_0.ref_fornecedor,ft1_0.ref_texcotton,ft1_0.referencia,ft1_0.rendimento,ft1_0.status_amostra_cor,ft1_0.status_amostra_producao,ft1_0.status_colecao,ft1_0.status_pedido,ft1_0.tipo,ft1_0.tipo_solicitacao,ft1_0.unidade_medida from ficha_tecnica ft1_0 where ft1_0.id=?
Hibernate: select m1_0.id,m1_0.nome from marca m1_0
Hibernate: select c1_0.id,c1_0.nome from colecao c1_0
Hibernate: select f1_0.id,f1_0.nome from fornecedor f1_0
Hibernate: select c1_0.id,c1_0.nome from categoria c1_0
Hibernate: select i1_0.id,i1_0.nome from insumo i1_0
Hibernate: select ft1_0.id,ft1_0.categoria_produto,ft1_0.codigo,ft1_0.codigo_siscomex,ft1_0.colecao,ft1_0.composicao,ft1_0.contrato_cambio_adiant,ft1_0.contrato_cambio_pgto_final,ft1_0.cor,ft1_0.data_amostra_cor,ft1_0.data_amostra_producao,ft1_0.data_aprovacao_amostra_cor,ft1_0.data_aprovacao_amostra_producao,ft1_0.data_chegada_destino,ft1_0.data_colocacao_pedido,ft1_0.data_saida_origem,ft1_0.descricao,ft1_0.descricao_produto,ft1_0.duimp_di,ft1_0.estagio,ft1_0.fornecedor,ft1_0.foto_path,ft1_0.gramatura,ft1_0.largura,ft1_0.marca,ft1_0.marca_que_comprou,ft1_0.marca_que_utiliza,ft1_0.minimo,ft1_0.minimo_compra,ft1_0.ncm,ft1_0.nome_navio,ft1_0.numero_pedido,ft1_0.observacao_amostra_cor,ft1_0.observacao_amostra_producao,ft1_0.preco_reais,ft1_0.preco_usd,ft1_0.qti_pct,ft1_0.quantidade_comprada,ft1_0.ref_fornecedor,ft1_0.ref_texcotton,ft1_0.referencia,ft1_0.rendimento,ft1_0.status_amostra_cor,ft1_0.status_amostra_producao,ft1_0.status_colecao,ft1_0.status_pedido,ft1_0.tipo,ft1_0.tipo_solicitacao,ft1_0.unidade_medida from ficha_tecnica ft1_0 where ft1_0.id=?
Hibernate: update ficha_tecnica set categoria_produto=?,codigo=?,codigo_siscomex=?,colecao=?,composicao=?,contrato_cambio_adiant=?,contrato_cambio_pgto_final=?,cor=?,data_amostra_cor=?,data_amostra_producao=?,data_aprovacao_amostra_cor=?,data_aprovacao_amostra_producao=?,data_chegada_destino=?,data_colocacao_pedido=?,data_saida_origem=?,descricao=?,descricao_produto=?,duimp_di=?,estagio=?,fornecedor=?,foto_path=?,gramatura=?,largura=?,marca=?,marca_que_comprou=?,marca_que_utiliza=?,minimo=?,minimo_compra=?,ncm=?,nome_navio=?,numero_pedido=?,observacao_amostra_cor=?,observacao_amostra_producao=?,preco_reais=?,preco_usd=?,qti_pct=?,quantidade_comprada=?,ref_fornecedor=?,ref_texcotton=?,referencia=?,rendimento=?,status_amostra_cor=?,status_amostra_producao=?,status_colecao=?,status_pedido=?,tipo=?,tipo_solicitacao=?,unidade_medida=? where id=?
Hibernate: select i1_0.id,i1_0.nome from insumo i1_0
Hibernate: select ft1_0.id,ft1_0.categoria_produto,ft1_0.codigo,ft1_0.codigo_siscomex,ft1_0.colecao,ft1_0.composicao,ft1_0.contrato_cambio_adiant,ft1_0.contrato_cambio_pgto_final,ft1_0.cor,ft1_0.data_amostra_cor,ft1_0.data_amostra_producao,ft1_0.data_aprovacao_amostra_cor,ft1_0.data_aprovacao_amostra_producao,ft1_0.data_chegada_destino,ft1_0.data_colocacao_pedido,ft1_0.data_saida_origem,ft1_0.descricao,ft1_0.descricao_produto,ft1_0.duimp_di,ft1_0.estagio,ft1_0.fornecedor,ft1_0.foto_path,ft1_0.gramatura,ft1_0.largura,ft1_0.marca,ft1_0.marca_que_comprou,ft1_0.marca_que_utiliza,ft1_0.minimo,ft1_0.minimo_compra,ft1_0.ncm,ft1_0.nome_navio,ft1_0.numero_pedido,ft1_0.observacao_amostra_cor,ft1_0.observacao_amostra_producao,ft1_0.preco_reais,ft1_0.preco_usd,ft1_0.qti_pct,ft1_0.quantidade_comprada,ft1_0.ref_fornecedor,ft1_0.ref_texcotton,ft1_0.referencia,ft1_0.rendimento,ft1_0.status_amostra_cor,ft1_0.status_amostra_producao,ft1_0.status_colecao,ft1_0.status_pedido,ft1_0.tipo,ft1_0.tipo_solicitacao,ft1_0.unidade_medida from ficha_tecnica ft1_0 where (? is null or lower(ft1_0.colecao) like lower(('%'||?||'%')) escape '') and (? is null or ft1_0.tipo=?) and (? is null or ft1_0.status_pedido=?) and (? is null or ft1_0.data_colocacao_pedido>=?) and (? is null or ft1_0.data_colocacao_pedido<=?) and (? is null or lower(ft1_0.duimp_di) like lower(('%'||?||'%')) escape '') and (? is null or lower(ft1_0.contrato_cambio_adiant) like lower(('%'||?||'%')) escape '' or lower(ft1_0.contrato_cambio_pgto_final) like lower(('%'||?||'%')) escape '') and (? is null or lower(ft1_0.ref_texcotton) like lower(('%'||?||'%')) escape '' or lower(ft1_0.codigo) like lower(('%'||?||'%')) escape '' or lower(ft1_0.ref_fornecedor) like lower(('%'||?||'%')) escape '') and (? is null or lower(ft1_0.numero_pedido) like lower(('%'||?||'%')) escape '') and (? is null or lower(ft1_0.fornecedor) like lower(('%'||?||'%')) escape '') order by ft1_0.id desc
Hibernate: select c1_0.id,c1_0.nome from colecao c1_0
Hibernate: select f1_0.id,f1_0.nome from fornecedor f1_0
Hibernate: select ft1_0.colecao,count(ft1_0.id) from ficha_tecnica ft1_0 where ft1_0.colecao is not null and ft1_0.colecao<>'' group by ft1_0.colecao order by ft1_0.colecao
Hibernate: select i1_0.id,i1_0.nome from insumo i1_0
Hibernate: select ft1_0.id,ft1_0.categoria_produto,ft1_0.codigo,ft1_0.codigo_siscomex,ft1_0.colecao,ft1_0.composicao,ft1_0.contrato_cambio_adiant,ft1_0.contrato_cambio_pgto_final,ft1_0.cor,ft1_0.data_amostra_cor,ft1_0.data_amostra_producao,ft1_0.data_aprovacao_amostra_cor,ft1_0.data_aprovacao_amostra_producao,ft1_0.data_chegada_destino,ft1_0.data_colocacao_pedido,ft1_0.data_saida_origem,ft1_0.descricao,ft1_0.descricao_produto,ft1_0.duimp_di,ft1_0.estagio,ft1_0.fornecedor,ft1_0.foto_path,ft1_0.gramatura,ft1_0.largura,ft1_0.marca,ft1_0.marca_que_comprou,ft1_0.marca_que_utiliza,ft1_0.minimo,ft1_0.minimo_compra,ft1_0.ncm,ft1_0.nome_navio,ft1_0.numero_pedido,ft1_0.observacao_amostra_cor,ft1_0.observacao_amostra_producao,ft1_0.preco_reais,ft1_0.preco_usd,ft1_0.qti_pct,ft1_0.quantidade_comprada,ft1_0.ref_fornecedor,ft1_0.ref_texcotton,ft1_0.referencia,ft1_0.rendimento,ft1_0.status_amostra_cor,ft1_0.status_amostra_producao,ft1_0.status_colecao,ft1_0.status_pedido,ft1_0.tipo,ft1_0.tipo_solicitacao,ft1_0.unidade_medida from ficha_tecnica ft1_0 where ft1_0.id=?
Hibernate: select m1_0.id,m1_0.nome from marca m1_0
Hibernate: select c1_0.id,c1_0.nome from colecao c1_0
Hibernate: select f1_0.id,f1_0.nome from fornecedor f1_0
Hibernate: select c1_0.id,c1_0.nome from categoria c1_0
Hibernate: select i1_0.id,i1_0.nome from insumo i1_0
Hibernate: select ft1_0.id,ft1_0.categoria_produto,ft1_0.codigo,ft1_0.codigo_siscomex,ft1_0.colecao,ft1_0.composicao,ft1_0.contrato_cambio_adiant,ft1_0.contrato_cambio_pgto_final,ft1_0.cor,ft1_0.data_amostra_cor,ft1_0.data_amostra_producao,ft1_0.data_aprovacao_amostra_cor,ft1_0.data_aprovacao_amostra_producao,ft1_0.data_chegada_destino,ft1_0.data_colocacao_pedido,ft1_0.data_saida_origem,ft1_0.descricao,ft1_0.descricao_produto,ft1_0.duimp_di,ft1_0.estagio,ft1_0.fornecedor,ft1_0.foto_path,ft1_0.gramatura,ft1_0.largura,ft1_0.marca,ft1_0.marca_que_comprou,ft1_0.marca_que_utiliza,ft1_0.minimo,ft1_0.minimo_compra,ft1_0.ncm,ft1_0.nome_navio,ft1_0.numero_pedido,ft1_0.observacao_amostra_cor,ft1_0.observacao_amostra_producao,ft1_0.preco_reais,ft1_0.preco_usd,ft1_0.qti_pct,ft1_0.quantidade_comprada,ft1_0.ref_fornecedor,ft1_0.ref_texcotton,ft1_0.referencia,ft1_0.rendimento,ft1_0.status_amostra_cor,ft1_0.status_amostra_producao,ft1_0.status_colecao,ft1_0.status_pedido,ft1_0.tipo,ft1_0.tipo_solicitacao,ft1_0.unidade_medida from ficha_tecnica ft1_0 where ft1_0.id=?
Hibernate: select i1_0.id,i1_0.nome from insumo i1_0
Hibernate: select ft1_0.id,ft1_0.categoria_produto,ft1_0.codigo,ft1_0.codigo_siscomex,ft1_0.colecao,ft1_0.composicao,ft1_0.contrato_cambio_adiant,ft1_0.contrato_cambio_pgto_final,ft1_0.cor,ft1_0.data_amostra_cor,ft1_0.data_amostra_producao,ft1_0.data_aprovacao_amostra_cor,ft1_0.data_aprovacao_amostra_producao,ft1_0.data_chegada_destino,ft1_0.data_colocacao_pedido,ft1_0.data_saida_origem,ft1_0.descricao,ft1_0.descricao_produto,ft1_0.duimp_di,ft1_0.estagio,ft1_0.fornecedor,ft1_0.foto_path,ft1_0.gramatura,ft1_0.largura,ft1_0.marca,ft1_0.marca_que_comprou,ft1_0.marca_que_utiliza,ft1_0.minimo,ft1_0.minimo_compra,ft1_0.ncm,ft1_0.nome_navio,ft1_0.numero_pedido,ft1_0.observacao_amostra_cor,ft1_0.observacao_amostra_producao,ft1_0.preco_reais,ft1_0.preco_usd,ft1_0.qti_pct,ft1_0.quantidade_comprada,ft1_0.ref_fornecedor,ft1_0.ref_texcotton,ft1_0.referencia,ft1_0.rendimento,ft1_0.status_amostra_cor,ft1_0.status_amostra_producao,ft1_0.status_colecao,ft1_0.status_pedido,ft1_0.tipo,ft1_0.tipo_solicitacao,ft1_0.unidade_medida from ficha_tecnica ft1_0 where (? is null or lower(ft1_0.colecao) like lower(('%'||?||'%')) escape '') and (? is null or ft1_0.tipo=?) and (? is null or ft1_0.status_pedido=?) and (? is null or ft1_0.data_colocacao_pedido>=?) and (? is null or ft1_0.data_colocacao_pedido<=?) and (? is null or lower(ft1_0.duimp_di) like lower(('%'||?||'%')) escape '') and (? is null or lower(ft1_0.contrato_cambio_adiant) like lower(('%'||?||'%')) escape '' or lower(ft1_0.contrato_cambio_pgto_final) like lower(('%'||?||'%')) escape '') and (? is null or lower(ft1_0.ref_texcotton) like lower(('%'||?||'%')) escape '' or lower(ft1_0.codigo) like lower(('%'||?||'%')) escape '' or lower(ft1_0.ref_fornecedor) like lower(('%'||?||'%')) escape '') and (? is null or lower(ft1_0.numero_pedido) like lower(('%'||?||'%')) escape '') and (? is null or lower(ft1_0.fornecedor) like lower(('%'||?||'%')) escape '') order by ft1_0.id desc
Hibernate: select c1_0.id,c1_0.nome from colecao c1_0
Hibernate: select f1_0.id,f1_0.nome from fornecedor f1_0
Hibernate: select ft1_0.colecao,count(ft1_0.id) from ficha_tecnica ft1_0 where ft1_0.colecao is not null and ft1_0.colecao<>'' group by ft1_0.colecao order by ft1_0.colecao
Hibernate: select i1_0.id,i1_0.nome from insumo i1_0
Hibernate: select ft1_0.id,ft1_0.categoria_produto,ft1_0.codigo,ft1_0.codigo_siscomex,ft1_0.colecao,ft1_0.composicao,ft1_0.contrato_cambio_adiant,ft1_0.contrato_cambio_pgto_final,ft1_0.cor,ft1_0.data_amostra_cor,ft1_0.data_amostra_producao,ft1_0.data_aprovacao_amostra_cor,ft1_0.data_aprovacao_amostra_producao,ft1_0.data_chegada_destino,ft1_0.data_colocacao_pedido,ft1_0.data_saida_origem,ft1_0.descricao,ft1_0.descricao_produto,ft1_0.duimp_di,ft1_0.estagio,ft1_0.fornecedor,ft1_0.foto_path,ft1_0.gramatura,ft1_0.largura,ft1_0.marca,ft1_0.marca_que_comprou,ft1_0.marca_que_utiliza,ft1_0.minimo,ft1_0.minimo_compra,ft1_0.ncm,ft1_0.nome_navio,ft1_0.numero_pedido,ft1_0.observacao_amostra_cor,ft1_0.observacao_amostra_producao,ft1_0.preco_reais,ft1_0.preco_usd,ft1_0.qti_pct,ft1_0.quantidade_comprada,ft1_0.ref_fornecedor,ft1_0.ref_texcotton,ft1_0.referencia,ft1_0.rendimento,ft1_0.status_amostra_cor,ft1_0.status_amostra_producao,ft1_0.status_colecao,ft1_0.status_pedido,ft1_0.tipo,ft1_0.tipo_solicitacao,ft1_0.unidade_medida from ficha_tecnica ft1_0 where ft1_0.id=?
Hibernate: select m1_0.id,m1_0.nome from marca m1_0
Hibernate: select c1_0.id,c1_0.nome from colecao c1_0
Hibernate: select f1_0.id,f1_0.nome from fornecedor f1_0
Hibernate: select c1_0.id,c1_0.nome from categoria c1_0
Hibernate: select i1_0.id,i1_0.nome from insumo i1_0
Hibernate: select ft1_0.id,ft1_0.categoria_produto,ft1_0.codigo,ft1_0.codigo_siscomex,ft1_0.colecao,ft1_0.composicao,ft1_0.contrato_cambio_adiant,ft1_0.contrato_cambio_pgto_final,ft1_0.cor,ft1_0.data_amostra_cor,ft1_0.data_amostra_producao,ft1_0.data_aprovacao_amostra_cor,ft1_0.data_aprovacao_amostra_producao,ft1_0.data_chegada_destino,ft1_0.data_colocacao_pedido,ft1_0.data_saida_origem,ft1_0.descricao,ft1_0.descricao_produto,ft1_0.duimp_di,ft1_0.estagio,ft1_0.fornecedor,ft1_0.foto_path,ft1_0.gramatura,ft1_0.largura,ft1_0.marca,ft1_0.marca_que_comprou,ft1_0.marca_que_utiliza,ft1_0.minimo,ft1_0.minimo_compra,ft1_0.ncm,ft1_0.nome_navio,ft1_0.numero_pedido,ft1_0.observacao_amostra_cor,ft1_0.observacao_amostra_producao,ft1_0.preco_reais,ft1_0.preco_usd,ft1_0.qti_pct,ft1_0.quantidade_comprada,ft1_0.ref_fornecedor,ft1_0.ref_texcotton,ft1_0.referencia,ft1_0.rendimento,ft1_0.status_amostra_cor,ft1_0.status_amostra_producao,ft1_0.status_colecao,ft1_0.status_pedido,ft1_0.tipo,ft1_0.tipo_solicitacao,ft1_0.unidade_medida from ficha_tecnica ft1_0 where ft1_0.id=?
Hibernate: select i1_0.id,i1_0.nome from insumo i1_0
Hibernate: select ft1_0.id,ft1_0.categoria_produto,ft1_0.codigo,ft1_0.codigo_siscomex,ft1_0.colecao,ft1_0.composicao,ft1_0.contrato_cambio_adiant,ft1_0.contrato_cambio_pgto_final,ft1_0.cor,ft1_0.data_amostra_cor,ft1_0.data_amostra_producao,ft1_0.data_aprovacao_amostra_cor,ft1_0.data_aprovacao_amostra_producao,ft1_0.data_chegada_destino,ft1_0.data_colocacao_pedido,ft1_0.data_saida_origem,ft1_0.descricao,ft1_0.descricao_produto,ft1_0.duimp_di,ft1_0.estagio,ft1_0.fornecedor,ft1_0.foto_path,ft1_0.gramatura,ft1_0.largura,ft1_0.marca,ft1_0.marca_que_comprou,ft1_0.marca_que_utiliza,ft1_0.minimo,ft1_0.minimo_compra,ft1_0.ncm,ft1_0.nome_navio,ft1_0.numero_pedido,ft1_0.observacao_amostra_cor,ft1_0.observacao_amostra_producao,ft1_0.preco_reais,ft1_0.preco_usd,ft1_0.qti_pct,ft1_0.quantidade_comprada,ft1_0.ref_fornecedor,ft1_0.ref_texcotton,ft1_0.referencia,ft1_0.rendimento,ft1_0.status_amostra_cor,ft1_0.status_amostra_producao,ft1_0.status_colecao,ft1_0.status_pedido,ft1_0.tipo,ft1_0.tipo_solicitacao,ft1_0.unidade_medida from ficha_tecnica ft1_0 where (? is null or lower(ft1_0.colecao) like lower(('%'||?||'%')) escape '') and (? is null or ft1_0.tipo=?) and (? is null or ft1_0.status_pedido=?) and (? is null or ft1_0.data_colocacao_pedido>=?) and (? is null or ft1_0.data_colocacao_pedido<=?) and (? is null or lower(ft1_0.duimp_di) like lower(('%'||?||'%')) escape '') and (? is null or lower(ft1_0.contrato_cambio_adiant) like lower(('%'||?||'%')) escape '' or lower(ft1_0.contrato_cambio_pgto_final) like lower(('%'||?||'%')) escape '') and (? is null or lower(ft1_0.ref_texcotton) like lower(('%'||?||'%')) escape '' or lower(ft1_0.codigo) like lower(('%'||?||'%')) escape '' or lower(ft1_0.ref_fornecedor) like lower(('%'||?||'%')) escape '') and (? is null or lower(ft1_0.numero_pedido) like lower(('%'||?||'%')) escape '') and (? is null or lower(ft1_0.fornecedor) like lower(('%'||?||'%')) escape '') order by ft1_0.id desc
Hibernate: select c1_0.id,c1_0.nome from colecao c1_0
Hibernate: select f1_0.id,f1_0.nome from fornecedor f1_0
Hibernate: select ft1_0.colecao,count(ft1_0.id) from ficha_tecnica ft1_0 where ft1_0.colecao is not null and ft1_0.colecao<>'' group by ft1_0.colecao order by ft1_0.colecao
Hibernate: select i1_0.id,i1_0.nome from insumo i1_0
Hibernate: select ft1_0.id,ft1_0.categoria_produto,ft1_0.codigo,ft1_0.codigo_siscomex,ft1_0.colecao,ft1_0.composicao,ft1_0.contrato_cambio_adiant,ft1_0.contrato_cambio_pgto_final,ft1_0.cor,ft1_0.data_amostra_cor,ft1_0.data_amostra_producao,ft1_0.data_aprovacao_amostra_cor,ft1_0.data_aprovacao_amostra_producao,ft1_0.data_chegada_destino,ft1_0.data_colocacao_pedido,ft1_0.data_saida_origem,ft1_0.descricao,ft1_0.descricao_produto,ft1_0.duimp_di,ft1_0.estagio,ft1_0.fornecedor,ft1_0.foto_path,ft1_0.gramatura,ft1_0.largura,ft1_0.marca,ft1_0.marca_que_comprou,ft1_0.marca_que_utiliza,ft1_0.minimo,ft1_0.minimo_compra,ft1_0.ncm,ft1_0.nome_navio,ft1_0.numero_pedido,ft1_0.observacao_amostra_cor,ft1_0.observacao_amostra_producao,ft1_0.preco_reais,ft1_0.preco_usd,ft1_0.qti_pct,ft1_0.quantidade_comprada,ft1_0.ref_fornecedor,ft1_0.ref_texcotton,ft1_0.referencia,ft1_0.rendimento,ft1_0.status_amostra_cor,ft1_0.status_amostra_producao,ft1_0.status_colecao,ft1_0.status_pedido,ft1_0.tipo,ft1_0.tipo_solicitacao,ft1_0.unidade_medida from ficha_tecnica ft1_0 where ft1_0.id=?
Hibernate: select m1_0.id,m1_0.nome from marca m1_0
Hibernate: select c1_0.id,c1_0.nome from colecao c1_0
Hibernate: select f1_0.id,f1_0.nome from fornecedor f1_0
Hibernate: select c1_0.id,c1_0.nome from categoria c1_0
Hibernate: select i1_0.id,i1_0.nome from insumo i1_0
Hibernate: select ft1_0.id,ft1_0.categoria_produto,ft1_0.codigo,ft1_0.codigo_siscomex,ft1_0.colecao,ft1_0.composicao,ft1_0.contrato_cambio_adiant,ft1_0.contrato_cambio_pgto_final,ft1_0.cor,ft1_0.data_amostra_cor,ft1_0.data_amostra_producao,ft1_0.data_aprovacao_amostra_cor,ft1_0.data_aprovacao_amostra_producao,ft1_0.data_chegada_destino,ft1_0.data_colocacao_pedido,ft1_0.data_saida_origem,ft1_0.descricao,ft1_0.descricao_produto,ft1_0.duimp_di,ft1_0.estagio,ft1_0.fornecedor,ft1_0.foto_path,ft1_0.gramatura,ft1_0.largura,ft1_0.marca,ft1_0.marca_que_comprou,ft1_0.marca_que_utiliza,ft1_0.minimo,ft1_0.minimo_compra,ft1_0.ncm,ft1_0.nome_navio,ft1_0.numero_pedido,ft1_0.observacao_amostra_cor,ft1_0.observacao_amostra_producao,ft1_0.preco_reais,ft1_0.preco_usd,ft1_0.qti_pct,ft1_0.quantidade_comprada,ft1_0.ref_fornecedor,ft1_0.ref_texcotton,ft1_0.referencia,ft1_0.rendimento,ft1_0.status_amostra_cor,ft1_0.status_amostra_producao,ft1_0.status_colecao,ft1_0.status_pedido,ft1_0.tipo,ft1_0.tipo_solicitacao,ft1_0.unidade_medida from ficha_tecnica ft1_0 where ft1_0.id=?
Hibernate: select i1_0.id,i1_0.nome from insumo i1_0
Hibernate: select ft1_0.id,ft1_0.categoria_produto,ft1_0.codigo,ft1_0.codigo_siscomex,ft1_0.colecao,ft1_0.composicao,ft1_0.contrato_cambio_adiant,ft1_0.contrato_cambio_pgto_final,ft1_0.cor,ft1_0.data_amostra_cor,ft1_0.data_amostra_producao,ft1_0.data_aprovacao_amostra_cor,ft1_0.data_aprovacao_amostra_producao,ft1_0.data_chegada_destino,ft1_0.data_colocacao_pedido,ft1_0.data_saida_origem,ft1_0.descricao,ft1_0.descricao_produto,ft1_0.duimp_di,ft1_0.estagio,ft1_0.fornecedor,ft1_0.foto_path,ft1_0.gramatura,ft1_0.largura,ft1_0.marca,ft1_0.marca_que_comprou,ft1_0.marca_que_utiliza,ft1_0.minimo,ft1_0.minimo_compra,ft1_0.ncm,ft1_0.nome_navio,ft1_0.numero_pedido,ft1_0.observacao_amostra_cor,ft1_0.observacao_amostra_producao,ft1_0.preco_reais,ft1_0.preco_usd,ft1_0.qti_pct,ft1_0.quantidade_comprada,ft1_0.ref_fornecedor,ft1_0.ref_texcotton,ft1_0.referencia,ft1_0.rendimento,ft1_0.status_amostra_cor,ft1_0.status_amostra_producao,ft1_0.status_colecao,ft1_0.status_pedido,ft1_0.tipo,ft1_0.tipo_solicitacao,ft1_0.unidade_medida from ficha_tecnica ft1_0 where (? is null or lower(ft1_0.colecao) like lower(('%'||?||'%')) escape '') and (? is null or ft1_0.tipo=?) and (? is null or ft1_0.status_pedido=?) and (? is null or ft1_0.data_colocacao_pedido>=?) and (? is null or ft1_0.data_colocacao_pedido<=?) and (? is null or lower(ft1_0.duimp_di) like lower(('%'||?||'%')) escape '') and (? is null or lower(ft1_0.contrato_cambio_adiant) like lower(('%'||?||'%')) escape '' or lower(ft1_0.contrato_cambio_pgto_final) like lower(('%'||?||'%')) escape '') and (? is null or lower(ft1_0.ref_texcotton) like lower(('%'||?||'%')) escape '' or lower(ft1_0.codigo) like lower(('%'||?||'%')) escape '' or lower(ft1_0.ref_fornecedor) like lower(('%'||?||'%')) escape '') and (? is null or lower(ft1_0.numero_pedido) like lower(('%'||?||'%')) escape '') and (? is null or lower(ft1_0.fornecedor) like lower(('%'||?||'%')) escape '') order by ft1_0.id desc
Hibernate: select c1_0.id,c1_0.nome from colecao c1_0
Hibernate: select f1_0.id,f1_0.nome from fornecedor f1_0
Hibernate: select ft1_0.colecao,count(ft1_0.id) from ficha_tecnica ft1_0 where ft1_0.colecao is not null and ft1_0.colecao<>'' group by ft1_0.colecao order by ft1_0.colecao
Hibernate: select i1_0.id,i1_0.nome from insumo i1_0
Hibernate: select ft1_0.id,ft1_0.categoria_produto,ft1_0.codigo,ft1_0.codigo_siscomex,ft1_0.colecao,ft1_0.composicao,ft1_0.contrato_cambio_adiant,ft1_0.contrato_cambio_pgto_final,ft1_0.cor,ft1_0.data_amostra_cor,ft1_0.data_amostra_producao,ft1_0.data_aprovacao_amostra_cor,ft1_0.data_aprovacao_amostra_producao,ft1_0.data_chegada_destino,ft1_0.data_colocacao_pedido,ft1_0.data_saida_origem,ft1_0.descricao,ft1_0.descricao_produto,ft1_0.duimp_di,ft1_0.estagio,ft1_0.fornecedor,ft1_0.foto_path,ft1_0.gramatura,ft1_0.largura,ft1_0.marca,ft1_0.marca_que_comprou,ft1_0.marca_que_utiliza,ft1_0.minimo,ft1_0.minimo_compra,ft1_0.ncm,ft1_0.nome_navio,ft1_0.numero_pedido,ft1_0.observacao_amostra_cor,ft1_0.observacao_amostra_producao,ft1_0.preco_reais,ft1_0.preco_usd,ft1_0.qti_pct,ft1_0.quantidade_comprada,ft1_0.ref_fornecedor,ft1_0.ref_texcotton,ft1_0.referencia,ft1_0.rendimento,ft1_0.status_amostra_cor,ft1_0.status_amostra_producao,ft1_0.status_colecao,ft1_0.status_pedido,ft1_0.tipo,ft1_0.tipo_solicitacao,ft1_0.unidade_medida from ficha_tecnica ft1_0 where ft1_0.id=?
Hibernate: select m1_0.id,m1_0.nome from marca m1_0
Hibernate: select c1_0.id,c1_0.nome from colecao c1_0
Hibernate: select f1_0.id,f1_0.nome from fornecedor f1_0
Hibernate: select c1_0.id,c1_0.nome from categoria c1_0
Hibernate: select i1_0.id,i1_0.nome from insumo i1_0
Hibernate: select ft1_0.id,ft1_0.categoria_produto,ft1_0.codigo,ft1_0.codigo_siscomex,ft1_0.colecao,ft1_0.composicao,ft1_0.contrato_cambio_adiant,ft1_0.contrato_cambio_pgto_final,ft1_0.cor,ft1_0.data_amostra_cor,ft1_0.data_amostra_producao,ft1_0.data_aprovacao_amostra_cor,ft1_0.data_aprovacao_amostra_producao,ft1_0.data_chegada_destino,ft1_0.data_colocacao_pedido,ft1_0.data_saida_origem,ft1_0.descricao,ft1_0.descricao_produto,ft1_0.duimp_di,ft1_0.estagio,ft1_0.fornecedor,ft1_0.foto_path,ft1_0.gramatura,ft1_0.largura,ft1_0.marca,ft1_0.marca_que_comprou,ft1_0.marca_que_utiliza,ft1_0.minimo,ft1_0.minimo_compra,ft1_0.ncm,ft1_0.nome_navio,ft1_0.numero_pedido,ft1_0.observacao_amostra_cor,ft1_0.observacao_amostra_producao,ft1_0.preco_reais,ft1_0.preco_usd,ft1_0.qti_pct,ft1_0.quantidade_comprada,ft1_0.ref_fornecedor,ft1_0.ref_texcotton,ft1_0.referencia,ft1_0.rendimento,ft1_0.status_amostra_cor,ft1_0.status_amostra_producao,ft1_0.status_colecao,ft1_0.status_pedido,ft1_0.tipo,ft1_0.tipo_solicitacao,ft1_0.unidade_medida from ficha_tecnica ft1_0 where ft1_0.id=?
Hibernate: update ficha_tecnica set categoria_produto=?,codigo=?,codigo_siscomex=?,colecao=?,composicao=?,contrato_cambio_adiant=?,contrato_cambio_pgto_final=?,cor=?,data_amostra_cor=?,data_amostra_producao=?,data_aprovacao_amostra_cor=?,data_aprovacao_amostra_producao=?,data_chegada_destino=?,data_colocacao_pedido=?,data_saida_origem=?,descricao=?,descricao_produto=?,duimp_di=?,estagio=?,fornecedor=?,foto_path=?,gramatura=?,largura=?,marca=?,marca_que_comprou=?,marca_que_utiliza=?,minimo=?,minimo_compra=?,ncm=?,nome_navio=?,numero_pedido=?,observacao_amostra_cor=?,observacao_amostra_producao=?,preco_reais=?,preco_usd=?,qti_pct=?,quantidade_comprada=?,ref_fornecedor=?,ref_texcotton=?,referencia=?,rendimento=?,status_amostra_cor=?,status_amostra_producao=?,status_colecao=?,status_pedido=?,tipo=?,tipo_solicitacao=?,unidade_medida=? where id=?
Hibernate: select i1_0.id,i1_0.nome from insumo i1_0
Hibernate: select ft1_0.id,ft1_0.categoria_produto,ft1_0.codigo,ft1_0.codigo_siscomex,ft1_0.colecao,ft1_0.composicao,ft1_0.contrato_cambio_adiant,ft1_0.contrato_cambio_pgto_final,ft1_0.cor,ft1_0.data_amostra_cor,ft1_0.data_amostra_producao,ft1_0.data_aprovacao_amostra_cor,ft1_0.data_aprovacao_amostra_producao,ft1_0.data_chegada_destino,ft1_0.data_colocacao_pedido,ft1_0.data_saida_origem,ft1_0.descricao,ft1_0.descricao_produto,ft1_0.duimp_di,ft1_0.estagio,ft1_0.fornecedor,ft1_0.foto_path,ft1_0.gramatura,ft1_0.largura,ft1_0.marca,ft1_0.marca_que_comprou,ft1_0.marca_que_utiliza,ft1_0.minimo,ft1_0.minimo_compra,ft1_0.ncm,ft1_0.nome_navio,ft1_0.numero_pedido,ft1_0.observacao_amostra_cor,ft1_0.observacao_amostra_producao,ft1_0.preco_reais,ft1_0.preco_usd,ft1_0.qti_pct,ft1_0.quantidade_comprada,ft1_0.ref_fornecedor,ft1_0.ref_texcotton,ft1_0.referencia,ft1_0.rendimento,ft1_0.status_amostra_cor,ft1_0.status_amostra_producao,ft1_0.status_colecao,ft1_0.status_pedido,ft1_0.tipo,ft1_0.tipo_solicitacao,ft1_0.unidade_medida from ficha_tecnica ft1_0 where (? is null or lower(ft1_0.colecao) like lower(('%'||?||'%')) escape '') and (? is null or ft1_0.tipo=?) and (? is null or ft1_0.status_pedido=?) and (? is null or ft1_0.data_colocacao_pedido>=?) and (? is null or ft1_0.data_colocacao_pedido<=?) and (? is null or lower(ft1_0.duimp_di) like lower(('%'||?||'%')) escape '') and (? is null or lower(ft1_0.contrato_cambio_adiant) like lower(('%'||?||'%')) escape '' or lower(ft1_0.contrato_cambio_pgto_final) like lower(('%'||?||'%')) escape '') and (? is null or lower(ft1_0.ref_texcotton) like lower(('%'||?||'%')) escape '' or lower(ft1_0.codigo) like lower(('%'||?||'%')) escape '' or lower(ft1_0.ref_fornecedor) like lower(('%'||?||'%')) escape '') and (? is null or lower(ft1_0.numero_pedido) like lower(('%'||?||'%')) escape '') and (? is null or lower(ft1_0.fornecedor) like lower(('%'||?||'%')) escape '') order by ft1_0.id desc
Hibernate: select c1_0.id,c1_0.nome from colecao c1_0
Hibernate: select f1_0.id,f1_0.nome from fornecedor f1_0
Hibernate: select ft1_0.colecao,count(ft1_0.id) from ficha_tecnica ft1_0 where ft1_0.colecao is not null and ft1_0.colecao<>'' group by ft1_0.colecao order by ft1_0.colecao
Hibernate: select i1_0.id,i1_0.nome from insumo i1_0
Hibernate: select ft1_0.id,ft1_0.categoria_produto,ft1_0.codigo,ft1_0.codigo_siscomex,ft1_0.colecao,ft1_0.composicao,ft1_0.contrato_cambio_adiant,ft1_0.contrato_cambio_pgto_final,ft1_0.cor,ft1_0.data_amostra_cor,ft1_0.data_amostra_producao,ft1_0.data_aprovacao_amostra_cor,ft1_0.data_aprovacao_amostra_producao,ft1_0.data_chegada_destino,ft1_0.data_colocacao_pedido,ft1_0.data_saida_origem,ft1_0.descricao,ft1_0.descricao_produto,ft1_0.duimp_di,ft1_0.estagio,ft1_0.fornecedor,ft1_0.foto_path,ft1_0.gramatura,ft1_0.largura,ft1_0.marca,ft1_0.marca_que_comprou,ft1_0.marca_que_utiliza,ft1_0.minimo,ft1_0.minimo_compra,ft1_0.ncm,ft1_0.nome_navio,ft1_0.numero_pedido,ft1_0.observacao_amostra_cor,ft1_0.observacao_amostra_producao,ft1_0.preco_reais,ft1_0.preco_usd,ft1_0.qti_pct,ft1_0.quantidade_comprada,ft1_0.ref_fornecedor,ft1_0.ref_texcotton,ft1_0.referencia,ft1_0.rendimento,ft1_0.status_amostra_cor,ft1_0.status_amostra_producao,ft1_0.status_colecao,ft1_0.status_pedido,ft1_0.tipo,ft1_0.tipo_solicitacao,ft1_0.unidade_medida from ficha_tecnica ft1_0 where ft1_0.id=?
Hibernate: select m1_0.id,m1_0.nome from marca m1_0
Hibernate: select c1_0.id,c1_0.nome from colecao c1_0
Hibernate: select f1_0.id,f1_0.nome from fornecedor f1_0
Hibernate: select c1_0.id,c1_0.nome from categoria c1_0
Hibernate: select i1_0.id,i1_0.nome from insumo i1_0
Hibernate: select ft1_0.id,ft1_0.categoria_produto,ft1_0.codigo,ft1_0.codigo_siscomex,ft1_0.colecao,ft1_0.composicao,ft1_0.contrato_cambio_adiant,ft1_0.contrato_cambio_pgto_final,ft1_0.cor,ft1_0.data_amostra_cor,ft1_0.data_amostra_producao,ft1_0.data_aprovacao_amostra_cor,ft1_0.data_aprovacao_amostra_producao,ft1_0.data_chegada_destino,ft1_0.data_colocacao_pedido,ft1_0.data_saida_origem,ft1_0.descricao,ft1_0.descricao_produto,ft1_0.duimp_di,ft1_0.estagio,ft1_0.fornecedor,ft1_0.foto_path,ft1_0.gramatura,ft1_0.largura,ft1_0.marca,ft1_0.marca_que_comprou,ft1_0.marca_que_utiliza,ft1_0.minimo,ft1_0.minimo_compra,ft1_0.ncm,ft1_0.nome_navio,ft1_0.numero_pedido,ft1_0.observacao_amostra_cor,ft1_0.observacao_amostra_producao,ft1_0.preco_reais,ft1_0.preco_usd,ft1_0.qti_pct,ft1_0.quantidade_comprada,ft1_0.ref_fornecedor,ft1_0.ref_texcotton,ft1_0.referencia,ft1_0.rendimento,ft1_0.status_amostra_cor,ft1_0.status_amostra_producao,ft1_0.status_colecao,ft1_0.status_pedido,ft1_0.tipo,ft1_0.tipo_solicitacao,ft1_0.unidade_medida from ficha_tecnica ft1_0 where ft1_0.id=?
Hibernate: update ficha_tecnica set categoria_produto=?,codigo=?,codigo_siscomex=?,colecao=?,composicao=?,contrato_cambio_adiant=?,contrato_cambio_pgto_final=?,cor=?,data_amostra_cor=?,data_amostra_producao=?,data_aprovacao_amostra_cor=?,data_aprovacao_amostra_producao=?,data_chegada_destino=?,data_colocacao_pedido=?,data_saida_origem=?,descricao=?,descricao_produto=?,duimp_di=?,estagio=?,fornecedor=?,foto_path=?,gramatura=?,largura=?,marca=?,marca_que_comprou=?,marca_que_utiliza=?,minimo=?,minimo_compra=?,ncm=?,nome_navio=?,numero_pedido=?,observacao_amostra_cor=?,observacao_amostra_producao=?,preco_reais=?,preco_usd=?,qti_pct=?,quantidade_comprada=?,ref_fornecedor=?,ref_texcotton=?,referencia=?,rendimento=?,status_amostra_cor=?,status_amostra_producao=?,status_colecao=?,status_pedido=?,tipo=?,tipo_solicitacao=?,unidade_medida=? where id=?
Hibernate: select i1_0.id,i1_0.nome from insumo i1_0
Hibernate: select ft1_0.id,ft1_0.categoria_produto,ft1_0.codigo,ft1_0.codigo_siscomex,ft1_0.colecao,ft1_0.composicao,ft1_0.contrato_cambio_adiant,ft1_0.contrato_cambio_pgto_final,ft1_0.cor,ft1_0.data_amostra_cor,ft1_0.data_amostra_producao,ft1_0.data_aprovacao_amostra_cor,ft1_0.data_aprovacao_amostra_producao,ft1_0.data_chegada_destino,ft1_0.data_colocacao_pedido,ft1_0.data_saida_origem,ft1_0.descricao,ft1_0.descricao_produto,ft1_0.duimp_di,ft1_0.estagio,ft1_0.fornecedor,ft1_0.foto_path,ft1_0.gramatura,ft1_0.largura,ft1_0.marca,ft1_0.marca_que_comprou,ft1_0.marca_que_utiliza,ft1_0.minimo,ft1_0.minimo_compra,ft1_0.ncm,ft1_0.nome_navio,ft1_0.numero_pedido,ft1_0.observacao_amostra_cor,ft1_0.observacao_amostra_producao,ft1_0.preco_reais,ft1_0.preco_usd,ft1_0.qti_pct,ft1_0.quantidade_comprada,ft1_0.ref_fornecedor,ft1_0.ref_texcotton,ft1_0.referencia,ft1_0.rendimento,ft1_0.status_amostra_cor,ft1_0.status_amostra_producao,ft1_0.status_colecao,ft1_0.status_pedido,ft1_0.tipo,ft1_0.tipo_solicitacao,ft1_0.unidade_medida from ficha_tecnica ft1_0 where (? is null or lower(ft1_0.colecao) like lower(('%'||?||'%')) escape '') and (? is null or ft1_0.tipo=?) and (? is null or ft1_0.status_pedido=?) and (? is null or ft1_0.data_colocacao_pedido>=?) and (? is null or ft1_0.data_colocacao_pedido<=?) and (? is null or lower(ft1_0.duimp_di) like lower(('%'||?||'%')) escape '') and (? is null or lower(ft1_0.contrato_cambio_adiant) like lower(('%'||?||'%')) escape '' or lower(ft1_0.contrato_cambio_pgto_final) like lower(('%'||?||'%')) escape '') and (? is null or lower(ft1_0.ref_texcotton) like lower(('%'||?||'%')) escape '' or lower(ft1_0.codigo) like lower(('%'||?||'%')) escape '' or lower(ft1_0.ref_fornecedor) like lower(('%'||?||'%')) escape '') and (? is null or lower(ft1_0.numero_pedido) like lower(('%'||?||'%')) escape '') and (? is null or lower(ft1_0.fornecedor) like lower(('%'||?||'%')) escape '') order by ft1_0.id desc
Hibernate: select c1_0.id,c1_0.nome from colecao c1_0
Hibernate: select f1_0.id,f1_0.nome from fornecedor f1_0
Hibernate: select ft1_0.colecao,count(ft1_0.id) from ficha_tecnica ft1_0 where ft1_0.colecao is not null and ft1_0.colecao<>'' group by ft1_0.colecao order by ft1_0.colecao
Hibernate: select ft1_0.id,ft1_0.categoria_produto,ft1_0.codigo,ft1_0.codigo_siscomex,ft1_0.colecao,ft1_0.composicao,ft1_0.contrato_cambio_adiant,ft1_0.contrato_cambio_pgto_final,ft1_0.cor,ft1_0.data_amostra_cor,ft1_0.data_amostra_producao,ft1_0.data_aprovacao_amostra_cor,ft1_0.data_aprovacao_amostra_producao,ft1_0.data_chegada_destino,ft1_0.data_colocacao_pedido,ft1_0.data_saida_origem,ft1_0.descricao,ft1_0.descricao_produto,ft1_0.duimp_di,ft1_0.estagio,ft1_0.fornecedor,ft1_0.foto_path,ft1_0.gramatura,ft1_0.largura,ft1_0.marca,ft1_0.marca_que_comprou,ft1_0.marca_que_utiliza,ft1_0.minimo,ft1_0.minimo_compra,ft1_0.ncm,ft1_0.nome_navio,ft1_0.numero_pedido,ft1_0.observacao_amostra_cor,ft1_0.observacao_amostra_producao,ft1_0.preco_reais,ft1_0.preco_usd,ft1_0.qti_pct,ft1_0.quantidade_comprada,ft1_0.ref_fornecedor,ft1_0.ref_texcotton,ft1_0.referencia,ft1_0.rendimento,ft1_0.status_amostra_cor,ft1_0.status_amostra_producao,ft1_0.status_colecao,ft1_0.status_pedido,ft1_0.tipo,ft1_0.tipo_solicitacao,ft1_0.unidade_medida from ficha_tecnica ft1_0
Hibernate: select m1_0.id,m1_0.nome from marca m1_0
Hibernate: select c1_0.id,c1_0.nome from colecao c1_0
Hibernate: select i1_0.id,i1_0.nome from insumo i1_0
Hibernate: select f1_0.id,f1_0.nome from fornecedor f1_0
Hibernate: select c1_0.id,c1_0.nome from categoria c1_0
Hibernate: select bn1_0.id,bn1_0.colecao,bn1_0.fornecedor,bn1_0.insumo,bn1_0.quantidade from bandeira_novidade bn1_0
Hibernate: select qp1_0.id,qp1_0.anime_aprovado,qp1_0.anime_cancelado,qp1_0.anime_cotado,qp1_0.authoria_aprovado,qp1_0.authoria_cancelado,qp1_0.authoria_cotado,qp1_0.bimbi_aprovado,qp1_0.bimbi_cancelado,qp1_0.bimbi_cotado,qp1_0.colecao,qp1_0.momi_aprovado,qp1_0.momi_cancelado,qp1_0.momi_cotado,qp1_0.tipo_solicitacao,qp1_0.youcciecancelado,qp1_0.youcciecotado,qp1_0.youcciee_aprovado from quadro_planejamento qp1_0
Hibernate: select cp1_0.id,cp1_0.colecao,cp1_0.insumo,cp1_0.marca from cadastro_previo cp1_0
2026-10-01T10:18:31.209-03:00  INFO 12700 --- [projeto] [   scheduling-1] c.e.projeto.service.CsvBackupService     : Backup CSV concluído em C:\Users\sabrina.00858\IdeaProjects\projetoMichele\backups (131 registros no total).
Hibernate: select ft1_0.id,ft1_0.categoria_produto,ft1_0.codigo,ft1_0.codigo_siscomex,ft1_0.colecao,ft1_0.composicao,ft1_0.contrato_cambio_adiant,ft1_0.contrato_cambio_pgto_final,ft1_0.cor,ft1_0.data_amostra_cor,ft1_0.data_amostra_producao,ft1_0.data_aprovacao_amostra_cor,ft1_0.data_aprovacao_amostra_producao,ft1_0.data_chegada_destino,ft1_0.data_colocacao_pedido,ft1_0.data_saida_origem,ft1_0.descricao,ft1_0.descricao_produto,ft1_0.duimp_di,ft1_0.estagio,ft1_0.fornecedor,ft1_0.foto_path,ft1_0.gramatura,ft1_0.largura,ft1_0.marca,ft1_0.marca_que_comprou,ft1_0.marca_que_utiliza,ft1_0.minimo,ft1_0.minimo_compra,ft1_0.ncm,ft1_0.nome_navio,ft1_0.numero_pedido,ft1_0.observacao_amostra_cor,ft1_0.observacao_amostra_producao,ft1_0.preco_reais,ft1_0.preco_usd,ft1_0.qti_pct,ft1_0.quantidade_comprada,ft1_0.ref_fornecedor,ft1_0.ref_texcotton,ft1_0.referencia,ft1_0.rendimento,ft1_0.status_amostra_cor,ft1_0.status_amostra_producao,ft1_0.status_colecao,ft1_0.status_pedido,ft1_0.tipo,ft1_0.tipo_solicitacao,ft1_0.unidade_medida from ficha_tecnica ft1_0
Hibernate: select m1_0.id,m1_0.nome from marca m1_0
Hibernate: select c1_0.id,c1_0.nome from colecao c1_0
Hibernate: select i1_0.id,i1_0.nome from insumo i1_0
Hibernate: select f1_0.id,f1_0.nome from fornecedor f1_0
Hibernate: select c1_0.id,c1_0.nome from categoria c1_0
Hibernate: select bn1_0.id,bn1_0.colecao,bn1_0.fornecedor,bn1_0.insumo,bn1_0.quantidade from bandeira_novidade bn1_0
Hibernate: select qp1_0.id,qp1_0.anime_aprovado,qp1_0.anime_cancelado,qp1_0.anime_cotado,qp1_0.authoria_aprovado,qp1_0.authoria_cancelado,qp1_0.authoria_cotado,qp1_0.bimbi_aprovado,qp1_0.bimbi_cancelado,qp1_0.bimbi_cotado,qp1_0.colecao,qp1_0.momi_aprovado,qp1_0.momi_cancelado,qp1_0.momi_cotado,qp1_0.tipo_solicitacao,qp1_0.youcciecancelado,qp1_0.youcciecotado,qp1_0.youcciee_aprovado from quadro_planejamento qp1_0
Hibernate: select cp1_0.id,cp1_0.colecao,cp1_0.insumo,cp1_0.marca from cadastro_previo cp1_0
2026-10-01T10:23:31.239-03:00  INFO 12700 --- [projeto] [   scheduling-1] c.e.projeto.service.CsvBackupService     : Backup CSV concluído em C:\Users\sabrina.00858\IdeaProjects\projetoMichele\backups (131 registros no total).
Hibernate: select ft1_0.id,ft1_0.categoria_produto,ft1_0.codigo,ft1_0.codigo_siscomex,ft1_0.colecao,ft1_0.composicao,ft1_0.contrato_cambio_adiant,ft1_0.contrato_cambio_pgto_final,ft1_0.cor,ft1_0.data_amostra_cor,ft1_0.data_amostra_producao,ft1_0.data_aprovacao_amostra_cor,ft1_0.data_aprovacao_amostra_producao,ft1_0.data_chegada_destino,ft1_0.data_colocacao_pedido,ft1_0.data_saida_origem,ft1_0.descricao,ft1_0.descricao_produto,ft1_0.duimp_di,ft1_0.estagio,ft1_0.fornecedor,ft1_0.foto_path,ft1_0.gramatura,ft1_0.largura,ft1_0.marca,ft1_0.marca_que_comprou,ft1_0.marca_que_utiliza,ft1_0.minimo,ft1_0.minimo_compra,ft1_0.ncm,ft1_0.nome_navio,ft1_0.numero_pedido,ft1_0.observacao_amostra_cor,ft1_0.observacao_amostra_producao,ft1_0.preco_reais,ft1_0.preco_usd,ft1_0.qti_pct,ft1_0.quantidade_comprada,ft1_0.ref_fornecedor,ft1_0.ref_texcotton,ft1_0.referencia,ft1_0.rendimento,ft1_0.status_amostra_cor,ft1_0.status_amostra_producao,ft1_0.status_colecao,ft1_0.status_pedido,ft1_0.tipo,ft1_0.tipo_solicitacao,ft1_0.unidade_medida from ficha_tecnica ft1_0
Hibernate: select m1_0.id,m1_0.nome from marca m1_0
Hibernate: select c1_0.id,c1_0.nome from colecao c1_0
Hibernate: select i1_0.id,i1_0.nome from insumo i1_0
Hibernate: select f1_0.id,f1_0.nome from fornecedor f1_0
Hibernate: select c1_0.id,c1_0.nome from categoria c1_0
Hibernate: select bn1_0.id,bn1_0.colecao,bn1_0.fornecedor,bn1_0.insumo,bn1_0.quantidade from bandeira_novidade bn1_0
Hibernate: select qp1_0.id,qp1_0.anime_aprovado,qp1_0.anime_cancelado,qp1_0.anime_cotado,qp1_0.authoria_aprovado,qp1_0.authoria_cancelado,qp1_0.authoria_cotado,qp1_0.bimbi_aprovado,qp1_0.bimbi_cancelado,qp1_0.bimbi_cotado,qp1_0.colecao,qp1_0.momi_aprovado,qp1_0.momi_cancelado,qp1_0.momi_cotado,qp1_0.tipo_solicitacao,qp1_0.youcciecancelado,qp1_0.youcciecotado,qp1_0.youcciee_aprovado from quadro_planejamento qp1_0
Hibernate: select cp1_0.id,cp1_0.colecao,cp1_0.insumo,cp1_0.marca from cadastro_previo cp1_0
2026-10-01T10:28:31.278-03:00  INFO 12700 --- [projeto] [   scheduling-1] c.e.projeto.service.CsvBackupService     : Backup CSV concluído em C:\Users\sabrina.00858\IdeaProjects\projetoMichele\backups (131 registros no total).
Hibernate: select i1_0.id,i1_0.nome from insumo i1_0
Hibernate: select ft1_0.id,ft1_0.categoria_produto,ft1_0.codigo,ft1_0.codigo_siscomex,ft1_0.colecao,ft1_0.composicao,ft1_0.contrato_cambio_adiant,ft1_0.contrato_cambio_pgto_final,ft1_0.cor,ft1_0.data_amostra_cor,ft1_0.data_amostra_producao,ft1_0.data_aprovacao_amostra_cor,ft1_0.data_aprovacao_amostra_producao,ft1_0.data_chegada_destino,ft1_0.data_colocacao_pedido,ft1_0.data_saida_origem,ft1_0.descricao,ft1_0.descricao_produto,ft1_0.duimp_di,ft1_0.estagio,ft1_0.fornecedor,ft1_0.foto_path,ft1_0.gramatura,ft1_0.largura,ft1_0.marca,ft1_0.marca_que_comprou,ft1_0.marca_que_utiliza,ft1_0.minimo,ft1_0.minimo_compra,ft1_0.ncm,ft1_0.nome_navio,ft1_0.numero_pedido,ft1_0.observacao_amostra_cor,ft1_0.observacao_amostra_producao,ft1_0.preco_reais,ft1_0.preco_usd,ft1_0.qti_pct,ft1_0.quantidade_comprada,ft1_0.ref_fornecedor,ft1_0.ref_texcotton,ft1_0.referencia,ft1_0.rendimento,ft1_0.status_amostra_cor,ft1_0.status_amostra_producao,ft1_0.status_colecao,ft1_0.status_pedido,ft1_0.tipo,ft1_0.tipo_solicitacao,ft1_0.unidade_medida from ficha_tecnica ft1_0 order by ft1_0.id desc
Hibernate: select c1_0.id,c1_0.nome from colecao c1_0
Hibernate: select f1_0.id,f1_0.nome from fornecedor f1_0
Hibernate: select ft1_0.colecao,count(ft1_0.id) from ficha_tecnica ft1_0 where ft1_0.colecao is not null and ft1_0.colecao<>'' group by ft1_0.colecao order by ft1_0.colecao
Hibernate: select i1_0.id,i1_0.nome from insumo i1_0
Hibernate: select ft1_0.id,ft1_0.categoria_produto,ft1_0.codigo,ft1_0.codigo_siscomex,ft1_0.colecao,ft1_0.composicao,ft1_0.contrato_cambio_adiant,ft1_0.contrato_cambio_pgto_final,ft1_0.cor,ft1_0.data_amostra_cor,ft1_0.data_amostra_producao,ft1_0.data_aprovacao_amostra_cor,ft1_0.data_aprovacao_amostra_producao,ft1_0.data_chegada_destino,ft1_0.data_colocacao_pedido,ft1_0.data_saida_origem,ft1_0.descricao,ft1_0.descricao_produto,ft1_0.duimp_di,ft1_0.estagio,ft1_0.fornecedor,ft1_0.foto_path,ft1_0.gramatura,ft1_0.largura,ft1_0.marca,ft1_0.marca_que_comprou,ft1_0.marca_que_utiliza,ft1_0.minimo,ft1_0.minimo_compra,ft1_0.ncm,ft1_0.nome_navio,ft1_0.numero_pedido,ft1_0.observacao_amostra_cor,ft1_0.observacao_amostra_producao,ft1_0.preco_reais,ft1_0.preco_usd,ft1_0.qti_pct,ft1_0.quantidade_comprada,ft1_0.ref_fornecedor,ft1_0.ref_texcotton,ft1_0.referencia,ft1_0.rendimento,ft1_0.status_amostra_cor,ft1_0.status_amostra_producao,ft1_0.status_colecao,ft1_0.status_pedido,ft1_0.tipo,ft1_0.tipo_solicitacao,ft1_0.unidade_medida from ficha_tecnica ft1_0 where (? is null or lower(ft1_0.colecao) like lower(('%'||?||'%')) escape '') and (? is null or ft1_0.tipo=?) and (? is null or ft1_0.status_pedido=?) and (? is null or ft1_0.data_colocacao_pedido>=?) and (? is null or ft1_0.data_colocacao_pedido<=?) and (? is null or lower(ft1_0.duimp_di) like lower(('%'||?||'%')) escape '') and (? is null or lower(ft1_0.contrato_cambio_adiant) like lower(('%'||?||'%')) escape '' or lower(ft1_0.contrato_cambio_pgto_final) like lower(('%'||?||'%')) escape '') and (? is null or lower(ft1_0.ref_texcotton) like lower(('%'||?||'%')) escape '' or lower(ft1_0.codigo) like lower(('%'||?||'%')) escape '' or lower(ft1_0.ref_fornecedor) like lower(('%'||?||'%')) escape '') and (? is null or lower(ft1_0.numero_pedido) like lower(('%'||?||'%')) escape '') and (? is null or lower(ft1_0.fornecedor) like lower(('%'||?||'%')) escape '') order by ft1_0.id desc
Hibernate: select c1_0.id,c1_0.nome from colecao c1_0
Hibernate: select f1_0.id,f1_0.nome from fornecedor f1_0
Hibernate: select ft1_0.colecao,count(ft1_0.id) from ficha_tecnica ft1_0 where ft1_0.colecao is not null and ft1_0.colecao<>'' group by ft1_0.colecao order by ft1_0.colecao
Hibernate: select i1_0.id,i1_0.nome from insumo i1_0
Hibernate: select ft1_0.id,ft1_0.categoria_produto,ft1_0.codigo,ft1_0.codigo_siscomex,ft1_0.colecao,ft1_0.composicao,ft1_0.contrato_cambio_adiant,ft1_0.contrato_cambio_pgto_final,ft1_0.cor,ft1_0.data_amostra_cor,ft1_0.data_amostra_producao,ft1_0.data_aprovacao_amostra_cor,ft1_0.data_aprovacao_amostra_producao,ft1_0.data_chegada_destino,ft1_0.data_colocacao_pedido,ft1_0.data_saida_origem,ft1_0.descricao,ft1_0.descricao_produto,ft1_0.duimp_di,ft1_0.estagio,ft1_0.fornecedor,ft1_0.foto_path,ft1_0.gramatura,ft1_0.largura,ft1_0.marca,ft1_0.marca_que_comprou,ft1_0.marca_que_utiliza,ft1_0.minimo,ft1_0.minimo_compra,ft1_0.ncm,ft1_0.nome_navio,ft1_0.numero_pedido,ft1_0.observacao_amostra_cor,ft1_0.observacao_amostra_producao,ft1_0.preco_reais,ft1_0.preco_usd,ft1_0.qti_pct,ft1_0.quantidade_comprada,ft1_0.ref_fornecedor,ft1_0.ref_texcotton,ft1_0.referencia,ft1_0.rendimento,ft1_0.status_amostra_cor,ft1_0.status_amostra_producao,ft1_0.status_colecao,ft1_0.status_pedido,ft1_0.tipo,ft1_0.tipo_solicitacao,ft1_0.unidade_medida from ficha_tecnica ft1_0 order by ft1_0.id desc
Hibernate: select c1_0.id,c1_0.nome from colecao c1_0
Hibernate: select f1_0.id,f1_0.nome from fornecedor f1_0
Hibernate: select ft1_0.colecao,count(ft1_0.id) from ficha_tecnica ft1_0 where ft1_0.colecao is not null and ft1_0.colecao<>'' group by ft1_0.colecao order by ft1_0.colecao
Hibernate: select i1_0.id,i1_0.nome from insumo i1_0
Hibernate: select i1_0.id,i1_0.nome from insumo i1_0
Hibernate: select ft1_0.id,ft1_0.categoria_produto,ft1_0.codigo,ft1_0.codigo_siscomex,ft1_0.colecao,ft1_0.composicao,ft1_0.contrato_cambio_adiant,ft1_0.contrato_cambio_pgto_final,ft1_0.cor,ft1_0.data_amostra_cor,ft1_0.data_amostra_producao,ft1_0.data_aprovacao_amostra_cor,ft1_0.data_aprovacao_amostra_producao,ft1_0.data_chegada_destino,ft1_0.data_colocacao_pedido,ft1_0.data_saida_origem,ft1_0.descricao,ft1_0.descricao_produto,ft1_0.duimp_di,ft1_0.estagio,ft1_0.fornecedor,ft1_0.foto_path,ft1_0.gramatura,ft1_0.largura,ft1_0.marca,ft1_0.marca_que_comprou,ft1_0.marca_que_utiliza,ft1_0.minimo,ft1_0.minimo_compra,ft1_0.ncm,ft1_0.nome_navio,ft1_0.numero_pedido,ft1_0.observacao_amostra_cor,ft1_0.observacao_amostra_producao,ft1_0.preco_reais,ft1_0.preco_usd,ft1_0.qti_pct,ft1_0.quantidade_comprada,ft1_0.ref_fornecedor,ft1_0.ref_texcotton,ft1_0.referencia,ft1_0.rendimento,ft1_0.status_amostra_cor,ft1_0.status_amostra_producao,ft1_0.status_colecao,ft1_0.status_pedido,ft1_0.tipo,ft1_0.tipo_solicitacao,ft1_0.unidade_medida from ficha_tecnica ft1_0 order by ft1_0.id desc
Hibernate: select c1_0.id,c1_0.nome from colecao c1_0
Hibernate: select f1_0.id,f1_0.nome from fornecedor f1_0
Hibernate: select ft1_0.colecao,count(ft1_0.id) from ficha_tecnica ft1_0 where ft1_0.colecao is not null and ft1_0.colecao<>'' group by ft1_0.colecao order by ft1_0.colecao
Hibernate: select ft1_0.colecao,ft1_0.status_amostra_cor,count(ft1_0.id) from ficha_tecnica ft1_0 where ft1_0.colecao is not null and ft1_0.colecao<>'' group by ft1_0.colecao,ft1_0.status_amostra_cor order by ft1_0.colecao
Hibernate: select ft1_0.id,ft1_0.categoria_produto,ft1_0.codigo,ft1_0.codigo_siscomex,ft1_0.colecao,ft1_0.composicao,ft1_0.contrato_cambio_adiant,ft1_0.contrato_cambio_pgto_final,ft1_0.cor,ft1_0.data_amostra_cor,ft1_0.data_amostra_producao,ft1_0.data_aprovacao_amostra_cor,ft1_0.data_aprovacao_amostra_producao,ft1_0.data_chegada_destino,ft1_0.data_colocacao_pedido,ft1_0.data_saida_origem,ft1_0.descricao,ft1_0.descricao_produto,ft1_0.duimp_di,ft1_0.estagio,ft1_0.fornecedor,ft1_0.foto_path,ft1_0.gramatura,ft1_0.largura,ft1_0.marca,ft1_0.marca_que_comprou,ft1_0.marca_que_utiliza,ft1_0.minimo,ft1_0.minimo_compra,ft1_0.ncm,ft1_0.nome_navio,ft1_0.numero_pedido,ft1_0.observacao_amostra_cor,ft1_0.observacao_amostra_producao,ft1_0.preco_reais,ft1_0.preco_usd,ft1_0.qti_pct,ft1_0.quantidade_comprada,ft1_0.ref_fornecedor,ft1_0.ref_texcotton,ft1_0.referencia,ft1_0.rendimento,ft1_0.status_amostra_cor,ft1_0.status_amostra_producao,ft1_0.status_colecao,ft1_0.status_pedido,ft1_0.tipo,ft1_0.tipo_solicitacao,ft1_0.unidade_medida from ficha_tecnica ft1_0 where ft1_0.marca is not null and ft1_0.data_colocacao_pedido is not null and ft1_0.data_aprovacao_amostra_cor is not null
Hibernate: select ft1_0.fornecedor,ft1_0.colecao,count(ft1_0.id) from ficha_tecnica ft1_0 where ft1_0.fornecedor is not null and ft1_0.colecao is not null and ft1_0.colecao<>'' group by ft1_0.fornecedor,ft1_0.colecao order by ft1_0.fornecedor,ft1_0.colecao
Hibernate: select ft1_0.fornecedor,ft1_0.colecao,count(ft1_0.id) from ficha_tecnica ft1_0 where ft1_0.fornecedor is not null and ft1_0.colecao is not null and ft1_0.colecao<>'' group by ft1_0.fornecedor,ft1_0.colecao order by ft1_0.fornecedor,ft1_0.colecao
Hibernate: select i1_0.id,i1_0.nome from insumo i1_0
Hibernate: select i1_0.id,i1_0.nome from insumo i1_0
Hibernate: select c1_0.id,c1_0.nome from colecao c1_0
Hibernate: select i1_0.id,i1_0.nome from insumo i1_0
Hibernate: select qp1_0.id,qp1_0.anime_aprovado,qp1_0.anime_cancelado,qp1_0.anime_cotado,qp1_0.authoria_aprovado,qp1_0.authoria_cancelado,qp1_0.authoria_cotado,qp1_0.bimbi_aprovado,qp1_0.bimbi_cancelado,qp1_0.bimbi_cotado,qp1_0.colecao,qp1_0.momi_aprovado,qp1_0.momi_cancelado,qp1_0.momi_cotado,qp1_0.tipo_solicitacao,qp1_0.youcciecancelado,qp1_0.youcciecotado,qp1_0.youcciee_aprovado from quadro_planejamento qp1_0 where qp1_0.colecao=? order by qp1_0.tipo_solicitacao
Hibernate: select qp1_0.id,qp1_0.anime_aprovado,qp1_0.anime_cancelado,qp1_0.anime_cotado,qp1_0.authoria_aprovado,qp1_0.authoria_cancelado,qp1_0.authoria_cotado,qp1_0.bimbi_aprovado,qp1_0.bimbi_cancelado,qp1_0.bimbi_cotado,qp1_0.colecao,qp1_0.momi_aprovado,qp1_0.momi_cancelado,qp1_0.momi_cotado,qp1_0.tipo_solicitacao,qp1_0.youcciecancelado,qp1_0.youcciecotado,qp1_0.youcciee_aprovado from quadro_planejamento qp1_0 where qp1_0.colecao=? order by qp1_0.tipo_solicitacao
Hibernate: select ft1_0.id,ft1_0.categoria_produto,ft1_0.codigo,ft1_0.codigo_siscomex,ft1_0.colecao,ft1_0.composicao,ft1_0.contrato_cambio_adiant,ft1_0.contrato_cambio_pgto_final,ft1_0.cor,ft1_0.data_amostra_cor,ft1_0.data_amostra_producao,ft1_0.data_aprovacao_amostra_cor,ft1_0.data_aprovacao_amostra_producao,ft1_0.data_chegada_destino,ft1_0.data_colocacao_pedido,ft1_0.data_saida_origem,ft1_0.descricao,ft1_0.descricao_produto,ft1_0.duimp_di,ft1_0.estagio,ft1_0.fornecedor,ft1_0.foto_path,ft1_0.gramatura,ft1_0.largura,ft1_0.marca,ft1_0.marca_que_comprou,ft1_0.marca_que_utiliza,ft1_0.minimo,ft1_0.minimo_compra,ft1_0.ncm,ft1_0.nome_navio,ft1_0.numero_pedido,ft1_0.observacao_amostra_cor,ft1_0.observacao_amostra_producao,ft1_0.preco_reais,ft1_0.preco_usd,ft1_0.qti_pct,ft1_0.quantidade_comprada,ft1_0.ref_fornecedor,ft1_0.ref_texcotton,ft1_0.referencia,ft1_0.rendimento,ft1_0.status_amostra_cor,ft1_0.status_amostra_producao,ft1_0.status_colecao,ft1_0.status_pedido,ft1_0.tipo,ft1_0.tipo_solicitacao,ft1_0.unidade_medida from ficha_tecnica ft1_0
Hibernate: select c1_0.id,c1_0.nome from colecao c1_0
Hibernate: select ft1_0.id,ft1_0.categoria_produto,ft1_0.codigo,ft1_0.codigo_siscomex,ft1_0.colecao,ft1_0.composicao,ft1_0.contrato_cambio_adiant,ft1_0.contrato_cambio_pgto_final,ft1_0.cor,ft1_0.data_amostra_cor,ft1_0.data_amostra_producao,ft1_0.data_aprovacao_amostra_cor,ft1_0.data_aprovacao_amostra_producao,ft1_0.data_chegada_destino,ft1_0.data_colocacao_pedido,ft1_0.data_saida_origem,ft1_0.descricao,ft1_0.descricao_produto,ft1_0.duimp_di,ft1_0.estagio,ft1_0.fornecedor,ft1_0.foto_path,ft1_0.gramatura,ft1_0.largura,ft1_0.marca,ft1_0.marca_que_comprou,ft1_0.marca_que_utiliza,ft1_0.minimo,ft1_0.minimo_compra,ft1_0.ncm,ft1_0.nome_navio,ft1_0.numero_pedido,ft1_0.observacao_amostra_cor,ft1_0.observacao_amostra_producao,ft1_0.preco_reais,ft1_0.preco_usd,ft1_0.qti_pct,ft1_0.quantidade_comprada,ft1_0.ref_fornecedor,ft1_0.ref_texcotton,ft1_0.referencia,ft1_0.rendimento,ft1_0.status_amostra_cor,ft1_0.status_amostra_producao,ft1_0.status_colecao,ft1_0.status_pedido,ft1_0.tipo,ft1_0.tipo_solicitacao,ft1_0.unidade_medida from ficha_tecnica ft1_0 where ft1_0.marca is not null and ft1_0.data_colocacao_pedido is not null and ft1_0.data_aprovacao_amostra_producao is not null
Hibernate: select m1_0.id,m1_0.nome from marca m1_0
Hibernate: select i1_0.id,i1_0.nome from insumo i1_0
Hibernate: select count(*) from ficha_tecnica ft1_0
Hibernate: select ft1_0.tipo,count(ft1_0.id) from ficha_tecnica ft1_0 where ft1_0.tipo is not null group by ft1_0.tipo order by count(ft1_0.id) desc
Hibernate: select count(ft1_0.id) from ficha_tecnica ft1_0 where ft1_0.status_pedido=?
Hibernate: select count(ft1_0.id) from ficha_tecnica ft1_0 where ft1_0.status_pedido=?
Hibernate: select count(ft1_0.id) from ficha_tecnica ft1_0 where ft1_0.status_pedido=?
Hibernate: select count(ft1_0.id) from ficha_tecnica ft1_0 where ft1_0.status_pedido=?
Hibernate: select count(ft1_0.id) from ficha_tecnica ft1_0 where ft1_0.status_amostra_cor=?
Hibernate: select count(ft1_0.id) from ficha_tecnica ft1_0 where ft1_0.status_amostra_cor=?
Hibernate: select count(ft1_0.id) from ficha_tecnica ft1_0 where ft1_0.status_amostra_cor=?
Hibernate: select count(ft1_0.id) from ficha_tecnica ft1_0 where ft1_0.status_amostra_cor=?
Hibernate: select count(ft1_0.id) from ficha_tecnica ft1_0 where ft1_0.status_amostra_producao=?
Hibernate: select count(ft1_0.id) from ficha_tecnica ft1_0 where ft1_0.status_amostra_producao=?
Hibernate: select count(ft1_0.id) from ficha_tecnica ft1_0 where ft1_0.status_amostra_producao=?
Hibernate: select count(ft1_0.id) from ficha_tecnica ft1_0 where ft1_0.status_amostra_producao=?
Hibernate: select ft1_0.marca,count(ft1_0.id) from ficha_tecnica ft1_0 where ft1_0.marca is not null group by ft1_0.marca order by count(ft1_0.id) desc
Hibernate: select c1_0.id,c1_0.nome from colecao c1_0
Hibernate: select ft1_0.colecao,count(ft1_0.id) from ficha_tecnica ft1_0 where ft1_0.colecao is not null and ft1_0.colecao<>'' group by ft1_0.colecao order by ft1_0.colecao
Hibernate: select ft1_0.colecao,ft1_0.tipo,count(ft1_0.id) from ficha_tecnica ft1_0 where ft1_0.colecao is not null and ft1_0.colecao<>'' group by ft1_0.colecao,ft1_0.tipo order by ft1_0.colecao
Hibernate: select ft1_0.colecao,ft1_0.status_pedido,count(ft1_0.id) from ficha_tecnica ft1_0 where ft1_0.colecao is not null and ft1_0.colecao<>'' group by ft1_0.colecao,ft1_0.status_pedido order by ft1_0.colecao
Hibernate: select ft1_0.colecao,ft1_0.status_amostra_cor,count(ft1_0.id) from ficha_tecnica ft1_0 where ft1_0.colecao is not null and ft1_0.colecao<>'' group by ft1_0.colecao,ft1_0.status_amostra_cor order by ft1_0.colecao
Hibernate: select ft1_0.colecao,ft1_0.status_amostra_producao,count(ft1_0.id) from ficha_tecnica ft1_0 where ft1_0.colecao is not null and ft1_0.colecao<>'' group by ft1_0.colecao,ft1_0.status_amostra_producao order by ft1_0.colecao
Hibernate: select ft1_0.fornecedor,ft1_0.colecao,count(ft1_0.id) from ficha_tecnica ft1_0 where ft1_0.fornecedor is not null and ft1_0.colecao is not null and ft1_0.colecao<>'' group by ft1_0.fornecedor,ft1_0.colecao order by ft1_0.fornecedor,ft1_0.colecao
Hibernate: select qp1_0.colecao,sum(((((coalesce(qp1_0.anime_cotado,0)+coalesce(qp1_0.momi_cotado,0))+coalesce(qp1_0.authoria_cotado,0))+coalesce(qp1_0.bimbi_cotado,0))+coalesce(qp1_0.youcciecotado,0))),sum(((((coalesce(qp1_0.anime_aprovado,0)+coalesce(qp1_0.momi_aprovado,0))+coalesce(qp1_0.authoria_aprovado,0))+coalesce(qp1_0.bimbi_aprovado,0))+coalesce(qp1_0.youcciee_aprovado,0))) from quadro_planejamento qp1_0 where qp1_0.colecao is not null group by qp1_0.colecao order by qp1_0.colecao desc
Hibernate: select i1_0.id,i1_0.nome from insumo i1_0
Hibernate: select c1_0.id,c1_0.nome from colecao c1_0
Hibernate: select i1_0.id,i1_0.nome from insumo i1_0
Hibernate: select qp1_0.id,qp1_0.anime_aprovado,qp1_0.anime_cancelado,qp1_0.anime_cotado,qp1_0.authoria_aprovado,qp1_0.authoria_cancelado,qp1_0.authoria_cotado,qp1_0.bimbi_aprovado,qp1_0.bimbi_cancelado,qp1_0.bimbi_cotado,qp1_0.colecao,qp1_0.momi_aprovado,qp1_0.momi_cancelado,qp1_0.momi_cotado,qp1_0.tipo_solicitacao,qp1_0.youcciecancelado,qp1_0.youcciecotado,qp1_0.youcciee_aprovado from quadro_planejamento qp1_0
Hibernate: select qp1_0.id,qp1_0.anime_aprovado,qp1_0.anime_cancelado,qp1_0.anime_cotado,qp1_0.authoria_aprovado,qp1_0.authoria_cancelado,qp1_0.authoria_cotado,qp1_0.bimbi_aprovado,qp1_0.bimbi_cancelado,qp1_0.bimbi_cotado,qp1_0.colecao,qp1_0.momi_aprovado,qp1_0.momi_cancelado,qp1_0.momi_cotado,qp1_0.tipo_solicitacao,qp1_0.youcciecancelado,qp1_0.youcciecotado,qp1_0.youcciee_aprovado from quadro_planejamento qp1_0 where qp1_0.colecao=? and qp1_0.tipo_solicitacao=?
Hibernate: select qp1_0.id,qp1_0.anime_aprovado,qp1_0.anime_cancelado,qp1_0.anime_cotado,qp1_0.authoria_aprovado,qp1_0.authoria_cancelado,qp1_0.authoria_cotado,qp1_0.bimbi_aprovado,qp1_0.bimbi_cancelado,qp1_0.bimbi_cotado,qp1_0.colecao,qp1_0.momi_aprovado,qp1_0.momi_cancelado,qp1_0.momi_cotado,qp1_0.tipo_solicitacao,qp1_0.youcciecancelado,qp1_0.youcciecotado,qp1_0.youcciee_aprovado from quadro_planejamento qp1_0 where qp1_0.colecao=? and qp1_0.tipo_solicitacao=?
Hibernate: select qp1_0.id,qp1_0.anime_aprovado,qp1_0.anime_cancelado,qp1_0.anime_cotado,qp1_0.authoria_aprovado,qp1_0.authoria_cancelado,qp1_0.authoria_cotado,qp1_0.bimbi_aprovado,qp1_0.bimbi_cancelado,qp1_0.bimbi_cotado,qp1_0.colecao,qp1_0.momi_aprovado,qp1_0.momi_cancelado,qp1_0.momi_cotado,qp1_0.tipo_solicitacao,qp1_0.youcciecancelado,qp1_0.youcciecotado,qp1_0.youcciee_aprovado from quadro_planejamento qp1_0 where qp1_0.colecao=? and qp1_0.tipo_solicitacao=?
Hibernate: select qp1_0.id,qp1_0.anime_aprovado,qp1_0.anime_cancelado,qp1_0.anime_cotado,qp1_0.authoria_aprovado,qp1_0.authoria_cancelado,qp1_0.authoria_cotado,qp1_0.bimbi_aprovado,qp1_0.bimbi_cancelado,qp1_0.bimbi_cotado,qp1_0.colecao,qp1_0.momi_aprovado,qp1_0.momi_cancelado,qp1_0.momi_cotado,qp1_0.tipo_solicitacao,qp1_0.youcciecancelado,qp1_0.youcciecotado,qp1_0.youcciee_aprovado from quadro_planejamento qp1_0 where qp1_0.colecao=? and qp1_0.tipo_solicitacao=?
Hibernate: select qp1_0.id,qp1_0.anime_aprovado,qp1_0.anime_cancelado,qp1_0.anime_cotado,qp1_0.authoria_aprovado,qp1_0.authoria_cancelado,qp1_0.authoria_cotado,qp1_0.bimbi_aprovado,qp1_0.bimbi_cancelado,qp1_0.bimbi_cotado,qp1_0.colecao,qp1_0.momi_aprovado,qp1_0.momi_cancelado,qp1_0.momi_cotado,qp1_0.tipo_solicitacao,qp1_0.youcciecancelado,qp1_0.youcciecotado,qp1_0.youcciee_aprovado from quadro_planejamento qp1_0 where qp1_0.colecao=? order by qp1_0.tipo_solicitacao
Hibernate: select qp1_0.id,qp1_0.anime_aprovado,qp1_0.anime_cancelado,qp1_0.anime_cotado,qp1_0.authoria_aprovado,qp1_0.authoria_cancelado,qp1_0.authoria_cotado,qp1_0.bimbi_aprovado,qp1_0.bimbi_cancelado,qp1_0.bimbi_cotado,qp1_0.colecao,qp1_0.momi_aprovado,qp1_0.momi_cancelado,qp1_0.momi_cotado,qp1_0.tipo_solicitacao,qp1_0.youcciecancelado,qp1_0.youcciecotado,qp1_0.youcciee_aprovado from quadro_planejamento qp1_0 where qp1_0.colecao=? order by qp1_0.tipo_solicitacao
Hibernate: select f1_0.id,f1_0.nome from fornecedor f1_0
Hibernate: select bn1_0.id,bn1_0.colecao,bn1_0.fornecedor,bn1_0.insumo,bn1_0.quantidade from bandeira_novidade bn1_0 where bn1_0.colecao=? and bn1_0.fornecedor=? and bn1_0.insumo=?
Hibernate: select bn1_0.id,bn1_0.colecao,bn1_0.fornecedor,bn1_0.insumo,bn1_0.quantidade from bandeira_novidade bn1_0 where bn1_0.colecao=? and bn1_0.fornecedor=? and bn1_0.insumo=?
Hibernate: select bn1_0.id,bn1_0.colecao,bn1_0.fornecedor,bn1_0.insumo,bn1_0.quantidade from bandeira_novidade bn1_0 where bn1_0.colecao=? and bn1_0.fornecedor=? and bn1_0.insumo=?
Hibernate: select bn1_0.id,bn1_0.colecao,bn1_0.fornecedor,bn1_0.insumo,bn1_0.quantidade from bandeira_novidade bn1_0 where bn1_0.colecao=? and bn1_0.fornecedor=? and bn1_0.insumo=?
Hibernate: select bn1_0.id,bn1_0.colecao,bn1_0.fornecedor,bn1_0.insumo,bn1_0.quantidade from bandeira_novidade bn1_0 where bn1_0.colecao=? and bn1_0.fornecedor=? and bn1_0.insumo=?
Hibernate: select bn1_0.id,bn1_0.colecao,bn1_0.fornecedor,bn1_0.insumo,bn1_0.quantidade from bandeira_novidade bn1_0 where bn1_0.colecao=? and bn1_0.fornecedor=? and bn1_0.insumo=?
Hibernate: select bn1_0.id,bn1_0.colecao,bn1_0.fornecedor,bn1_0.insumo,bn1_0.quantidade from bandeira_novidade bn1_0 where bn1_0.colecao=? and bn1_0.fornecedor=? and bn1_0.insumo=?
Hibernate: select bn1_0.id,bn1_0.colecao,bn1_0.fornecedor,bn1_0.insumo,bn1_0.quantidade from bandeira_novidade bn1_0 where bn1_0.colecao=? and bn1_0.fornecedor=? and bn1_0.insumo=?
Hibernate: select bn1_0.id,bn1_0.colecao,bn1_0.fornecedor,bn1_0.insumo,bn1_0.quantidade from bandeira_novidade bn1_0 where bn1_0.colecao=? and bn1_0.fornecedor=? and bn1_0.insumo=?
Hibernate: select bn1_0.id,bn1_0.colecao,bn1_0.fornecedor,bn1_0.insumo,bn1_0.quantidade from bandeira_novidade bn1_0 where bn1_0.colecao=? and bn1_0.fornecedor=? and bn1_0.insumo=?
Hibernate: select bn1_0.id,bn1_0.colecao,bn1_0.fornecedor,bn1_0.insumo,bn1_0.quantidade from bandeira_novidade bn1_0 where bn1_0.colecao=? and bn1_0.fornecedor=? and bn1_0.insumo=?
Hibernate: select bn1_0.id,bn1_0.colecao,bn1_0.fornecedor,bn1_0.insumo,bn1_0.quantidade from bandeira_novidade bn1_0 where bn1_0.colecao=? and bn1_0.fornecedor=? and bn1_0.insumo=?
Hibernate: select bn1_0.id,bn1_0.colecao,bn1_0.fornecedor,bn1_0.insumo,bn1_0.quantidade from bandeira_novidade bn1_0 where bn1_0.colecao=? and bn1_0.fornecedor=? and bn1_0.insumo=?
Hibernate: select bn1_0.id,bn1_0.colecao,bn1_0.fornecedor,bn1_0.insumo,bn1_0.quantidade from bandeira_novidade bn1_0 where bn1_0.colecao=? and bn1_0.fornecedor=? and bn1_0.insumo=?
Hibernate: select bn1_0.id,bn1_0.colecao,bn1_0.fornecedor,bn1_0.insumo,bn1_0.quantidade from bandeira_novidade bn1_0 where bn1_0.colecao=? and bn1_0.fornecedor=? and bn1_0.insumo=?
Hibernate: select bn1_0.id,bn1_0.colecao,bn1_0.fornecedor,bn1_0.insumo,bn1_0.quantidade from bandeira_novidade bn1_0 where bn1_0.colecao=? and bn1_0.fornecedor=? and bn1_0.insumo=?
[GET] bandeirasFlat com qtd > 0:
[GET] VER�O 28|AVIAMENTO UNIDADE|CHATLEE = 188
[GET] VER�O 28|TECIDO METRO|CHATLEE = 913
[GET] VER�O 28|TECIDO METRO|JINBI = 181
[GET] INVERNO 28|AVIAMENTO METRO|CHATLEE = 200
[GET] INVERNO 28|TECIDO METRO|CHATLEE = 1383
[GET] INVERNO 28|TECIDO METRO|JINBI = 181
Hibernate: select i1_0.id,i1_0.nome from insumo i1_0
Hibernate: select ft1_0.id,ft1_0.categoria_produto,ft1_0.codigo,ft1_0.codigo_siscomex,ft1_0.colecao,ft1_0.composicao,ft1_0.contrato_cambio_adiant,ft1_0.contrato_cambio_pgto_final,ft1_0.cor,ft1_0.data_amostra_cor,ft1_0.data_amostra_producao,ft1_0.data_aprovacao_amostra_cor,ft1_0.data_aprovacao_amostra_producao,ft1_0.data_chegada_destino,ft1_0.data_colocacao_pedido,ft1_0.data_saida_origem,ft1_0.descricao,ft1_0.descricao_produto,ft1_0.duimp_di,ft1_0.estagio,ft1_0.fornecedor,ft1_0.foto_path,ft1_0.gramatura,ft1_0.largura,ft1_0.marca,ft1_0.marca_que_comprou,ft1_0.marca_que_utiliza,ft1_0.minimo,ft1_0.minimo_compra,ft1_0.ncm,ft1_0.nome_navio,ft1_0.numero_pedido,ft1_0.observacao_amostra_cor,ft1_0.observacao_amostra_producao,ft1_0.preco_reais,ft1_0.preco_usd,ft1_0.qti_pct,ft1_0.quantidade_comprada,ft1_0.ref_fornecedor,ft1_0.ref_texcotton,ft1_0.referencia,ft1_0.rendimento,ft1_0.status_amostra_cor,ft1_0.status_amostra_producao,ft1_0.status_colecao,ft1_0.status_pedido,ft1_0.tipo,ft1_0.tipo_solicitacao,ft1_0.unidade_medida from ficha_tecnica ft1_0
Hibernate: select c1_0.id,c1_0.nome from colecao c1_0
Hibernate: select i1_0.id,i1_0.nome from insumo i1_0
Hibernate: select i1_0.id,i1_0.nome from insumo i1_0
Hibernate: select ft1_0.id,ft1_0.categoria_produto,ft1_0.codigo,ft1_0.codigo_siscomex,ft1_0.colecao,ft1_0.composicao,ft1_0.contrato_cambio_adiant,ft1_0.contrato_cambio_pgto_final,ft1_0.cor,ft1_0.data_amostra_cor,ft1_0.data_amostra_producao,ft1_0.data_aprovacao_amostra_cor,ft1_0.data_aprovacao_amostra_producao,ft1_0.data_chegada_destino,ft1_0.data_colocacao_pedido,ft1_0.data_saida_origem,ft1_0.descricao,ft1_0.descricao_produto,ft1_0.duimp_di,ft1_0.estagio,ft1_0.fornecedor,ft1_0.foto_path,ft1_0.gramatura,ft1_0.largura,ft1_0.marca,ft1_0.marca_que_comprou,ft1_0.marca_que_utiliza,ft1_0.minimo,ft1_0.minimo_compra,ft1_0.ncm,ft1_0.nome_navio,ft1_0.numero_pedido,ft1_0.observacao_amostra_cor,ft1_0.observacao_amostra_producao,ft1_0.preco_reais,ft1_0.preco_usd,ft1_0.qti_pct,ft1_0.quantidade_comprada,ft1_0.ref_fornecedor,ft1_0.ref_texcotton,ft1_0.referencia,ft1_0.rendimento,ft1_0.status_amostra_cor,ft1_0.status_amostra_producao,ft1_0.status_colecao,ft1_0.status_pedido,ft1_0.tipo,ft1_0.tipo_solicitacao,ft1_0.unidade_medida from ficha_tecnica ft1_0 order by ft1_0.id desc
Hibernate: select c1_0.id,c1_0.nome from colecao c1_0
Hibernate: select f1_0.id,f1_0.nome from fornecedor f1_0
Hibernate: select ft1_0.colecao,count(ft1_0.id) from ficha_tecnica ft1_0 where ft1_0.colecao is not null and ft1_0.colecao<>'' group by ft1_0.colecao order by ft1_0.colecao
Hibernate: select ft1_0.colecao,ft1_0.tipo,count(ft1_0.id) from ficha_tecnica ft1_0 where ft1_0.colecao is not null and ft1_0.colecao<>'' group by ft1_0.colecao,ft1_0.tipo order by ft1_0.colecao
Hibernate: select ft1_0.colecao,ft1_0.tipo,count(ft1_0.id) from ficha_tecnica ft1_0 where ft1_0.colecao is not null and ft1_0.colecao<>'' group by ft1_0.colecao,ft1_0.tipo order by ft1_0.colecao
Hibernate: select ft1_0.colecao,ft1_0.tipo,count(ft1_0.id) from ficha_tecnica ft1_0 where ft1_0.colecao is not null and ft1_0.colecao<>'' group by ft1_0.colecao,ft1_0.tipo order by ft1_0.colecao
Hibernate: select i1_0.id,i1_0.nome from insumo i1_0
Hibernate: select i1_0.id,i1_0.nome from insumo i1_0
Hibernate: select ft1_0.id,ft1_0.categoria_produto,ft1_0.codigo,ft1_0.codigo_siscomex,ft1_0.colecao,ft1_0.composicao,ft1_0.contrato_cambio_adiant,ft1_0.contrato_cambio_pgto_final,ft1_0.cor,ft1_0.data_amostra_cor,ft1_0.data_amostra_producao,ft1_0.data_aprovacao_amostra_cor,ft1_0.data_aprovacao_amostra_producao,ft1_0.data_chegada_destino,ft1_0.data_colocacao_pedido,ft1_0.data_saida_origem,ft1_0.descricao,ft1_0.descricao_produto,ft1_0.duimp_di,ft1_0.estagio,ft1_0.fornecedor,ft1_0.foto_path,ft1_0.gramatura,ft1_0.largura,ft1_0.marca,ft1_0.marca_que_comprou,ft1_0.marca_que_utiliza,ft1_0.minimo,ft1_0.minimo_compra,ft1_0.ncm,ft1_0.nome_navio,ft1_0.numero_pedido,ft1_0.observacao_amostra_cor,ft1_0.observacao_amostra_producao,ft1_0.preco_reais,ft1_0.preco_usd,ft1_0.qti_pct,ft1_0.quantidade_comprada,ft1_0.ref_fornecedor,ft1_0.ref_texcotton,ft1_0.referencia,ft1_0.rendimento,ft1_0.status_amostra_cor,ft1_0.status_amostra_producao,ft1_0.status_colecao,ft1_0.status_pedido,ft1_0.tipo,ft1_0.tipo_solicitacao,ft1_0.unidade_medida from ficha_tecnica ft1_0 order by ft1_0.id desc
Hibernate: select c1_0.id,c1_0.nome from colecao c1_0
Hibernate: select f1_0.id,f1_0.nome from fornecedor f1_0
Hibernate: select ft1_0.colecao,count(ft1_0.id) from ficha_tecnica ft1_0 where ft1_0.colecao is not null and ft1_0.colecao<>'' group by ft1_0.colecao order by ft1_0.colecao
Hibernate: select ft1_0.colecao,ft1_0.tipo,count(ft1_0.id) from ficha_tecnica ft1_0 where ft1_0.colecao is not null and ft1_0.colecao<>'' group by ft1_0.colecao,ft1_0.tipo order by ft1_0.colecao
Hibernate: select ft1_0.colecao,ft1_0.tipo,count(ft1_0.id) from ficha_tecnica ft1_0 where ft1_0.colecao is not null and ft1_0.colecao<>'' group by ft1_0.colecao,ft1_0.tipo order by ft1_0.colecao
Hibernate: select ft1_0.colecao,ft1_0.tipo,count(ft1_0.id) from ficha_tecnica ft1_0 where ft1_0.colecao is not null and ft1_0.colecao<>'' group by ft1_0.colecao,ft1_0.tipo order by ft1_0.colecao
Hibernate: select i1_0.id,i1_0.nome from insumo i1_0
Hibernate: select i1_0.id,i1_0.nome from insumo i1_0
Hibernate: select m1_0.id,m1_0.nome from marca m1_0
Hibernate: select c1_0.id,c1_0.nome from colecao c1_0
Hibernate: select f1_0.id,f1_0.nome from fornecedor f1_0
Hibernate: select c1_0.id,c1_0.nome from categoria c1_0
Hibernate: select i1_0.id,i1_0.nome from insumo i1_0
Hibernate: select ft1_0.id,ft1_0.categoria_produto,ft1_0.codigo,ft1_0.codigo_siscomex,ft1_0.colecao,ft1_0.composicao,ft1_0.contrato_cambio_adiant,ft1_0.contrato_cambio_pgto_final,ft1_0.cor,ft1_0.data_amostra_cor,ft1_0.data_amostra_producao,ft1_0.data_aprovacao_amostra_cor,ft1_0.data_aprovacao_amostra_producao,ft1_0.data_chegada_destino,ft1_0.data_colocacao_pedido,ft1_0.data_saida_origem,ft1_0.descricao,ft1_0.descricao_produto,ft1_0.duimp_di,ft1_0.estagio,ft1_0.fornecedor,ft1_0.foto_path,ft1_0.gramatura,ft1_0.largura,ft1_0.marca,ft1_0.marca_que_comprou,ft1_0.marca_que_utiliza,ft1_0.minimo,ft1_0.minimo_compra,ft1_0.ncm,ft1_0.nome_navio,ft1_0.numero_pedido,ft1_0.observacao_amostra_cor,ft1_0.observacao_amostra_producao,ft1_0.preco_reais,ft1_0.preco_usd,ft1_0.qti_pct,ft1_0.quantidade_comprada,ft1_0.ref_fornecedor,ft1_0.ref_texcotton,ft1_0.referencia,ft1_0.rendimento,ft1_0.status_amostra_cor,ft1_0.status_amostra_producao,ft1_0.status_colecao,ft1_0.status_pedido,ft1_0.tipo,ft1_0.tipo_solicitacao,ft1_0.unidade_medida from ficha_tecnica ft1_0 order by ft1_0.id desc
Hibernate: select c1_0.id,c1_0.nome from colecao c1_0
Hibernate: select f1_0.id,f1_0.nome from fornecedor f1_0
Hibernate: select ft1_0.colecao,count(ft1_0.id) from ficha_tecnica ft1_0 where ft1_0.colecao is not null and ft1_0.colecao<>'' group by ft1_0.colecao order by ft1_0.colecao
Hibernate: select i1_0.id,i1_0.nome from insumo i1_0
Hibernate: select ft1_0.id,ft1_0.categoria_produto,ft1_0.codigo,ft1_0.codigo_siscomex,ft1_0.colecao,ft1_0.composicao,ft1_0.contrato_cambio_adiant,ft1_0.contrato_cambio_pgto_final,ft1_0.cor,ft1_0.data_amostra_cor,ft1_0.data_amostra_producao,ft1_0.data_aprovacao_amostra_cor,ft1_0.data_aprovacao_amostra_producao,ft1_0.data_chegada_destino,ft1_0.data_colocacao_pedido,ft1_0.data_saida_origem,ft1_0.descricao,ft1_0.descricao_produto,ft1_0.duimp_di,ft1_0.estagio,ft1_0.fornecedor,ft1_0.foto_path,ft1_0.gramatura,ft1_0.largura,ft1_0.marca,ft1_0.marca_que_comprou,ft1_0.marca_que_utiliza,ft1_0.minimo,ft1_0.minimo_compra,ft1_0.ncm,ft1_0.nome_navio,ft1_0.numero_pedido,ft1_0.observacao_amostra_cor,ft1_0.observacao_amostra_producao,ft1_0.preco_reais,ft1_0.preco_usd,ft1_0.qti_pct,ft1_0.quantidade_comprada,ft1_0.ref_fornecedor,ft1_0.ref_texcotton,ft1_0.referencia,ft1_0.rendimento,ft1_0.status_amostra_cor,ft1_0.status_amostra_producao,ft1_0.status_colecao,ft1_0.status_pedido,ft1_0.tipo,ft1_0.tipo_solicitacao,ft1_0.unidade_medida from ficha_tecnica ft1_0
Hibernate: select m1_0.id,m1_0.nome from marca m1_0
Hibernate: select c1_0.id,c1_0.nome from colecao c1_0
Hibernate: select i1_0.id,i1_0.nome from insumo i1_0
Hibernate: select f1_0.id,f1_0.nome from fornecedor f1_0
Hibernate: select c1_0.id,c1_0.nome from categoria c1_0
Hibernate: select bn1_0.id,bn1_0.colecao,bn1_0.fornecedor,bn1_0.insumo,bn1_0.quantidade from bandeira_novidade bn1_0
Hibernate: select qp1_0.id,qp1_0.anime_aprovado,qp1_0.anime_cancelado,qp1_0.anime_cotado,qp1_0.authoria_aprovado,qp1_0.authoria_cancelado,qp1_0.authoria_cotado,qp1_0.bimbi_aprovado,qp1_0.bimbi_cancelado,qp1_0.bimbi_cotado,qp1_0.colecao,qp1_0.momi_aprovado,qp1_0.momi_cancelado,qp1_0.momi_cotado,qp1_0.tipo_solicitacao,qp1_0.youcciecancelado,qp1_0.youcciecotado,qp1_0.youcciee_aprovado from quadro_planejamento qp1_0
Hibernate: select cp1_0.id,cp1_0.colecao,cp1_0.insumo,cp1_0.marca from cadastro_previo cp1_0
2026-10-01T10:33:31.312-03:00  INFO 12700 --- [projeto] [   scheduling-1] c.e.projeto.service.CsvBackupService     : Backup CSV concluído em C:\Users\sabrina.00858\IdeaProjects\projetoMichele\backups (131 registros no total).
2026-10-01T10:34:57.126-03:00  INFO 12700 --- [projeto] [   File Watcher] rtingClassPathChangeChangedEventListener : Restarting due to 48 class path changes (0 additions, 47 deletions, 1 modification)
2026-10-01T10:34:57.146-03:00  INFO 12700 --- [projeto] [       Thread-1] o.s.boot.tomcat.GracefulShutdown         : Commencing graceful shutdown. Waiting for active requests to complete
2026-10-01T10:34:57.176-03:00  INFO 12700 --- [projeto] [tomcat-shutdown] o.s.boot.tomcat.GracefulShutdown         : Graceful shutdown complete
2026-10-01T10:34:57.190-03:00  INFO 12700 --- [projeto] [       Thread-1] j.LocalContainerEntityManagerFactoryBean : Closing JPA EntityManagerFactory for persistence unit 'default'
2026-10-01T10:34:57.203-03:00  INFO 12700 --- [projeto] [       Thread-1] com.zaxxer.hikari.HikariDataSource       : HikariPool-1 - Shutdown initiated...
2026-10-01T10:34:57.405-03:00  INFO 12700 --- [projeto] [       Thread-1] com.zaxxer.hikari.HikariDataSource       : HikariPool-1 - Shutdown completed.

  .   ____          _            __ _ _
 /\\ / ___'_ __ _ _(_)_ __  __ _ \ \ \ \
( ( )\___ | '_ | '_| | '_ \/ _` | \ \ \ \
 \\/  ___)| |_)| | | | | || (_| |  ) ) ) )
  '  |____| .__|_| |_|_| |_\__, | / / / /
 =========|_|==============|___/=/_/_/_/

 :: Spring Boot ::                (v4.0.3)

2026-10-01T10:34:57.695-03:00  INFO 12700 --- [projeto] [  restartedMain] com.example.projeto.ProjetoApplication   : Starting ProjetoApplication using Java 25.0.2 with PID 12700 (C:\Users\sabrina.00858\IdeaProjects\projetoMichele\projeto\target\classes started by Sabrina.00858 in C:\Users\sabrina.00858\IdeaProjects\projetoMichele\projeto)
2026-10-01T10:34:57.695-03:00  INFO 12700 --- [projeto] [  restartedMain] com.example.projeto.ProjetoApplication   : No active profile set, falling back to 1 default profile: "default"
2026-10-01T10:34:58.467-03:00  INFO 12700 --- [projeto] [  restartedMain] .s.d.r.c.RepositoryConfigurationDelegate : Bootstrapping Spring Data JPA repositories in DEFAULT mode.
2026-10-01T10:34:58.474-03:00  INFO 12700 --- [projeto] [  restartedMain] .s.d.r.c.RepositoryConfigurationDelegate : Finished Spring Data repository scanning in 4 ms. Found 0 JPA repository interfaces.
2026-10-01T10:34:58.969-03:00  INFO 12700 --- [projeto] [  restartedMain] o.s.boot.tomcat.TomcatWebServer          : Tomcat initialized with port 8080 (http)
2026-10-01T10:34:58.974-03:00  INFO 12700 --- [projeto] [  restartedMain] o.apache.catalina.core.StandardService   : Starting service [Tomcat]
2026-10-01T10:34:58.974-03:00  INFO 12700 --- [projeto] [  restartedMain] o.apache.catalina.core.StandardEngine    : Starting Servlet engine: [Apache Tomcat/11.0.18]
2026-10-01T10:34:59.068-03:00  INFO 12700 --- [projeto] [  restartedMain] b.w.c.s.WebApplicationContextInitializer : Root WebApplicationContext: initialization completed in 1362 ms
2026-10-01T10:34:59.243-03:00  INFO 12700 --- [projeto] [  restartedMain] org.hibernate.orm.jpa                    : HHH008540: Processing PersistenceUnitInfo [name: default]
2026-10-01T10:34:59.442-03:00  INFO 12700 --- [projeto] [  restartedMain] o.s.o.j.p.SpringPersistenceUnitInfo      : No LoadTimeWeaver setup: ignoring JPA class transformer
2026-10-01T10:34:59.448-03:00  INFO 12700 --- [projeto] [  restartedMain] com.zaxxer.hikari.HikariDataSource       : HikariPool-2 - Starting...
2026-10-01T10:34:59.592-03:00  INFO 12700 --- [projeto] [  restartedMain] com.zaxxer.hikari.pool.HikariPool        : HikariPool-2 - Added connection conn34: url=jdbc:h2:file:C:/Users/sabrina.00858/IdeaProjects/projetoMichele/data/fichatecnica user=SA
2026-10-01T10:34:59.592-03:00  INFO 12700 --- [projeto] [  restartedMain] com.zaxxer.hikari.HikariDataSource       : HikariPool-2 - Start completed.
2026-10-01T10:34:59.595-03:00  WARN 12700 --- [projeto] [  restartedMain] org.hibernate.orm.deprecation            : HHH90000025: H2Dialect does not need to be specified explicitly using 'hibernate.dialect' (remove the property setting and it will be selected by default)
2026-10-01T10:34:59.596-03:00  INFO 12700 --- [projeto] [  restartedMain] org.hibernate.orm.connections.pooling    : HHH10001005: Database info:
	Database JDBC URL [jdbc:h2:file:C:/Users/sabrina.00858/IdeaProjects/projetoMichele/data/fichatecnica]
	Database driver: H2 JDBC Driver
	Database dialect: H2Dialect
	Database version: 2.4.240
	Default catalog/schema: FICHATECNICA/PUBLIC
	Autocommit mode: undefined/unknown
	Isolation level: READ_COMMITTED [default READ_COMMITTED]
	JDBC fetch size: 100
	Pool: DataSourceConnectionProvider
	Minimum pool size: undefined/unknown
	Maximum pool size: undefined/unknown
2026-10-01T10:34:59.667-03:00  INFO 12700 --- [projeto] [  restartedMain] org.hibernate.orm.core                   : HHH000489: No JTA platform available (set 'hibernate.transaction.jta.platform' to enable JTA platform integration)
2026-10-01T10:34:59.669-03:00  INFO 12700 --- [projeto] [  restartedMain] j.LocalContainerEntityManagerFactoryBean : Initialized JPA EntityManagerFactory for persistence unit 'default'
2026-10-01T10:34:59.803-03:00  WARN 12700 --- [projeto] [  restartedMain] JpaBaseConfiguration$JpaWebConfiguration : spring.jpa.open-in-view is enabled by default. Therefore, database queries may be performed during view rendering. Explicitly configure spring.jpa.open-in-view to disable this warning
2026-10-01T10:35:00.604-03:00  INFO 12700 --- [projeto] [  restartedMain] o.s.boot.tomcat.TomcatWebServer          : Tomcat started on port 8080 (http) with context path '/'
2026-10-01T10:35:00.611-03:00  INFO 12700 --- [projeto] [  restartedMain] com.example.projeto.ProjetoApplication   : Started ProjetoApplication in 3.029 seconds (process running for 4611.184)
2026-10-01T10:35:00.620-03:00  INFO 12700 --- [projeto] [  restartedMain] .ConditionEvaluationDeltaLoggingListener : Condition evaluation delta:


==========================
CONDITION EVALUATION DELTA
==========================


Positive matches:
-----------------

   MultipartAutoConfiguration#multipartConfigElement matched:
      - @ConditionalOnMissingBean (types: jakarta.servlet.MultipartConfigElement; SearchStrategy: all) did not find any beans (OnBeanCondition)


Negative matches:
-----------------

    None


Exclusions:
-----------

    None


Unconditional classes:
----------------------

    None



2026-10-01T10:35:03.385-03:00  INFO 12700 --- [projeto] [   File Watcher] rtingClassPathChangeChangedEventListener : Restarting due to 47 class path changes (47 additions, 0 deletions, 0 modifications)
2026-10-01T10:35:03.388-03:00  INFO 12700 --- [projeto] [      Thread-19] o.s.boot.tomcat.GracefulShutdown         : Commencing graceful shutdown. Waiting for active requests to complete
2026-10-01T10:35:03.398-03:00  INFO 12700 --- [projeto] [tomcat-shutdown] o.s.boot.tomcat.GracefulShutdown         : Graceful shutdown complete
2026-10-01T10:35:03.403-03:00  INFO 12700 --- [projeto] [      Thread-19] j.LocalContainerEntityManagerFactoryBean : Closing JPA EntityManagerFactory for persistence unit 'default'
2026-10-01T10:35:03.404-03:00  INFO 12700 --- [projeto] [      Thread-19] com.zaxxer.hikari.HikariDataSource       : HikariPool-2 - Shutdown initiated...
2026-10-01T10:35:03.461-03:00  INFO 12700 --- [projeto] [      Thread-19] com.zaxxer.hikari.HikariDataSource       : HikariPool-2 - Shutdown completed.

  .   ____          _            __ _ _
 /\\ / ___'_ __ _ _(_)_ __  __ _ \ \ \ \
( ( )\___ | '_ | '_| | '_ \/ _` | \ \ \ \
 \\/  ___)| |_)| | | | | || (_| |  ) ) ) )
  '  |____| .__|_| |_|_| |_\__, | / / / /
 =========|_|==============|___/=/_/_/_/

 :: Spring Boot ::                (v4.0.3)

2026-10-01T10:35:03.601-03:00  INFO 12700 --- [projeto] [  restartedMain] com.example.projeto.ProjetoApplication   : Starting ProjetoApplication using Java 25.0.2 with PID 12700 (C:\Users\sabrina.00858\IdeaProjects\projetoMichele\projeto\target\classes started by Sabrina.00858 in C:\Users\sabrina.00858\IdeaProjects\projetoMichele\projeto)
2026-10-01T10:35:03.601-03:00  INFO 12700 --- [projeto] [  restartedMain] com.example.projeto.ProjetoApplication   : No active profile set, falling back to 1 default profile: "default"
2026-10-01T10:35:03.891-03:00  INFO 12700 --- [projeto] [  restartedMain] .s.d.r.c.RepositoryConfigurationDelegate : Bootstrapping Spring Data JPA repositories in DEFAULT mode.
2026-10-01T10:35:03.926-03:00  INFO 12700 --- [projeto] [  restartedMain] .s.d.r.c.RepositoryConfigurationDelegate : Finished Spring Data repository scanning in 33 ms. Found 9 JPA repository interfaces.
2026-10-01T10:35:04.061-03:00  INFO 12700 --- [projeto] [  restartedMain] o.s.boot.tomcat.TomcatWebServer          : Tomcat initialized with port 8080 (http)
2026-10-01T10:35:04.061-03:00  INFO 12700 --- [projeto] [  restartedMain] o.apache.catalina.core.StandardService   : Starting service [Tomcat]
2026-10-01T10:35:04.061-03:00  INFO 12700 --- [projeto] [  restartedMain] o.apache.catalina.core.StandardEngine    : Starting Servlet engine: [Apache Tomcat/11.0.18]
2026-10-01T10:35:04.099-03:00  INFO 12700 --- [projeto] [  restartedMain] b.w.c.s.WebApplicationContextInitializer : Root WebApplicationContext: initialization completed in 494 ms
2026-10-01T10:35:04.144-03:00  INFO 12700 --- [projeto] [  restartedMain] org.hibernate.orm.jpa                    : HHH008540: Processing PersistenceUnitInfo [name: default]
2026-10-01T10:35:04.192-03:00  INFO 12700 --- [projeto] [  restartedMain] o.s.o.j.p.SpringPersistenceUnitInfo      : No LoadTimeWeaver setup: ignoring JPA class transformer
2026-10-01T10:35:04.194-03:00  INFO 12700 --- [projeto] [  restartedMain] com.zaxxer.hikari.HikariDataSource       : HikariPool-3 - Starting...
2026-10-01T10:35:04.253-03:00  INFO 12700 --- [projeto] [  restartedMain] com.zaxxer.hikari.pool.HikariPool        : HikariPool-3 - Added connection conn45: url=jdbc:h2:file:C:/Users/sabrina.00858/IdeaProjects/projetoMichele/data/fichatecnica user=SA
2026-10-01T10:35:04.253-03:00  INFO 12700 --- [projeto] [  restartedMain] com.zaxxer.hikari.HikariDataSource       : HikariPool-3 - Start completed.
2026-10-01T10:35:04.256-03:00  WARN 12700 --- [projeto] [  restartedMain] org.hibernate.orm.deprecation            : HHH90000025: H2Dialect does not need to be specified explicitly using 'hibernate.dialect' (remove the property setting and it will be selected by default)
2026-10-01T10:35:04.257-03:00  INFO 12700 --- [projeto] [  restartedMain] org.hibernate.orm.connections.pooling    : HHH10001005: Database info:
	Database JDBC URL [jdbc:h2:file:C:/Users/sabrina.00858/IdeaProjects/projetoMichele/data/fichatecnica]
	Database driver: H2 JDBC Driver
	Database dialect: H2Dialect
	Database version: 2.4.240
	Default catalog/schema: FICHATECNICA/PUBLIC
	Autocommit mode: undefined/unknown
	Isolation level: READ_COMMITTED [default READ_COMMITTED]
	JDBC fetch size: 100
	Pool: DataSourceConnectionProvider
	Minimum pool size: undefined/unknown
	Maximum pool size: undefined/unknown
2026-10-01T10:35:04.633-03:00  INFO 12700 --- [projeto] [  restartedMain] org.hibernate.orm.core                   : HHH000489: No JTA platform available (set 'hibernate.transaction.jta.platform' to enable JTA platform integration)
Hibernate: alter table if exists bandeira_novidade drop constraint if exists UKetc6d16nj79sbjrmo7u9xqqe8
Hibernate: alter table if exists bandeira_novidade add constraint UKetc6d16nj79sbjrmo7u9xqqe8 unique (colecao, fornecedor, insumo)
Hibernate: alter table if exists quadro_planejamento drop constraint if exists UKh1daplshg0w4l5q3sn1570ag
Hibernate: alter table if exists quadro_planejamento add constraint UKh1daplshg0w4l5q3sn1570ag unique (colecao, tipo_solicitacao)
2026-10-01T10:35:04.650-03:00  INFO 12700 --- [projeto] [  restartedMain] j.LocalContainerEntityManagerFactoryBean : Initialized JPA EntityManagerFactory for persistence unit 'default'
Hibernate: select ft1_0.id,ft1_0.categoria_produto,ft1_0.codigo,ft1_0.codigo_siscomex,ft1_0.colecao,ft1_0.composicao,ft1_0.contrato_cambio_adiant,ft1_0.contrato_cambio_pgto_final,ft1_0.cor,ft1_0.data_amostra_cor,ft1_0.data_amostra_producao,ft1_0.data_aprovacao_amostra_cor,ft1_0.data_aprovacao_amostra_producao,ft1_0.data_chegada_destino,ft1_0.data_colocacao_pedido,ft1_0.data_saida_origem,ft1_0.descricao,ft1_0.descricao_produto,ft1_0.duimp_di,ft1_0.estagio,ft1_0.fornecedor,ft1_0.foto_path,ft1_0.gramatura,ft1_0.largura,ft1_0.marca,ft1_0.marca_que_comprou,ft1_0.marca_que_utiliza,ft1_0.minimo,ft1_0.minimo_compra,ft1_0.ncm,ft1_0.nome_navio,ft1_0.numero_pedido,ft1_0.observacao_amostra_cor,ft1_0.observacao_amostra_producao,ft1_0.preco_reais,ft1_0.preco_usd,ft1_0.qti_pct,ft1_0.quantidade_comprada,ft1_0.ref_fornecedor,ft1_0.ref_texcotton,ft1_0.referencia,ft1_0.rendimento,ft1_0.status_amostra_cor,ft1_0.status_amostra_producao,ft1_0.status_colecao,ft1_0.status_pedido,ft1_0.tipo,ft1_0.tipo_solicitacao,ft1_0.unidade_medida from ficha_tecnica ft1_0
Hibernate: select m1_0.id,m1_0.nome from marca m1_0
Hibernate: select c1_0.id,c1_0.nome from colecao c1_0
Hibernate: select i1_0.id,i1_0.nome from insumo i1_0
Hibernate: select f1_0.id,f1_0.nome from fornecedor f1_0
Hibernate: select c1_0.id,c1_0.nome from categoria c1_0
Hibernate: select bn1_0.id,bn1_0.colecao,bn1_0.fornecedor,bn1_0.insumo,bn1_0.quantidade from bandeira_novidade bn1_0
Hibernate: select qp1_0.id,qp1_0.anime_aprovado,qp1_0.anime_cancelado,qp1_0.anime_cotado,qp1_0.authoria_aprovado,qp1_0.authoria_cancelado,qp1_0.authoria_cotado,qp1_0.bimbi_aprovado,qp1_0.bimbi_cancelado,qp1_0.bimbi_cotado,qp1_0.colecao,qp1_0.momi_aprovado,qp1_0.momi_cancelado,qp1_0.momi_cotado,qp1_0.tipo_solicitacao,qp1_0.youcciecancelado,qp1_0.youcciecotado,qp1_0.youcciee_aprovado from quadro_planejamento qp1_0
Hibernate: select cp1_0.id,cp1_0.colecao,cp1_0.insumo,cp1_0.marca from cadastro_previo cp1_0
2026-10-01T10:35:05.075-03:00  INFO 12700 --- [projeto] [  restartedMain] c.e.projeto.service.CsvBackupService     : Backup CSV concluído em C:\Users\sabrina.00858\IdeaProjects\projetoMichele\backups (131 registros no total).
2026-10-01T10:35:05.108-03:00  WARN 12700 --- [projeto] [  restartedMain] JpaBaseConfiguration$JpaWebConfiguration : spring.jpa.open-in-view is enabled by default. Therefore, database queries may be performed during view rendering. Explicitly configure spring.jpa.open-in-view to disable this warning
2026-10-01T10:35:05.251-03:00  INFO 12700 --- [projeto] [  restartedMain] o.s.boot.tomcat.TomcatWebServer          : Tomcat started on port 8080 (http) with context path '/'
2026-10-01T10:35:05.255-03:00  INFO 12700 --- [projeto] [  restartedMain] com.example.projeto.ProjetoApplication   : Started ProjetoApplication in 1.692 seconds (process running for 4615.828)
Hibernate: select ft1_0.id,ft1_0.categoria_produto,ft1_0.codigo,ft1_0.codigo_siscomex,ft1_0.colecao,ft1_0.composicao,ft1_0.contrato_cambio_adiant,ft1_0.contrato_cambio_pgto_final,ft1_0.cor,ft1_0.data_amostra_cor,ft1_0.data_amostra_producao,ft1_0.data_aprovacao_amostra_cor,ft1_0.data_aprovacao_amostra_producao,ft1_0.data_chegada_destino,ft1_0.data_colocacao_pedido,ft1_0.data_saida_origem,ft1_0.descricao,ft1_0.descricao_produto,ft1_0.duimp_di,ft1_0.estagio,ft1_0.fornecedor,ft1_0.foto_path,ft1_0.gramatura,ft1_0.largura,ft1_0.marca,ft1_0.marca_que_comprou,ft1_0.marca_que_utiliza,ft1_0.minimo,ft1_0.minimo_compra,ft1_0.ncm,ft1_0.nome_navio,ft1_0.numero_pedido,ft1_0.observacao_amostra_cor,ft1_0.observacao_amostra_producao,ft1_0.preco_reais,ft1_0.preco_usd,ft1_0.qti_pct,ft1_0.quantidade_comprada,ft1_0.ref_fornecedor,ft1_0.ref_texcotton,ft1_0.referencia,ft1_0.rendimento,ft1_0.status_amostra_cor,ft1_0.status_amostra_producao,ft1_0.status_colecao,ft1_0.status_pedido,ft1_0.tipo,ft1_0.tipo_solicitacao,ft1_0.unidade_medida from ficha_tecnica ft1_0
2026-10-01T10:35:05.257-03:00  INFO 12700 --- [projeto] [  restartedMain] .ConditionEvaluationDeltaLoggingListener : Condition evaluation delta:


==========================
CONDITION EVALUATION DELTA
==========================


Positive matches:
-----------------

    None


Negative matches:
-----------------

   MultipartAutoConfiguration#multipartConfigElement:
      Did not match:
         - @ConditionalOnMissingBean (types: jakarta.servlet.MultipartConfigElement; SearchStrategy: all) found beans of type 'jakarta.servlet.MultipartConfigElement' multipartConfigElement (OnBeanCondition)


Exclusions:
-----------

    None


Unconditional classes:
----------------------

    None



Hibernate: select m1_0.id,m1_0.nome from marca m1_0
Hibernate: select c1_0.id,c1_0.nome from colecao c1_0
Hibernate: select i1_0.id,i1_0.nome from insumo i1_0
Hibernate: select f1_0.id,f1_0.nome from fornecedor f1_0
Hibernate: select c1_0.id,c1_0.nome from categoria c1_0
Hibernate: select bn1_0.id,bn1_0.colecao,bn1_0.fornecedor,bn1_0.insumo,bn1_0.quantidade from bandeira_novidade bn1_0
Hibernate: select qp1_0.id,qp1_0.anime_aprovado,qp1_0.anime_cancelado,qp1_0.anime_cotado,qp1_0.authoria_aprovado,qp1_0.authoria_cancelado,qp1_0.authoria_cotado,qp1_0.bimbi_aprovado,qp1_0.bimbi_cancelado,qp1_0.bimbi_cotado,qp1_0.colecao,qp1_0.momi_aprovado,qp1_0.momi_cancelado,qp1_0.momi_cotado,qp1_0.tipo_solicitacao,qp1_0.youcciecancelado,qp1_0.youcciecotado,qp1_0.youcciee_aprovado from quadro_planejamento qp1_0
Hibernate: select cp1_0.id,cp1_0.colecao,cp1_0.insumo,cp1_0.marca from cadastro_previo cp1_0
2026-10-01T10:35:05.301-03:00  INFO 12700 --- [projeto] [   scheduling-1] c.e.projeto.service.CsvBackupService     : Backup CSV concluído em C:\Users\sabrina.00858\IdeaProjects\projetoMichele\backups (131 registros no total).
2026-10-01T10:35:14.429-03:00  INFO 12700 --- [projeto] [nio-8080-exec-1] o.a.c.c.C.[Tomcat].[localhost].[/]       : Initializing Spring DispatcherServlet 'dispatcherServlet'
2026-10-01T10:35:14.429-03:00  INFO 12700 --- [projeto] [nio-8080-exec-1] o.s.web.servlet.DispatcherServlet        : Initializing Servlet 'dispatcherServlet'
2026-10-01T10:35:14.430-03:00  INFO 12700 --- [projeto] [nio-8080-exec-1] o.s.web.servlet.DispatcherServlet        : Completed initialization in 1 ms
Hibernate: select i1_0.id,i1_0.nome from insumo i1_0
Hibernate: select ft1_0.id,ft1_0.categoria_produto,ft1_0.codigo,ft1_0.codigo_siscomex,ft1_0.colecao,ft1_0.composicao,ft1_0.contrato_cambio_adiant,ft1_0.contrato_cambio_pgto_final,ft1_0.cor,ft1_0.data_amostra_cor,ft1_0.data_amostra_producao,ft1_0.data_aprovacao_amostra_cor,ft1_0.data_aprovacao_amostra_producao,ft1_0.data_chegada_destino,ft1_0.data_colocacao_pedido,ft1_0.data_saida_origem,ft1_0.descricao,ft1_0.descricao_produto,ft1_0.duimp_di,ft1_0.estagio,ft1_0.fornecedor,ft1_0.foto_path,ft1_0.gramatura,ft1_0.largura,ft1_0.marca,ft1_0.marca_que_comprou,ft1_0.marca_que_utiliza,ft1_0.minimo,ft1_0.minimo_compra,ft1_0.ncm,ft1_0.nome_navio,ft1_0.numero_pedido,ft1_0.observacao_amostra_cor,ft1_0.observacao_amostra_producao,ft1_0.preco_reais,ft1_0.preco_usd,ft1_0.qti_pct,ft1_0.quantidade_comprada,ft1_0.ref_fornecedor,ft1_0.ref_texcotton,ft1_0.referencia,ft1_0.rendimento,ft1_0.status_amostra_cor,ft1_0.status_amostra_producao,ft1_0.status_colecao,ft1_0.status_pedido,ft1_0.tipo,ft1_0.tipo_solicitacao,ft1_0.unidade_medida from ficha_tecnica ft1_0 order by ft1_0.id desc
Hibernate: select c1_0.id,c1_0.nome from colecao c1_0
Hibernate: select f1_0.id,f1_0.nome from fornecedor f1_0
Hibernate: select ft1_0.colecao,count(ft1_0.id) from ficha_tecnica ft1_0 where ft1_0.colecao is not null and ft1_0.colecao<>'' group by ft1_0.colecao order by ft1_0.colecao
Hibernate: select i1_0.id,i1_0.nome from insumo i1_0
Hibernate: select ft1_0.id,ft1_0.categoria_produto,ft1_0.codigo,ft1_0.codigo_siscomex,ft1_0.colecao,ft1_0.composicao,ft1_0.contrato_cambio_adiant,ft1_0.contrato_cambio_pgto_final,ft1_0.cor,ft1_0.data_amostra_cor,ft1_0.data_amostra_producao,ft1_0.data_aprovacao_amostra_cor,ft1_0.data_aprovacao_amostra_producao,ft1_0.data_chegada_destino,ft1_0.data_colocacao_pedido,ft1_0.data_saida_origem,ft1_0.descricao,ft1_0.descricao_produto,ft1_0.duimp_di,ft1_0.estagio,ft1_0.fornecedor,ft1_0.foto_path,ft1_0.gramatura,ft1_0.largura,ft1_0.marca,ft1_0.marca_que_comprou,ft1_0.marca_que_utiliza,ft1_0.minimo,ft1_0.minimo_compra,ft1_0.ncm,ft1_0.nome_navio,ft1_0.numero_pedido,ft1_0.observacao_amostra_cor,ft1_0.observacao_amostra_producao,ft1_0.preco_reais,ft1_0.preco_usd,ft1_0.qti_pct,ft1_0.quantidade_comprada,ft1_0.ref_fornecedor,ft1_0.ref_texcotton,ft1_0.referencia,ft1_0.rendimento,ft1_0.status_amostra_cor,ft1_0.status_amostra_producao,ft1_0.status_colecao,ft1_0.status_pedido,ft1_0.tipo,ft1_0.tipo_solicitacao,ft1_0.unidade_medida from ficha_tecnica ft1_0 order by ft1_0.id desc
Hibernate: select c1_0.id,c1_0.nome from colecao c1_0
Hibernate: select f1_0.id,f1_0.nome from fornecedor f1_0
Hibernate: select ft1_0.colecao,count(ft1_0.id) from ficha_tecnica ft1_0 where ft1_0.colecao is not null and ft1_0.colecao<>'' group by ft1_0.colecao order by ft1_0.colecao
Hibernate: select i1_0.id,i1_0.nome from insumo i1_0
Hibernate: select i1_0.id,i1_0.nome from insumo i1_0
Hibernate: select ft1_0.id,ft1_0.categoria_produto,ft1_0.codigo,ft1_0.codigo_siscomex,ft1_0.colecao,ft1_0.composicao,ft1_0.contrato_cambio_adiant,ft1_0.contrato_cambio_pgto_final,ft1_0.cor,ft1_0.data_amostra_cor,ft1_0.data_amostra_producao,ft1_0.data_aprovacao_amostra_cor,ft1_0.data_aprovacao_amostra_producao,ft1_0.data_chegada_destino,ft1_0.data_colocacao_pedido,ft1_0.data_saida_origem,ft1_0.descricao,ft1_0.descricao_produto,ft1_0.duimp_di,ft1_0.estagio,ft1_0.fornecedor,ft1_0.foto_path,ft1_0.gramatura,ft1_0.largura,ft1_0.marca,ft1_0.marca_que_comprou,ft1_0.marca_que_utiliza,ft1_0.minimo,ft1_0.minimo_compra,ft1_0.ncm,ft1_0.nome_navio,ft1_0.numero_pedido,ft1_0.observacao_amostra_cor,ft1_0.observacao_amostra_producao,ft1_0.preco_reais,ft1_0.preco_usd,ft1_0.qti_pct,ft1_0.quantidade_comprada,ft1_0.ref_fornecedor,ft1_0.ref_texcotton,ft1_0.referencia,ft1_0.rendimento,ft1_0.status_amostra_cor,ft1_0.status_amostra_producao,ft1_0.status_colecao,ft1_0.status_pedido,ft1_0.tipo,ft1_0.tipo_solicitacao,ft1_0.unidade_medida from ficha_tecnica ft1_0 order by ft1_0.id desc
Hibernate: select c1_0.id,c1_0.nome from colecao c1_0
Hibernate: select f1_0.id,f1_0.nome from fornecedor f1_0
Hibernate: select ft1_0.colecao,count(ft1_0.id) from ficha_tecnica ft1_0 where ft1_0.colecao is not null and ft1_0.colecao<>'' group by ft1_0.colecao order by ft1_0.colecao
Hibernate: select i1_0.id,i1_0.nome from insumo i1_0
Hibernate: select i1_0.id,i1_0.nome from insumo i1_0
Hibernate: select ft1_0.id,ft1_0.categoria_produto,ft1_0.codigo,ft1_0.codigo_siscomex,ft1_0.colecao,ft1_0.composicao,ft1_0.contrato_cambio_adiant,ft1_0.contrato_cambio_pgto_final,ft1_0.cor,ft1_0.data_amostra_cor,ft1_0.data_amostra_producao,ft1_0.data_aprovacao_amostra_cor,ft1_0.data_aprovacao_amostra_producao,ft1_0.data_chegada_destino,ft1_0.data_colocacao_pedido,ft1_0.data_saida_origem,ft1_0.descricao,ft1_0.descricao_produto,ft1_0.duimp_di,ft1_0.estagio,ft1_0.fornecedor,ft1_0.foto_path,ft1_0.gramatura,ft1_0.largura,ft1_0.marca,ft1_0.marca_que_comprou,ft1_0.marca_que_utiliza,ft1_0.minimo,ft1_0.minimo_compra,ft1_0.ncm,ft1_0.nome_navio,ft1_0.numero_pedido,ft1_0.observacao_amostra_cor,ft1_0.observacao_amostra_producao,ft1_0.preco_reais,ft1_0.preco_usd,ft1_0.qti_pct,ft1_0.quantidade_comprada,ft1_0.ref_fornecedor,ft1_0.ref_texcotton,ft1_0.referencia,ft1_0.rendimento,ft1_0.status_amostra_cor,ft1_0.status_amostra_producao,ft1_0.status_colecao,ft1_0.status_pedido,ft1_0.tipo,ft1_0.tipo_solicitacao,ft1_0.unidade_medida from ficha_tecnica ft1_0 order by ft1_0.id desc
Hibernate: select c1_0.id,c1_0.nome from colecao c1_0
Hibernate: select f1_0.id,f1_0.nome from fornecedor f1_0
Hibernate: select ft1_0.colecao,count(ft1_0.id) from ficha_tecnica ft1_0 where ft1_0.colecao is not null and ft1_0.colecao<>'' group by ft1_0.colecao order by ft1_0.colecao
Hibernate: select ft1_0.colecao,ft1_0.status_amostra_cor,count(ft1_0.id) from ficha_tecnica ft1_0 where ft1_0.colecao is not null and ft1_0.colecao<>'' group by ft1_0.colecao,ft1_0.status_amostra_cor order by ft1_0.colecao
Hibernate: select ft1_0.id,ft1_0.categoria_produto,ft1_0.codigo,ft1_0.codigo_siscomex,ft1_0.colecao,ft1_0.composicao,ft1_0.contrato_cambio_adiant,ft1_0.contrato_cambio_pgto_final,ft1_0.cor,ft1_0.data_amostra_cor,ft1_0.data_amostra_producao,ft1_0.data_aprovacao_amostra_cor,ft1_0.data_aprovacao_amostra_producao,ft1_0.data_chegada_destino,ft1_0.data_colocacao_pedido,ft1_0.data_saida_origem,ft1_0.descricao,ft1_0.descricao_produto,ft1_0.duimp_di,ft1_0.estagio,ft1_0.fornecedor,ft1_0.foto_path,ft1_0.gramatura,ft1_0.largura,ft1_0.marca,ft1_0.marca_que_comprou,ft1_0.marca_que_utiliza,ft1_0.minimo,ft1_0.minimo_compra,ft1_0.ncm,ft1_0.nome_navio,ft1_0.numero_pedido,ft1_0.observacao_amostra_cor,ft1_0.observacao_amostra_producao,ft1_0.preco_reais,ft1_0.preco_usd,ft1_0.qti_pct,ft1_0.quantidade_comprada,ft1_0.ref_fornecedor,ft1_0.ref_texcotton,ft1_0.referencia,ft1_0.rendimento,ft1_0.status_amostra_cor,ft1_0.status_amostra_producao,ft1_0.status_colecao,ft1_0.status_pedido,ft1_0.tipo,ft1_0.tipo_solicitacao,ft1_0.unidade_medida from ficha_tecnica ft1_0 where ft1_0.marca is not null and ft1_0.data_colocacao_pedido is not null and ft1_0.data_aprovacao_amostra_cor is not null
Hibernate: select ft1_0.fornecedor,ft1_0.colecao,count(ft1_0.id) from ficha_tecnica ft1_0 where ft1_0.fornecedor is not null and ft1_0.colecao is not null and ft1_0.colecao<>'' group by ft1_0.fornecedor,ft1_0.colecao order by ft1_0.fornecedor,ft1_0.colecao
Hibernate: select ft1_0.fornecedor,ft1_0.colecao,count(ft1_0.id) from ficha_tecnica ft1_0 where ft1_0.fornecedor is not null and ft1_0.colecao is not null and ft1_0.colecao<>'' group by ft1_0.fornecedor,ft1_0.colecao order by ft1_0.fornecedor,ft1_0.colecao
Hibernate: select i1_0.id,i1_0.nome from insumo i1_0
Hibernate: select i1_0.id,i1_0.nome from insumo i1_0
Hibernate: select ft1_0.id,ft1_0.categoria_produto,ft1_0.codigo,ft1_0.codigo_siscomex,ft1_0.colecao,ft1_0.composicao,ft1_0.contrato_cambio_adiant,ft1_0.contrato_cambio_pgto_final,ft1_0.cor,ft1_0.data_amostra_cor,ft1_0.data_amostra_producao,ft1_0.data_aprovacao_amostra_cor,ft1_0.data_aprovacao_amostra_producao,ft1_0.data_chegada_destino,ft1_0.data_colocacao_pedido,ft1_0.data_saida_origem,ft1_0.descricao,ft1_0.descricao_produto,ft1_0.duimp_di,ft1_0.estagio,ft1_0.fornecedor,ft1_0.foto_path,ft1_0.gramatura,ft1_0.largura,ft1_0.marca,ft1_0.marca_que_comprou,ft1_0.marca_que_utiliza,ft1_0.minimo,ft1_0.minimo_compra,ft1_0.ncm,ft1_0.nome_navio,ft1_0.numero_pedido,ft1_0.observacao_amostra_cor,ft1_0.observacao_amostra_producao,ft1_0.preco_reais,ft1_0.preco_usd,ft1_0.qti_pct,ft1_0.quantidade_comprada,ft1_0.ref_fornecedor,ft1_0.ref_texcotton,ft1_0.referencia,ft1_0.rendimento,ft1_0.status_amostra_cor,ft1_0.status_amostra_producao,ft1_0.status_colecao,ft1_0.status_pedido,ft1_0.tipo,ft1_0.tipo_solicitacao,ft1_0.unidade_medida from ficha_tecnica ft1_0 order by ft1_0.id desc
Hibernate: select c1_0.id,c1_0.nome from colecao c1_0
Hibernate: select ft1_0.colecao,count(ft1_0.id) from ficha_tecnica ft1_0 where ft1_0.colecao is not null and ft1_0.colecao<>'' group by ft1_0.colecao order by ft1_0.colecao
Hibernate: select ft1_0.colecao,ft1_0.status_amostra_producao,count(ft1_0.id) from ficha_tecnica ft1_0 where ft1_0.colecao is not null and ft1_0.colecao<>'' group by ft1_0.colecao,ft1_0.status_amostra_producao order by ft1_0.colecao
Hibernate: select ft1_0.fornecedor,ft1_0.colecao,count(ft1_0.id) from ficha_tecnica ft1_0 where ft1_0.fornecedor is not null and ft1_0.colecao is not null and ft1_0.colecao<>'' group by ft1_0.fornecedor,ft1_0.colecao order by ft1_0.fornecedor,ft1_0.colecao
Hibernate: select ft1_0.fornecedor,ft1_0.colecao,count(ft1_0.id) from ficha_tecnica ft1_0 where ft1_0.fornecedor is not null and ft1_0.colecao is not null and ft1_0.colecao<>'' group by ft1_0.fornecedor,ft1_0.colecao order by ft1_0.fornecedor,ft1_0.colecao
Hibernate: select ft1_0.id,ft1_0.categoria_produto,ft1_0.codigo,ft1_0.codigo_siscomex,ft1_0.colecao,ft1_0.composicao,ft1_0.contrato_cambio_adiant,ft1_0.contrato_cambio_pgto_final,ft1_0.cor,ft1_0.data_amostra_cor,ft1_0.data_amostra_producao,ft1_0.data_aprovacao_amostra_cor,ft1_0.data_aprovacao_amostra_producao,ft1_0.data_chegada_destino,ft1_0.data_colocacao_pedido,ft1_0.data_saida_origem,ft1_0.descricao,ft1_0.descricao_produto,ft1_0.duimp_di,ft1_0.estagio,ft1_0.fornecedor,ft1_0.foto_path,ft1_0.gramatura,ft1_0.largura,ft1_0.marca,ft1_0.marca_que_comprou,ft1_0.marca_que_utiliza,ft1_0.minimo,ft1_0.minimo_compra,ft1_0.ncm,ft1_0.nome_navio,ft1_0.numero_pedido,ft1_0.observacao_amostra_cor,ft1_0.observacao_amostra_producao,ft1_0.preco_reais,ft1_0.preco_usd,ft1_0.qti_pct,ft1_0.quantidade_comprada,ft1_0.ref_fornecedor,ft1_0.ref_texcotton,ft1_0.referencia,ft1_0.rendimento,ft1_0.status_amostra_cor,ft1_0.status_amostra_producao,ft1_0.status_colecao,ft1_0.status_pedido,ft1_0.tipo,ft1_0.tipo_solicitacao,ft1_0.unidade_medida from ficha_tecnica ft1_0 where ft1_0.marca is not null and ft1_0.data_colocacao_pedido is not null and ft1_0.data_aprovacao_amostra_producao is not null
Hibernate: select i1_0.id,i1_0.nome from insumo i1_0
Hibernate: select i1_0.id,i1_0.nome from insumo i1_0
Hibernate: select m1_0.id,m1_0.nome from marca m1_0
Hibernate: select c1_0.id,c1_0.nome from colecao c1_0
Hibernate: select i1_0.id,i1_0.nome from insumo i1_0
Hibernate: select c1_0.id,c1_0.nome from categoria c1_0
Hibernate: select f1_0.id,f1_0.nome from fornecedor f1_0
Hibernate: select i1_0.id,i1_0.nome from insumo i1_0
Hibernate: select ft1_0.id,ft1_0.categoria_produto,ft1_0.codigo,ft1_0.codigo_siscomex,ft1_0.colecao,ft1_0.composicao,ft1_0.contrato_cambio_adiant,ft1_0.contrato_cambio_pgto_final,ft1_0.cor,ft1_0.data_amostra_cor,ft1_0.data_amostra_producao,ft1_0.data_aprovacao_amostra_cor,ft1_0.data_aprovacao_amostra_producao,ft1_0.data_chegada_destino,ft1_0.data_colocacao_pedido,ft1_0.data_saida_origem,ft1_0.descricao,ft1_0.descricao_produto,ft1_0.duimp_di,ft1_0.estagio,ft1_0.fornecedor,ft1_0.foto_path,ft1_0.gramatura,ft1_0.largura,ft1_0.marca,ft1_0.marca_que_comprou,ft1_0.marca_que_utiliza,ft1_0.minimo,ft1_0.minimo_compra,ft1_0.ncm,ft1_0.nome_navio,ft1_0.numero_pedido,ft1_0.observacao_amostra_cor,ft1_0.observacao_amostra_producao,ft1_0.preco_reais,ft1_0.preco_usd,ft1_0.qti_pct,ft1_0.quantidade_comprada,ft1_0.ref_fornecedor,ft1_0.ref_texcotton,ft1_0.referencia,ft1_0.rendimento,ft1_0.status_amostra_cor,ft1_0.status_amostra_producao,ft1_0.status_colecao,ft1_0.status_pedido,ft1_0.tipo,ft1_0.tipo_solicitacao,ft1_0.unidade_medida from ficha_tecnica ft1_0 order by ft1_0.id desc
Hibernate: select c1_0.id,c1_0.nome from colecao c1_0
Hibernate: select f1_0.id,f1_0.nome from fornecedor f1_0
Hibernate: select ft1_0.colecao,count(ft1_0.id) from ficha_tecnica ft1_0 where ft1_0.colecao is not null and ft1_0.colecao<>'' group by ft1_0.colecao order by ft1_0.colecao
Hibernate: select i1_0.id,i1_0.nome from insumo i1_0
Hibernate: select m1_0.id,m1_0.nome from marca m1_0
Hibernate: select c1_0.id,c1_0.nome from colecao c1_0
Hibernate: select i1_0.id,i1_0.nome from insumo i1_0
Hibernate: select c1_0.id,c1_0.nome from categoria c1_0
Hibernate: select f1_0.id,f1_0.nome from fornecedor f1_0
Hibernate: select i1_0.id,i1_0.nome from insumo i1_0
Hibernate: select c1_0.id,c1_0.nome from colecao c1_0
Hibernate: select i1_0.id,i1_0.nome from insumo i1_0
Hibernate: select qp1_0.id,qp1_0.anime_aprovado,qp1_0.anime_cancelado,qp1_0.anime_cotado,qp1_0.authoria_aprovado,qp1_0.authoria_cancelado,qp1_0.authoria_cotado,qp1_0.bimbi_aprovado,qp1_0.bimbi_cancelado,qp1_0.bimbi_cotado,qp1_0.colecao,qp1_0.momi_aprovado,qp1_0.momi_cancelado,qp1_0.momi_cotado,qp1_0.tipo_solicitacao,qp1_0.youcciecancelado,qp1_0.youcciecotado,qp1_0.youcciee_aprovado from quadro_planejamento qp1_0
Hibernate: select qp1_0.id,qp1_0.anime_aprovado,qp1_0.anime_cancelado,qp1_0.anime_cotado,qp1_0.authoria_aprovado,qp1_0.authoria_cancelado,qp1_0.authoria_cotado,qp1_0.bimbi_aprovado,qp1_0.bimbi_cancelado,qp1_0.bimbi_cotado,qp1_0.colecao,qp1_0.momi_aprovado,qp1_0.momi_cancelado,qp1_0.momi_cotado,qp1_0.tipo_solicitacao,qp1_0.youcciecancelado,qp1_0.youcciecotado,qp1_0.youcciee_aprovado from quadro_planejamento qp1_0 where qp1_0.colecao=? and qp1_0.tipo_solicitacao=?
Hibernate: select qp1_0.id,qp1_0.anime_aprovado,qp1_0.anime_cancelado,qp1_0.anime_cotado,qp1_0.authoria_aprovado,qp1_0.authoria_cancelado,qp1_0.authoria_cotado,qp1_0.bimbi_aprovado,qp1_0.bimbi_cancelado,qp1_0.bimbi_cotado,qp1_0.colecao,qp1_0.momi_aprovado,qp1_0.momi_cancelado,qp1_0.momi_cotado,qp1_0.tipo_solicitacao,qp1_0.youcciecancelado,qp1_0.youcciecotado,qp1_0.youcciee_aprovado from quadro_planejamento qp1_0 where qp1_0.colecao=? and qp1_0.tipo_solicitacao=?
Hibernate: select qp1_0.id,qp1_0.anime_aprovado,qp1_0.anime_cancelado,qp1_0.anime_cotado,qp1_0.authoria_aprovado,qp1_0.authoria_cancelado,qp1_0.authoria_cotado,qp1_0.bimbi_aprovado,qp1_0.bimbi_cancelado,qp1_0.bimbi_cotado,qp1_0.colecao,qp1_0.momi_aprovado,qp1_0.momi_cancelado,qp1_0.momi_cotado,qp1_0.tipo_solicitacao,qp1_0.youcciecancelado,qp1_0.youcciecotado,qp1_0.youcciee_aprovado from quadro_planejamento qp1_0 where qp1_0.colecao=? and qp1_0.tipo_solicitacao=?
Hibernate: select qp1_0.id,qp1_0.anime_aprovado,qp1_0.anime_cancelado,qp1_0.anime_cotado,qp1_0.authoria_aprovado,qp1_0.authoria_cancelado,qp1_0.authoria_cotado,qp1_0.bimbi_aprovado,qp1_0.bimbi_cancelado,qp1_0.bimbi_cotado,qp1_0.colecao,qp1_0.momi_aprovado,qp1_0.momi_cancelado,qp1_0.momi_cotado,qp1_0.tipo_solicitacao,qp1_0.youcciecancelado,qp1_0.youcciecotado,qp1_0.youcciee_aprovado from quadro_planejamento qp1_0 where qp1_0.colecao=? and qp1_0.tipo_solicitacao=?
Hibernate: select qp1_0.id,qp1_0.anime_aprovado,qp1_0.anime_cancelado,qp1_0.anime_cotado,qp1_0.authoria_aprovado,qp1_0.authoria_cancelado,qp1_0.authoria_cotado,qp1_0.bimbi_aprovado,qp1_0.bimbi_cancelado,qp1_0.bimbi_cotado,qp1_0.colecao,qp1_0.momi_aprovado,qp1_0.momi_cancelado,qp1_0.momi_cotado,qp1_0.tipo_solicitacao,qp1_0.youcciecancelado,qp1_0.youcciecotado,qp1_0.youcciee_aprovado from quadro_planejamento qp1_0 where qp1_0.colecao=? order by qp1_0.tipo_solicitacao
Hibernate: select qp1_0.id,qp1_0.anime_aprovado,qp1_0.anime_cancelado,qp1_0.anime_cotado,qp1_0.authoria_aprovado,qp1_0.authoria_cancelado,qp1_0.authoria_cotado,qp1_0.bimbi_aprovado,qp1_0.bimbi_cancelado,qp1_0.bimbi_cotado,qp1_0.colecao,qp1_0.momi_aprovado,qp1_0.momi_cancelado,qp1_0.momi_cotado,qp1_0.tipo_solicitacao,qp1_0.youcciecancelado,qp1_0.youcciecotado,qp1_0.youcciee_aprovado from quadro_planejamento qp1_0 where qp1_0.colecao=? order by qp1_0.tipo_solicitacao
Hibernate: select f1_0.id,f1_0.nome from fornecedor f1_0
Hibernate: select bn1_0.id,bn1_0.colecao,bn1_0.fornecedor,bn1_0.insumo,bn1_0.quantidade from bandeira_novidade bn1_0 where bn1_0.colecao=? and bn1_0.fornecedor=? and bn1_0.insumo=?
Hibernate: select bn1_0.id,bn1_0.colecao,bn1_0.fornecedor,bn1_0.insumo,bn1_0.quantidade from bandeira_novidade bn1_0 where bn1_0.colecao=? and bn1_0.fornecedor=? and bn1_0.insumo=?
Hibernate: select bn1_0.id,bn1_0.colecao,bn1_0.fornecedor,bn1_0.insumo,bn1_0.quantidade from bandeira_novidade bn1_0 where bn1_0.colecao=? and bn1_0.fornecedor=? and bn1_0.insumo=?
Hibernate: select bn1_0.id,bn1_0.colecao,bn1_0.fornecedor,bn1_0.insumo,bn1_0.quantidade from bandeira_novidade bn1_0 where bn1_0.colecao=? and bn1_0.fornecedor=? and bn1_0.insumo=?
Hibernate: select bn1_0.id,bn1_0.colecao,bn1_0.fornecedor,bn1_0.insumo,bn1_0.quantidade from bandeira_novidade bn1_0 where bn1_0.colecao=? and bn1_0.fornecedor=? and bn1_0.insumo=?
Hibernate: select bn1_0.id,bn1_0.colecao,bn1_0.fornecedor,bn1_0.insumo,bn1_0.quantidade from bandeira_novidade bn1_0 where bn1_0.colecao=? and bn1_0.fornecedor=? and bn1_0.insumo=?
Hibernate: select bn1_0.id,bn1_0.colecao,bn1_0.fornecedor,bn1_0.insumo,bn1_0.quantidade from bandeira_novidade bn1_0 where bn1_0.colecao=? and bn1_0.fornecedor=? and bn1_0.insumo=?
Hibernate: select bn1_0.id,bn1_0.colecao,bn1_0.fornecedor,bn1_0.insumo,bn1_0.quantidade from bandeira_novidade bn1_0 where bn1_0.colecao=? and bn1_0.fornecedor=? and bn1_0.insumo=?
Hibernate: select bn1_0.id,bn1_0.colecao,bn1_0.fornecedor,bn1_0.insumo,bn1_0.quantidade from bandeira_novidade bn1_0 where bn1_0.colecao=? and bn1_0.fornecedor=? and bn1_0.insumo=?
Hibernate: select bn1_0.id,bn1_0.colecao,bn1_0.fornecedor,bn1_0.insumo,bn1_0.quantidade from bandeira_novidade bn1_0 where bn1_0.colecao=? and bn1_0.fornecedor=? and bn1_0.insumo=?
Hibernate: select bn1_0.id,bn1_0.colecao,bn1_0.fornecedor,bn1_0.insumo,bn1_0.quantidade from bandeira_novidade bn1_0 where bn1_0.colecao=? and bn1_0.fornecedor=? and bn1_0.insumo=?
Hibernate: select bn1_0.id,bn1_0.colecao,bn1_0.fornecedor,bn1_0.insumo,bn1_0.quantidade from bandeira_novidade bn1_0 where bn1_0.colecao=? and bn1_0.fornecedor=? and bn1_0.insumo=?
Hibernate: select bn1_0.id,bn1_0.colecao,bn1_0.fornecedor,bn1_0.insumo,bn1_0.quantidade from bandeira_novidade bn1_0 where bn1_0.colecao=? and bn1_0.fornecedor=? and bn1_0.insumo=?
Hibernate: select bn1_0.id,bn1_0.colecao,bn1_0.fornecedor,bn1_0.insumo,bn1_0.quantidade from bandeira_novidade bn1_0 where bn1_0.colecao=? and bn1_0.fornecedor=? and bn1_0.insumo=?
Hibernate: select bn1_0.id,bn1_0.colecao,bn1_0.fornecedor,bn1_0.insumo,bn1_0.quantidade from bandeira_novidade bn1_0 where bn1_0.colecao=? and bn1_0.fornecedor=? and bn1_0.insumo=?
Hibernate: select bn1_0.id,bn1_0.colecao,bn1_0.fornecedor,bn1_0.insumo,bn1_0.quantidade from bandeira_novidade bn1_0 where bn1_0.colecao=? and bn1_0.fornecedor=? and bn1_0.insumo=?
[GET] bandeirasFlat com qtd > 0:
[GET] VER�O 28|AVIAMENTO UNIDADE|CHATLEE = 188
[GET] VER�O 28|TECIDO METRO|CHATLEE = 913
[GET] VER�O 28|TECIDO METRO|JINBI = 181
[GET] INVERNO 28|AVIAMENTO METRO|CHATLEE = 200
[GET] INVERNO 28|TECIDO METRO|CHATLEE = 1383
[GET] INVERNO 28|TECIDO METRO|JINBI = 181
Hibernate: select i1_0.id,i1_0.nome from insumo i1_0
Hibernate: select ft1_0.id,ft1_0.categoria_produto,ft1_0.codigo,ft1_0.codigo_siscomex,ft1_0.colecao,ft1_0.composicao,ft1_0.contrato_cambio_adiant,ft1_0.contrato_cambio_pgto_final,ft1_0.cor,ft1_0.data_amostra_cor,ft1_0.data_amostra_producao,ft1_0.data_aprovacao_amostra_cor,ft1_0.data_aprovacao_amostra_producao,ft1_0.data_chegada_destino,ft1_0.data_colocacao_pedido,ft1_0.data_saida_origem,ft1_0.descricao,ft1_0.descricao_produto,ft1_0.duimp_di,ft1_0.estagio,ft1_0.fornecedor,ft1_0.foto_path,ft1_0.gramatura,ft1_0.largura,ft1_0.marca,ft1_0.marca_que_comprou,ft1_0.marca_que_utiliza,ft1_0.minimo,ft1_0.minimo_compra,ft1_0.ncm,ft1_0.nome_navio,ft1_0.numero_pedido,ft1_0.observacao_amostra_cor,ft1_0.observacao_amostra_producao,ft1_0.preco_reais,ft1_0.preco_usd,ft1_0.qti_pct,ft1_0.quantidade_comprada,ft1_0.ref_fornecedor,ft1_0.ref_texcotton,ft1_0.referencia,ft1_0.rendimento,ft1_0.status_amostra_cor,ft1_0.status_amostra_producao,ft1_0.status_colecao,ft1_0.status_pedido,ft1_0.tipo,ft1_0.tipo_solicitacao,ft1_0.unidade_medida from ficha_tecnica ft1_0
Hibernate: select c1_0.id,c1_0.nome from colecao c1_0
Hibernate: select i1_0.id,i1_0.nome from insumo i1_0
Hibernate: select i1_0.id,i1_0.nome from insumo i1_0
Hibernate: select ft1_0.id,ft1_0.categoria_produto,ft1_0.codigo,ft1_0.codigo_siscomex,ft1_0.colecao,ft1_0.composicao,ft1_0.contrato_cambio_adiant,ft1_0.contrato_cambio_pgto_final,ft1_0.cor,ft1_0.data_amostra_cor,ft1_0.data_amostra_producao,ft1_0.data_aprovacao_amostra_cor,ft1_0.data_aprovacao_amostra_producao,ft1_0.data_chegada_destino,ft1_0.data_colocacao_pedido,ft1_0.data_saida_origem,ft1_0.descricao,ft1_0.descricao_produto,ft1_0.duimp_di,ft1_0.estagio,ft1_0.fornecedor,ft1_0.foto_path,ft1_0.gramatura,ft1_0.largura,ft1_0.marca,ft1_0.marca_que_comprou,ft1_0.marca_que_utiliza,ft1_0.minimo,ft1_0.minimo_compra,ft1_0.ncm,ft1_0.nome_navio,ft1_0.numero_pedido,ft1_0.observacao_amostra_cor,ft1_0.observacao_amostra_producao,ft1_0.preco_reais,ft1_0.preco_usd,ft1_0.qti_pct,ft1_0.quantidade_comprada,ft1_0.ref_fornecedor,ft1_0.ref_texcotton,ft1_0.referencia,ft1_0.rendimento,ft1_0.status_amostra_cor,ft1_0.status_amostra_producao,ft1_0.status_colecao,ft1_0.status_pedido,ft1_0.tipo,ft1_0.tipo_solicitacao,ft1_0.unidade_medida from ficha_tecnica ft1_0 order by ft1_0.id desc
Hibernate: select c1_0.id,c1_0.nome from colecao c1_0
Hibernate: select f1_0.id,f1_0.nome from fornecedor f1_0
Hibernate: select ft1_0.colecao,count(ft1_0.id) from ficha_tecnica ft1_0 where ft1_0.colecao is not null and ft1_0.colecao<>'' group by ft1_0.colecao order by ft1_0.colecao
Hibernate: select i1_0.id,i1_0.nome from insumo i1_0
Hibernate: select m1_0.id,m1_0.nome from marca m1_0
Hibernate: select c1_0.id,c1_0.nome from colecao c1_0
Hibernate: select i1_0.id,i1_0.nome from insumo i1_0
Hibernate: select c1_0.id,c1_0.nome from categoria c1_0
Hibernate: select f1_0.id,f1_0.nome from fornecedor f1_0
Hibernate: select i1_0.id,i1_0.nome from insumo i1_0
Hibernate: select c1_0.id,c1_0.nome from colecao c1_0
Hibernate: select i1_0.id,i1_0.nome from insumo i1_0
Hibernate: select qp1_0.id,qp1_0.anime_aprovado,qp1_0.anime_cancelado,qp1_0.anime_cotado,qp1_0.authoria_aprovado,qp1_0.authoria_cancelado,qp1_0.authoria_cotado,qp1_0.bimbi_aprovado,qp1_0.bimbi_cancelado,qp1_0.bimbi_cotado,qp1_0.colecao,qp1_0.momi_aprovado,qp1_0.momi_cancelado,qp1_0.momi_cotado,qp1_0.tipo_solicitacao,qp1_0.youcciecancelado,qp1_0.youcciecotado,qp1_0.youcciee_aprovado from quadro_planejamento qp1_0 where qp1_0.colecao=? order by qp1_0.tipo_solicitacao
Hibernate: select qp1_0.id,qp1_0.anime_aprovado,qp1_0.anime_cancelado,qp1_0.anime_cotado,qp1_0.authoria_aprovado,qp1_0.authoria_cancelado,qp1_0.authoria_cotado,qp1_0.bimbi_aprovado,qp1_0.bimbi_cancelado,qp1_0.bimbi_cotado,qp1_0.colecao,qp1_0.momi_aprovado,qp1_0.momi_cancelado,qp1_0.momi_cotado,qp1_0.tipo_solicitacao,qp1_0.youcciecancelado,qp1_0.youcciecotado,qp1_0.youcciee_aprovado from quadro_planejamento qp1_0 where qp1_0.colecao=? order by qp1_0.tipo_solicitacao
Hibernate: select ft1_0.id,ft1_0.categoria_produto,ft1_0.codigo,ft1_0.codigo_siscomex,ft1_0.colecao,ft1_0.composicao,ft1_0.contrato_cambio_adiant,ft1_0.contrato_cambio_pgto_final,ft1_0.cor,ft1_0.data_amostra_cor,ft1_0.data_amostra_producao,ft1_0.data_aprovacao_amostra_cor,ft1_0.data_aprovacao_amostra_producao,ft1_0.data_chegada_destino,ft1_0.data_colocacao_pedido,ft1_0.data_saida_origem,ft1_0.descricao,ft1_0.descricao_produto,ft1_0.duimp_di,ft1_0.estagio,ft1_0.fornecedor,ft1_0.foto_path,ft1_0.gramatura,ft1_0.largura,ft1_0.marca,ft1_0.marca_que_comprou,ft1_0.marca_que_utiliza,ft1_0.minimo,ft1_0.minimo_compra,ft1_0.ncm,ft1_0.nome_navio,ft1_0.numero_pedido,ft1_0.observacao_amostra_cor,ft1_0.observacao_amostra_producao,ft1_0.preco_reais,ft1_0.preco_usd,ft1_0.qti_pct,ft1_0.quantidade_comprada,ft1_0.ref_fornecedor,ft1_0.ref_texcotton,ft1_0.referencia,ft1_0.rendimento,ft1_0.status_amostra_cor,ft1_0.status_amostra_producao,ft1_0.status_colecao,ft1_0.status_pedido,ft1_0.tipo,ft1_0.tipo_solicitacao,ft1_0.unidade_medida from ficha_tecnica ft1_0
Hibernate: select c1_0.id,c1_0.nome from colecao c1_0
Hibernate: select ft1_0.id,ft1_0.categoria_produto,ft1_0.codigo,ft1_0.codigo_siscomex,ft1_0.colecao,ft1_0.composicao,ft1_0.contrato_cambio_adiant,ft1_0.contrato_cambio_pgto_final,ft1_0.cor,ft1_0.data_amostra_cor,ft1_0.data_amostra_producao,ft1_0.data_aprovacao_amostra_cor,ft1_0.data_aprovacao_amostra_producao,ft1_0.data_chegada_destino,ft1_0.data_colocacao_pedido,ft1_0.data_saida_origem,ft1_0.descricao,ft1_0.descricao_produto,ft1_0.duimp_di,ft1_0.estagio,ft1_0.fornecedor,ft1_0.foto_path,ft1_0.gramatura,ft1_0.largura,ft1_0.marca,ft1_0.marca_que_comprou,ft1_0.marca_que_utiliza,ft1_0.minimo,ft1_0.minimo_compra,ft1_0.ncm,ft1_0.nome_navio,ft1_0.numero_pedido,ft1_0.observacao_amostra_cor,ft1_0.observacao_amostra_producao,ft1_0.preco_reais,ft1_0.preco_usd,ft1_0.qti_pct,ft1_0.quantidade_comprada,ft1_0.ref_fornecedor,ft1_0.ref_texcotton,ft1_0.referencia,ft1_0.rendimento,ft1_0.status_amostra_cor,ft1_0.status_amostra_producao,ft1_0.status_colecao,ft1_0.status_pedido,ft1_0.tipo,ft1_0.tipo_solicitacao,ft1_0.unidade_medida from ficha_tecnica ft1_0 where ft1_0.marca is not null and ft1_0.data_colocacao_pedido is not null and ft1_0.data_aprovacao_amostra_producao is not null
Hibernate: select m1_0.id,m1_0.nome from marca m1_0
Hibernate: select i1_0.id,i1_0.nome from insumo i1_0
Hibernate: select c1_0.id,c1_0.nome from colecao c1_0
Hibernate: select i1_0.id,i1_0.nome from insumo i1_0
Hibernate: select qp1_0.id,qp1_0.anime_aprovado,qp1_0.anime_cancelado,qp1_0.anime_cotado,qp1_0.authoria_aprovado,qp1_0.authoria_cancelado,qp1_0.authoria_cotado,qp1_0.bimbi_aprovado,qp1_0.bimbi_cancelado,qp1_0.bimbi_cotado,qp1_0.colecao,qp1_0.momi_aprovado,qp1_0.momi_cancelado,qp1_0.momi_cotado,qp1_0.tipo_solicitacao,qp1_0.youcciecancelado,qp1_0.youcciecotado,qp1_0.youcciee_aprovado from quadro_planejamento qp1_0 where qp1_0.colecao=? order by qp1_0.tipo_solicitacao
Hibernate: select qp1_0.id,qp1_0.anime_aprovado,qp1_0.anime_cancelado,qp1_0.anime_cotado,qp1_0.authoria_aprovado,qp1_0.authoria_cancelado,qp1_0.authoria_cotado,qp1_0.bimbi_aprovado,qp1_0.bimbi_cancelado,qp1_0.bimbi_cotado,qp1_0.colecao,qp1_0.momi_aprovado,qp1_0.momi_cancelado,qp1_0.momi_cotado,qp1_0.tipo_solicitacao,qp1_0.youcciecancelado,qp1_0.youcciecotado,qp1_0.youcciee_aprovado from quadro_planejamento qp1_0 where qp1_0.colecao=? order by qp1_0.tipo_solicitacao
Hibernate: select ft1_0.id,ft1_0.categoria_produto,ft1_0.codigo,ft1_0.codigo_siscomex,ft1_0.colecao,ft1_0.composicao,ft1_0.contrato_cambio_adiant,ft1_0.contrato_cambio_pgto_final,ft1_0.cor,ft1_0.data_amostra_cor,ft1_0.data_amostra_producao,ft1_0.data_aprovacao_amostra_cor,ft1_0.data_aprovacao_amostra_producao,ft1_0.data_chegada_destino,ft1_0.data_colocacao_pedido,ft1_0.data_saida_origem,ft1_0.descricao,ft1_0.descricao_produto,ft1_0.duimp_di,ft1_0.estagio,ft1_0.fornecedor,ft1_0.foto_path,ft1_0.gramatura,ft1_0.largura,ft1_0.marca,ft1_0.marca_que_comprou,ft1_0.marca_que_utiliza,ft1_0.minimo,ft1_0.minimo_compra,ft1_0.ncm,ft1_0.nome_navio,ft1_0.numero_pedido,ft1_0.observacao_amostra_cor,ft1_0.observacao_amostra_producao,ft1_0.preco_reais,ft1_0.preco_usd,ft1_0.qti_pct,ft1_0.quantidade_comprada,ft1_0.ref_fornecedor,ft1_0.ref_texcotton,ft1_0.referencia,ft1_0.rendimento,ft1_0.status_amostra_cor,ft1_0.status_amostra_producao,ft1_0.status_colecao,ft1_0.status_pedido,ft1_0.tipo,ft1_0.tipo_solicitacao,ft1_0.unidade_medida from ficha_tecnica ft1_0
Hibernate: select c1_0.id,c1_0.nome from colecao c1_0
Hibernate: select ft1_0.id,ft1_0.categoria_produto,ft1_0.codigo,ft1_0.codigo_siscomex,ft1_0.colecao,ft1_0.composicao,ft1_0.contrato_cambio_adiant,ft1_0.contrato_cambio_pgto_final,ft1_0.cor,ft1_0.data_amostra_cor,ft1_0.data_amostra_producao,ft1_0.data_aprovacao_amostra_cor,ft1_0.data_aprovacao_amostra_producao,ft1_0.data_chegada_destino,ft1_0.data_colocacao_pedido,ft1_0.data_saida_origem,ft1_0.descricao,ft1_0.descricao_produto,ft1_0.duimp_di,ft1_0.estagio,ft1_0.fornecedor,ft1_0.foto_path,ft1_0.gramatura,ft1_0.largura,ft1_0.marca,ft1_0.marca_que_comprou,ft1_0.marca_que_utiliza,ft1_0.minimo,ft1_0.minimo_compra,ft1_0.ncm,ft1_0.nome_navio,ft1_0.numero_pedido,ft1_0.observacao_amostra_cor,ft1_0.observacao_amostra_producao,ft1_0.preco_reais,ft1_0.preco_usd,ft1_0.qti_pct,ft1_0.quantidade_comprada,ft1_0.ref_fornecedor,ft1_0.ref_texcotton,ft1_0.referencia,ft1_0.rendimento,ft1_0.status_amostra_cor,ft1_0.status_amostra_producao,ft1_0.status_colecao,ft1_0.status_pedido,ft1_0.tipo,ft1_0.tipo_solicitacao,ft1_0.unidade_medida from ficha_tecnica ft1_0 where ft1_0.marca is not null and ft1_0.data_colocacao_pedido is not null and ft1_0.data_aprovacao_amostra_producao is not null
Hibernate: select m1_0.id,m1_0.nome from marca m1_0
Hibernate: select i1_0.id,i1_0.nome from insumo i1_0
Hibernate: select c1_0.id,c1_0.nome from colecao c1_0
Hibernate: select i1_0.id,i1_0.nome from insumo i1_0
Hibernate: select qp1_0.id,qp1_0.anime_aprovado,qp1_0.anime_cancelado,qp1_0.anime_cotado,qp1_0.authoria_aprovado,qp1_0.authoria_cancelado,qp1_0.authoria_cotado,qp1_0.bimbi_aprovado,qp1_0.bimbi_cancelado,qp1_0.bimbi_cotado,qp1_0.colecao,qp1_0.momi_aprovado,qp1_0.momi_cancelado,qp1_0.momi_cotado,qp1_0.tipo_solicitacao,qp1_0.youcciecancelado,qp1_0.youcciecotado,qp1_0.youcciee_aprovado from quadro_planejamento qp1_0 where qp1_0.colecao=? order by qp1_0.tipo_solicitacao
Hibernate: select qp1_0.id,qp1_0.anime_aprovado,qp1_0.anime_cancelado,qp1_0.anime_cotado,qp1_0.authoria_aprovado,qp1_0.authoria_cancelado,qp1_0.authoria_cotado,qp1_0.bimbi_aprovado,qp1_0.bimbi_cancelado,qp1_0.bimbi_cotado,qp1_0.colecao,qp1_0.momi_aprovado,qp1_0.momi_cancelado,qp1_0.momi_cotado,qp1_0.tipo_solicitacao,qp1_0.youcciecancelado,qp1_0.youcciecotado,qp1_0.youcciee_aprovado from quadro_planejamento qp1_0 where qp1_0.colecao=? order by qp1_0.tipo_solicitacao
Hibernate: select ft1_0.id,ft1_0.categoria_produto,ft1_0.codigo,ft1_0.codigo_siscomex,ft1_0.colecao,ft1_0.composicao,ft1_0.contrato_cambio_adiant,ft1_0.contrato_cambio_pgto_final,ft1_0.cor,ft1_0.data_amostra_cor,ft1_0.data_amostra_producao,ft1_0.data_aprovacao_amostra_cor,ft1_0.data_aprovacao_amostra_producao,ft1_0.data_chegada_destino,ft1_0.data_colocacao_pedido,ft1_0.data_saida_origem,ft1_0.descricao,ft1_0.descricao_produto,ft1_0.duimp_di,ft1_0.estagio,ft1_0.fornecedor,ft1_0.foto_path,ft1_0.gramatura,ft1_0.largura,ft1_0.marca,ft1_0.marca_que_comprou,ft1_0.marca_que_utiliza,ft1_0.minimo,ft1_0.minimo_compra,ft1_0.ncm,ft1_0.nome_navio,ft1_0.numero_pedido,ft1_0.observacao_amostra_cor,ft1_0.observacao_amostra_producao,ft1_0.preco_reais,ft1_0.preco_usd,ft1_0.qti_pct,ft1_0.quantidade_comprada,ft1_0.ref_fornecedor,ft1_0.ref_texcotton,ft1_0.referencia,ft1_0.rendimento,ft1_0.status_amostra_cor,ft1_0.status_amostra_producao,ft1_0.status_colecao,ft1_0.status_pedido,ft1_0.tipo,ft1_0.tipo_solicitacao,ft1_0.unidade_medida from ficha_tecnica ft1_0
Hibernate: select c1_0.id,c1_0.nome from colecao c1_0
Hibernate: select ft1_0.id,ft1_0.categoria_produto,ft1_0.codigo,ft1_0.codigo_siscomex,ft1_0.colecao,ft1_0.composicao,ft1_0.contrato_cambio_adiant,ft1_0.contrato_cambio_pgto_final,ft1_0.cor,ft1_0.data_amostra_cor,ft1_0.data_amostra_producao,ft1_0.data_aprovacao_amostra_cor,ft1_0.data_aprovacao_amostra_producao,ft1_0.data_chegada_destino,ft1_0.data_colocacao_pedido,ft1_0.data_saida_origem,ft1_0.descricao,ft1_0.descricao_produto,ft1_0.duimp_di,ft1_0.estagio,ft1_0.fornecedor,ft1_0.foto_path,ft1_0.gramatura,ft1_0.largura,ft1_0.marca,ft1_0.marca_que_comprou,ft1_0.marca_que_utiliza,ft1_0.minimo,ft1_0.minimo_compra,ft1_0.ncm,ft1_0.nome_navio,ft1_0.numero_pedido,ft1_0.observacao_amostra_cor,ft1_0.observacao_amostra_producao,ft1_0.preco_reais,ft1_0.preco_usd,ft1_0.qti_pct,ft1_0.quantidade_comprada,ft1_0.ref_fornecedor,ft1_0.ref_texcotton,ft1_0.referencia,ft1_0.rendimento,ft1_0.status_amostra_cor,ft1_0.status_amostra_producao,ft1_0.status_colecao,ft1_0.status_pedido,ft1_0.tipo,ft1_0.tipo_solicitacao,ft1_0.unidade_medida from ficha_tecnica ft1_0 where ft1_0.marca is not null and ft1_0.data_colocacao_pedido is not null and ft1_0.data_aprovacao_amostra_producao is not null
Hibernate: select m1_0.id,m1_0.nome from marca m1_0
Hibernate: select i1_0.id,i1_0.nome from insumo i1_0
Hibernate: select c1_0.id,c1_0.nome from colecao c1_0
Hibernate: select i1_0.id,i1_0.nome from insumo i1_0
Hibernate: select qp1_0.id,qp1_0.anime_aprovado,qp1_0.anime_cancelado,qp1_0.anime_cotado,qp1_0.authoria_aprovado,qp1_0.authoria_cancelado,qp1_0.authoria_cotado,qp1_0.bimbi_aprovado,qp1_0.bimbi_cancelado,qp1_0.bimbi_cotado,qp1_0.colecao,qp1_0.momi_aprovado,qp1_0.momi_cancelado,qp1_0.momi_cotado,qp1_0.tipo_solicitacao,qp1_0.youcciecancelado,qp1_0.youcciecotado,qp1_0.youcciee_aprovado from quadro_planejamento qp1_0 where qp1_0.colecao=? order by qp1_0.tipo_solicitacao
Hibernate: select qp1_0.id,qp1_0.anime_aprovado,qp1_0.anime_cancelado,qp1_0.anime_cotado,qp1_0.authoria_aprovado,qp1_0.authoria_cancelado,qp1_0.authoria_cotado,qp1_0.bimbi_aprovado,qp1_0.bimbi_cancelado,qp1_0.bimbi_cotado,qp1_0.colecao,qp1_0.momi_aprovado,qp1_0.momi_cancelado,qp1_0.momi_cotado,qp1_0.tipo_solicitacao,qp1_0.youcciecancelado,qp1_0.youcciecotado,qp1_0.youcciee_aprovado from quadro_planejamento qp1_0 where qp1_0.colecao=? order by qp1_0.tipo_solicitacao
Hibernate: select ft1_0.id,ft1_0.categoria_produto,ft1_0.codigo,ft1_0.codigo_siscomex,ft1_0.colecao,ft1_0.composicao,ft1_0.contrato_cambio_adiant,ft1_0.contrato_cambio_pgto_final,ft1_0.cor,ft1_0.data_amostra_cor,ft1_0.data_amostra_producao,ft1_0.data_aprovacao_amostra_cor,ft1_0.data_aprovacao_amostra_producao,ft1_0.data_chegada_destino,ft1_0.data_colocacao_pedido,ft1_0.data_saida_origem,ft1_0.descricao,ft1_0.descricao_produto,ft1_0.duimp_di,ft1_0.estagio,ft1_0.fornecedor,ft1_0.foto_path,ft1_0.gramatura,ft1_0.largura,ft1_0.marca,ft1_0.marca_que_comprou,ft1_0.marca_que_utiliza,ft1_0.minimo,ft1_0.minimo_compra,ft1_0.ncm,ft1_0.nome_navio,ft1_0.numero_pedido,ft1_0.observacao_amostra_cor,ft1_0.observacao_amostra_producao,ft1_0.preco_reais,ft1_0.preco_usd,ft1_0.qti_pct,ft1_0.quantidade_comprada,ft1_0.ref_fornecedor,ft1_0.ref_texcotton,ft1_0.referencia,ft1_0.rendimento,ft1_0.status_amostra_cor,ft1_0.status_amostra_producao,ft1_0.status_colecao,ft1_0.status_pedido,ft1_0.tipo,ft1_0.tipo_solicitacao,ft1_0.unidade_medida from ficha_tecnica ft1_0
Hibernate: select c1_0.id,c1_0.nome from colecao c1_0
Hibernate: select ft1_0.id,ft1_0.categoria_produto,ft1_0.codigo,ft1_0.codigo_siscomex,ft1_0.colecao,ft1_0.composicao,ft1_0.contrato_cambio_adiant,ft1_0.contrato_cambio_pgto_final,ft1_0.cor,ft1_0.data_amostra_cor,ft1_0.data_amostra_producao,ft1_0.data_aprovacao_amostra_cor,ft1_0.data_aprovacao_amostra_producao,ft1_0.data_chegada_destino,ft1_0.data_colocacao_pedido,ft1_0.data_saida_origem,ft1_0.descricao,ft1_0.descricao_produto,ft1_0.duimp_di,ft1_0.estagio,ft1_0.fornecedor,ft1_0.foto_path,ft1_0.gramatura,ft1_0.largura,ft1_0.marca,ft1_0.marca_que_comprou,ft1_0.marca_que_utiliza,ft1_0.minimo,ft1_0.minimo_compra,ft1_0.ncm,ft1_0.nome_navio,ft1_0.numero_pedido,ft1_0.observacao_amostra_cor,ft1_0.observacao_amostra_producao,ft1_0.preco_reais,ft1_0.preco_usd,ft1_0.qti_pct,ft1_0.quantidade_comprada,ft1_0.ref_fornecedor,ft1_0.ref_texcotton,ft1_0.referencia,ft1_0.rendimento,ft1_0.status_amostra_cor,ft1_0.status_amostra_producao,ft1_0.status_colecao,ft1_0.status_pedido,ft1_0.tipo,ft1_0.tipo_solicitacao,ft1_0.unidade_medida from ficha_tecnica ft1_0 where ft1_0.marca is not null and ft1_0.data_colocacao_pedido is not null and ft1_0.data_aprovacao_amostra_producao is not null
Hibernate: select m1_0.id,m1_0.nome from marca m1_0
Hibernate: select i1_0.id,i1_0.nome from insumo i1_0
Hibernate: select c1_0.id,c1_0.nome from colecao c1_0
Hibernate: select i1_0.id,i1_0.nome from insumo i1_0
Hibernate: select qp1_0.id,qp1_0.anime_aprovado,qp1_0.anime_cancelado,qp1_0.anime_cotado,qp1_0.authoria_aprovado,qp1_0.authoria_cancelado,qp1_0.authoria_cotado,qp1_0.bimbi_aprovado,qp1_0.bimbi_cancelado,qp1_0.bimbi_cotado,qp1_0.colecao,qp1_0.momi_aprovado,qp1_0.momi_cancelado,qp1_0.momi_cotado,qp1_0.tipo_solicitacao,qp1_0.youcciecancelado,qp1_0.youcciecotado,qp1_0.youcciee_aprovado from quadro_planejamento qp1_0 where qp1_0.colecao=? order by qp1_0.tipo_solicitacao
Hibernate: select qp1_0.id,qp1_0.anime_aprovado,qp1_0.anime_cancelado,qp1_0.anime_cotado,qp1_0.authoria_aprovado,qp1_0.authoria_cancelado,qp1_0.authoria_cotado,qp1_0.bimbi_aprovado,qp1_0.bimbi_cancelado,qp1_0.bimbi_cotado,qp1_0.colecao,qp1_0.momi_aprovado,qp1_0.momi_cancelado,qp1_0.momi_cotado,qp1_0.tipo_solicitacao,qp1_0.youcciecancelado,qp1_0.youcciecotado,qp1_0.youcciee_aprovado from quadro_planejamento qp1_0 where qp1_0.colecao=? order by qp1_0.tipo_solicitacao
Hibernate: select ft1_0.id,ft1_0.categoria_produto,ft1_0.codigo,ft1_0.codigo_siscomex,ft1_0.colecao,ft1_0.composicao,ft1_0.contrato_cambio_adiant,ft1_0.contrato_cambio_pgto_final,ft1_0.cor,ft1_0.data_amostra_cor,ft1_0.data_amostra_producao,ft1_0.data_aprovacao_amostra_cor,ft1_0.data_aprovacao_amostra_producao,ft1_0.data_chegada_destino,ft1_0.data_colocacao_pedido,ft1_0.data_saida_origem,ft1_0.descricao,ft1_0.descricao_produto,ft1_0.duimp_di,ft1_0.estagio,ft1_0.fornecedor,ft1_0.foto_path,ft1_0.gramatura,ft1_0.largura,ft1_0.marca,ft1_0.marca_que_comprou,ft1_0.marca_que_utiliza,ft1_0.minimo,ft1_0.minimo_compra,ft1_0.ncm,ft1_0.nome_navio,ft1_0.numero_pedido,ft1_0.observacao_amostra_cor,ft1_0.observacao_amostra_producao,ft1_0.preco_reais,ft1_0.preco_usd,ft1_0.qti_pct,ft1_0.quantidade_comprada,ft1_0.ref_fornecedor,ft1_0.ref_texcotton,ft1_0.referencia,ft1_0.rendimento,ft1_0.status_amostra_cor,ft1_0.status_amostra_producao,ft1_0.status_colecao,ft1_0.status_pedido,ft1_0.tipo,ft1_0.tipo_solicitacao,ft1_0.unidade_medida from ficha_tecnica ft1_0
Hibernate: select c1_0.id,c1_0.nome from colecao c1_0
Hibernate: select ft1_0.id,ft1_0.categoria_produto,ft1_0.codigo,ft1_0.codigo_siscomex,ft1_0.colecao,ft1_0.composicao,ft1_0.contrato_cambio_adiant,ft1_0.contrato_cambio_pgto_final,ft1_0.cor,ft1_0.data_amostra_cor,ft1_0.data_amostra_producao,ft1_0.data_aprovacao_amostra_cor,ft1_0.data_aprovacao_amostra_producao,ft1_0.data_chegada_destino,ft1_0.data_colocacao_pedido,ft1_0.data_saida_origem,ft1_0.descricao,ft1_0.descricao_produto,ft1_0.duimp_di,ft1_0.estagio,ft1_0.fornecedor,ft1_0.foto_path,ft1_0.gramatura,ft1_0.largura,ft1_0.marca,ft1_0.marca_que_comprou,ft1_0.marca_que_utiliza,ft1_0.minimo,ft1_0.minimo_compra,ft1_0.ncm,ft1_0.nome_navio,ft1_0.numero_pedido,ft1_0.observacao_amostra_cor,ft1_0.observacao_amostra_producao,ft1_0.preco_reais,ft1_0.preco_usd,ft1_0.qti_pct,ft1_0.quantidade_comprada,ft1_0.ref_fornecedor,ft1_0.ref_texcotton,ft1_0.referencia,ft1_0.rendimento,ft1_0.status_amostra_cor,ft1_0.status_amostra_producao,ft1_0.status_colecao,ft1_0.status_pedido,ft1_0.tipo,ft1_0.tipo_solicitacao,ft1_0.unidade_medida from ficha_tecnica ft1_0 where ft1_0.marca is not null and ft1_0.data_colocacao_pedido is not null and ft1_0.data_aprovacao_amostra_producao is not null
Hibernate: select m1_0.id,m1_0.nome from marca m1_0
Hibernate: select i1_0.id,i1_0.nome from insumo i1_0
Hibernate: select c1_0.id,c1_0.nome from colecao c1_0
Hibernate: select i1_0.id,i1_0.nome from insumo i1_0
Hibernate: select qp1_0.id,qp1_0.anime_aprovado,qp1_0.anime_cancelado,qp1_0.anime_cotado,qp1_0.authoria_aprovado,qp1_0.authoria_cancelado,qp1_0.authoria_cotado,qp1_0.bimbi_aprovado,qp1_0.bimbi_cancelado,qp1_0.bimbi_cotado,qp1_0.colecao,qp1_0.momi_aprovado,qp1_0.momi_cancelado,qp1_0.momi_cotado,qp1_0.tipo_solicitacao,qp1_0.youcciecancelado,qp1_0.youcciecotado,qp1_0.youcciee_aprovado from quadro_planejamento qp1_0 where qp1_0.colecao=? order by qp1_0.tipo_solicitacao
Hibernate: select qp1_0.id,qp1_0.anime_aprovado,qp1_0.anime_cancelado,qp1_0.anime_cotado,qp1_0.authoria_aprovado,qp1_0.authoria_cancelado,qp1_0.authoria_cotado,qp1_0.bimbi_aprovado,qp1_0.bimbi_cancelado,qp1_0.bimbi_cotado,qp1_0.colecao,qp1_0.momi_aprovado,qp1_0.momi_cancelado,qp1_0.momi_cotado,qp1_0.tipo_solicitacao,qp1_0.youcciecancelado,qp1_0.youcciecotado,qp1_0.youcciee_aprovado from quadro_planejamento qp1_0 where qp1_0.colecao=? order by qp1_0.tipo_solicitacao
Hibernate: select ft1_0.id,ft1_0.categoria_produto,ft1_0.codigo,ft1_0.codigo_siscomex,ft1_0.colecao,ft1_0.composicao,ft1_0.contrato_cambio_adiant,ft1_0.contrato_cambio_pgto_final,ft1_0.cor,ft1_0.data_amostra_cor,ft1_0.data_amostra_producao,ft1_0.data_aprovacao_amostra_cor,ft1_0.data_aprovacao_amostra_producao,ft1_0.data_chegada_destino,ft1_0.data_colocacao_pedido,ft1_0.data_saida_origem,ft1_0.descricao,ft1_0.descricao_produto,ft1_0.duimp_di,ft1_0.estagio,ft1_0.fornecedor,ft1_0.foto_path,ft1_0.gramatura,ft1_0.largura,ft1_0.marca,ft1_0.marca_que_comprou,ft1_0.marca_que_utiliza,ft1_0.minimo,ft1_0.minimo_compra,ft1_0.ncm,ft1_0.nome_navio,ft1_0.numero_pedido,ft1_0.observacao_amostra_cor,ft1_0.observacao_amostra_producao,ft1_0.preco_reais,ft1_0.preco_usd,ft1_0.qti_pct,ft1_0.quantidade_comprada,ft1_0.ref_fornecedor,ft1_0.ref_texcotton,ft1_0.referencia,ft1_0.rendimento,ft1_0.status_amostra_cor,ft1_0.status_amostra_producao,ft1_0.status_colecao,ft1_0.status_pedido,ft1_0.tipo,ft1_0.tipo_solicitacao,ft1_0.unidade_medida from ficha_tecnica ft1_0
Hibernate: select c1_0.id,c1_0.nome from colecao c1_0
Hibernate: select ft1_0.id,ft1_0.categoria_produto,ft1_0.codigo,ft1_0.codigo_siscomex,ft1_0.colecao,ft1_0.composicao,ft1_0.contrato_cambio_adiant,ft1_0.contrato_cambio_pgto_final,ft1_0.cor,ft1_0.data_amostra_cor,ft1_0.data_amostra_producao,ft1_0.data_aprovacao_amostra_cor,ft1_0.data_aprovacao_amostra_producao,ft1_0.data_chegada_destino,ft1_0.data_colocacao_pedido,ft1_0.data_saida_origem,ft1_0.descricao,ft1_0.descricao_produto,ft1_0.duimp_di,ft1_0.estagio,ft1_0.fornecedor,ft1_0.foto_path,ft1_0.gramatura,ft1_0.largura,ft1_0.marca,ft1_0.marca_que_comprou,ft1_0.marca_que_utiliza,ft1_0.minimo,ft1_0.minimo_compra,ft1_0.ncm,ft1_0.nome_navio,ft1_0.numero_pedido,ft1_0.observacao_amostra_cor,ft1_0.observacao_amostra_producao,ft1_0.preco_reais,ft1_0.preco_usd,ft1_0.qti_pct,ft1_0.quantidade_comprada,ft1_0.ref_fornecedor,ft1_0.ref_texcotton,ft1_0.referencia,ft1_0.rendimento,ft1_0.status_amostra_cor,ft1_0.status_amostra_producao,ft1_0.status_colecao,ft1_0.status_pedido,ft1_0.tipo,ft1_0.tipo_solicitacao,ft1_0.unidade_medida from ficha_tecnica ft1_0 where ft1_0.marca is not null and ft1_0.data_colocacao_pedido is not null and ft1_0.data_aprovacao_amostra_producao is not null
Hibernate: select m1_0.id,m1_0.nome from marca m1_0
Hibernate: select i1_0.id,i1_0.nome from insumo i1_0
Hibernate: select c1_0.id,c1_0.nome from colecao c1_0
Hibernate: select i1_0.id,i1_0.nome from insumo i1_0
Hibernate: select qp1_0.id,qp1_0.anime_aprovado,qp1_0.anime_cancelado,qp1_0.anime_cotado,qp1_0.authoria_aprovado,qp1_0.authoria_cancelado,qp1_0.authoria_cotado,qp1_0.bimbi_aprovado,qp1_0.bimbi_cancelado,qp1_0.bimbi_cotado,qp1_0.colecao,qp1_0.momi_aprovado,qp1_0.momi_cancelado,qp1_0.momi_cotado,qp1_0.tipo_solicitacao,qp1_0.youcciecancelado,qp1_0.youcciecotado,qp1_0.youcciee_aprovado from quadro_planejamento qp1_0 where qp1_0.colecao=? order by qp1_0.tipo_solicitacao
Hibernate: select qp1_0.id,qp1_0.anime_aprovado,qp1_0.anime_cancelado,qp1_0.anime_cotado,qp1_0.authoria_aprovado,qp1_0.authoria_cancelado,qp1_0.authoria_cotado,qp1_0.bimbi_aprovado,qp1_0.bimbi_cancelado,qp1_0.bimbi_cotado,qp1_0.colecao,qp1_0.momi_aprovado,qp1_0.momi_cancelado,qp1_0.momi_cotado,qp1_0.tipo_solicitacao,qp1_0.youcciecancelado,qp1_0.youcciecotado,qp1_0.youcciee_aprovado from quadro_planejamento qp1_0 where qp1_0.colecao=? order by qp1_0.tipo_solicitacao
Hibernate: select ft1_0.id,ft1_0.categoria_produto,ft1_0.codigo,ft1_0.codigo_siscomex,ft1_0.colecao,ft1_0.composicao,ft1_0.contrato_cambio_adiant,ft1_0.contrato_cambio_pgto_final,ft1_0.cor,ft1_0.data_amostra_cor,ft1_0.data_amostra_producao,ft1_0.data_aprovacao_amostra_cor,ft1_0.data_aprovacao_amostra_producao,ft1_0.data_chegada_destino,ft1_0.data_colocacao_pedido,ft1_0.data_saida_origem,ft1_0.descricao,ft1_0.descricao_produto,ft1_0.duimp_di,ft1_0.estagio,ft1_0.fornecedor,ft1_0.foto_path,ft1_0.gramatura,ft1_0.largura,ft1_0.marca,ft1_0.marca_que_comprou,ft1_0.marca_que_utiliza,ft1_0.minimo,ft1_0.minimo_compra,ft1_0.ncm,ft1_0.nome_navio,ft1_0.numero_pedido,ft1_0.observacao_amostra_cor,ft1_0.observacao_amostra_producao,ft1_0.preco_reais,ft1_0.preco_usd,ft1_0.qti_pct,ft1_0.quantidade_comprada,ft1_0.ref_fornecedor,ft1_0.ref_texcotton,ft1_0.referencia,ft1_0.rendimento,ft1_0.status_amostra_cor,ft1_0.status_amostra_producao,ft1_0.status_colecao,ft1_0.status_pedido,ft1_0.tipo,ft1_0.tipo_solicitacao,ft1_0.unidade_medida from ficha_tecnica ft1_0
Hibernate: select c1_0.id,c1_0.nome from colecao c1_0
Hibernate: select ft1_0.id,ft1_0.categoria_produto,ft1_0.codigo,ft1_0.codigo_siscomex,ft1_0.colecao,ft1_0.composicao,ft1_0.contrato_cambio_adiant,ft1_0.contrato_cambio_pgto_final,ft1_0.cor,ft1_0.data_amostra_cor,ft1_0.data_amostra_producao,ft1_0.data_aprovacao_amostra_cor,ft1_0.data_aprovacao_amostra_producao,ft1_0.data_chegada_destino,ft1_0.data_colocacao_pedido,ft1_0.data_saida_origem,ft1_0.descricao,ft1_0.descricao_produto,ft1_0.duimp_di,ft1_0.estagio,ft1_0.fornecedor,ft1_0.foto_path,ft1_0.gramatura,ft1_0.largura,ft1_0.marca,ft1_0.marca_que_comprou,ft1_0.marca_que_utiliza,ft1_0.minimo,ft1_0.minimo_compra,ft1_0.ncm,ft1_0.nome_navio,ft1_0.numero_pedido,ft1_0.observacao_amostra_cor,ft1_0.observacao_amostra_producao,ft1_0.preco_reais,ft1_0.preco_usd,ft1_0.qti_pct,ft1_0.quantidade_comprada,ft1_0.ref_fornecedor,ft1_0.ref_texcotton,ft1_0.referencia,ft1_0.rendimento,ft1_0.status_amostra_cor,ft1_0.status_amostra_producao,ft1_0.status_colecao,ft1_0.status_pedido,ft1_0.tipo,ft1_0.tipo_solicitacao,ft1_0.unidade_medida from ficha_tecnica ft1_0 where ft1_0.marca is not null and ft1_0.data_colocacao_pedido is not null and ft1_0.data_aprovacao_amostra_producao is not null
Hibernate: select m1_0.id,m1_0.nome from marca m1_0
